date,asset_1,asset_2,correlation
2021-12-31,HDFCBANK.NS,ICICIBANK.NS,0.3336183396205207
2022-01-03,HDFCBANK.NS,ICICIBANK.NS,0.38865363953720117
2022-01-04,HDFCBANK.NS,ICICIBANK.NS,0.3955046398866315
2022-01-05,HDFCBANK.NS,ICICIBANK.NS,0.40921640612358834
2022-01-06,HDFCBANK.NS,ICICIBANK.NS,0.40346847779788625
2022-01-07,HDFCBANK.NS,ICICIBANK.NS,0.4056607690527535
2022-01-10,HDFCBANK.NS,ICICIBANK.NS,0.41098677444579274
2022-01-11,HDFCBANK.NS,ICICIBANK.NS,0.38838866056803956
2022-01-12,HDFCBANK.NS,ICICIBANK.NS,0.4023389015329373
2022-01-13,HDFCBANK.NS,ICICIBANK.NS,0.39913199947508393
2022-01-14,HDFCBANK.NS,ICICIBANK.NS,0.38761277660469373
2022-01-17,HDFCBANK.NS,ICICIBANK.NS,0.38462678739330014
2022-01-18,HDFCBANK.NS,ICICIBANK.NS,0.3844788549508859
2022-01-19,HDFCBANK.NS,ICICIBANK.NS,0.6786995208496069
2022-01-20,HDFCBANK.NS,ICICIBANK.NS,0.6804918222888083
2022-01-21,HDFCBANK.NS,ICICIBANK.NS,0.6748400336574195
2022-01-24,HDFCBANK.NS,ICICIBANK.NS,0.6301152225613061
2022-01-25,HDFCBANK.NS,ICICIBANK.NS,0.634621330286558
2022-01-27,HDFCBANK.NS,ICICIBANK.NS,0.642674550219348
2022-01-28,HDFCBANK.NS,ICICIBANK.NS,0.6456370815691788
2022-01-31,HDFCBANK.NS,ICICIBANK.NS,0.6392574376634448
2022-02-01,HDFCBANK.NS,ICICIBANK.NS,0.6482554884847331
2022-02-02,HDFCBANK.NS,ICICIBANK.NS,0.6380075210397741
2022-02-03,HDFCBANK.NS,ICICIBANK.NS,0.6649936670755592
2022-02-04,HDFCBANK.NS,ICICIBANK.NS,0.6569890174033167
2022-02-07,HDFCBANK.NS,ICICIBANK.NS,0.6773136029142829
2022-02-08,HDFCBANK.NS,ICICIBANK.NS,0.6723435711726694
2022-02-09,HDFCBANK.NS,ICICIBANK.NS,0.6781821529251275
2022-02-10,HDFCBANK.NS,ICICIBANK.NS,0.6703878868233405
2022-02-11,HDFCBANK.NS,ICICIBANK.NS,0.666248946118414
2022-02-14,HDFCBANK.NS,ICICIBANK.NS,0.6972175503237998
2022-02-15,HDFCBANK.NS,ICICIBANK.NS,0.7119863987469716
2022-02-16,HDFCBANK.NS,ICICIBANK.NS,0.7075789844467527
2022-02-17,HDFCBANK.NS,ICICIBANK.NS,0.7085970407256638
2022-02-18,HDFCBANK.NS,ICICIBANK.NS,0.7163662383992611
2022-02-21,HDFCBANK.NS,ICICIBANK.NS,0.7006609368325705
2022-02-22,HDFCBANK.NS,ICICIBANK.NS,0.7074050175323362
2022-02-23,HDFCBANK.NS,ICICIBANK.NS,0.707964238666777
2022-02-24,HDFCBANK.NS,ICICIBANK.NS,0.7586300315038618
2022-02-25,HDFCBANK.NS,ICICIBANK.NS,0.7846827731785702
2022-02-28,HDFCBANK.NS,ICICIBANK.NS,0.7468020283369576
2022-03-02,HDFCBANK.NS,ICICIBANK.NS,0.7659316890315886
2022-03-03,HDFCBANK.NS,ICICIBANK.NS,0.7554294125311927
2022-03-04,HDFCBANK.NS,ICICIBANK.NS,0.7451690652798929
2022-03-07,HDFCBANK.NS,ICICIBANK.NS,0.7671082072969092
2022-03-08,HDFCBANK.NS,ICICIBANK.NS,0.7650644292577079
2022-03-09,HDFCBANK.NS,ICICIBANK.NS,0.7485847214683522
2022-03-10,HDFCBANK.NS,ICICIBANK.NS,0.7554817127546148
2022-03-11,HDFCBANK.NS,ICICIBANK.NS,0.7563410216550649
2022-03-14,HDFCBANK.NS,ICICIBANK.NS,0.7710583250877263
2022-03-15,HDFCBANK.NS,ICICIBANK.NS,0.762871544666296
2022-03-16,HDFCBANK.NS,ICICIBANK.NS,0.7574034696593349
2022-03-17,HDFCBANK.NS,ICICIBANK.NS,0.7596647813377392
2022-03-21,HDFCBANK.NS,ICICIBANK.NS,0.7579220357781021
2022-03-22,HDFCBANK.NS,ICICIBANK.NS,0.7577873210956337
2022-03-23,HDFCBANK.NS,ICICIBANK.NS,0.7550776034612912
2022-03-24,HDFCBANK.NS,ICICIBANK.NS,0.7594753487756369
2022-03-25,HDFCBANK.NS,ICICIBANK.NS,0.7608774440870957
2022-03-28,HDFCBANK.NS,ICICIBANK.NS,0.757515504907844
2022-03-29,HDFCBANK.NS,ICICIBANK.NS,0.758412371031317
2022-03-30,HDFCBANK.NS,ICICIBANK.NS,0.7624518042834358
2022-03-31,HDFCBANK.NS,ICICIBANK.NS,0.75141524762116
2022-04-01,HDFCBANK.NS,ICICIBANK.NS,0.748823518828038
2022-04-04,HDFCBANK.NS,ICICIBANK.NS,0.6595745839474256
2022-04-05,HDFCBANK.NS,ICICIBANK.NS,0.6570886378548499
2022-04-06,HDFCBANK.NS,ICICIBANK.NS,0.6414771913976127
2022-04-07,HDFCBANK.NS,ICICIBANK.NS,0.629150362788736
2022-04-08,HDFCBANK.NS,ICICIBANK.NS,0.6274943074336696
2022-04-11,HDFCBANK.NS,ICICIBANK.NS,0.6302157124066934
2022-04-12,HDFCBANK.NS,ICICIBANK.NS,0.6341877685054096
2022-04-13,HDFCBANK.NS,ICICIBANK.NS,0.6353069761692167
2022-04-18,HDFCBANK.NS,ICICIBANK.NS,0.6247788018739504
2022-04-19,HDFCBANK.NS,ICICIBANK.NS,0.591759704256979
2022-04-20,HDFCBANK.NS,ICICIBANK.NS,0.5836933332385087
2022-04-21,HDFCBANK.NS,ICICIBANK.NS,0.5871209525788611
2022-04-22,HDFCBANK.NS,ICICIBANK.NS,0.5930926277131604
2022-04-25,HDFCBANK.NS,ICICIBANK.NS,0.5932405647139892
2022-04-26,HDFCBANK.NS,ICICIBANK.NS,0.5934882412399622
2022-04-27,HDFCBANK.NS,ICICIBANK.NS,0.584331043337677
2022-04-28,HDFCBANK.NS,ICICIBANK.NS,0.580861703813268
2022-04-29,HDFCBANK.NS,ICICIBANK.NS,0.575094482986653
2022-05-02,HDFCBANK.NS,ICICIBANK.NS,0.5753795538339074
2022-05-04,HDFCBANK.NS,ICICIBANK.NS,0.5864595699714714
2022-05-05,HDFCBANK.NS,ICICIBANK.NS,0.5847958965667502
2022-05-06,HDFCBANK.NS,ICICIBANK.NS,0.5901332833125621
2022-05-09,HDFCBANK.NS,ICICIBANK.NS,0.5748975808552175
2022-05-10,HDFCBANK.NS,ICICIBANK.NS,0.5767126951519478
2022-05-11,HDFCBANK.NS,ICICIBANK.NS,0.5712907838966625
2022-05-12,HDFCBANK.NS,ICICIBANK.NS,0.5781759434966998
2022-05-13,HDFCBANK.NS,ICICIBANK.NS,0.5781077101916945
2022-05-16,HDFCBANK.NS,ICICIBANK.NS,0.567873529326245
2022-05-17,HDFCBANK.NS,ICICIBANK.NS,0.5386849289293605
2022-05-18,HDFCBANK.NS,ICICIBANK.NS,0.5417145229192977
2022-05-19,HDFCBANK.NS,ICICIBANK.NS,0.5498929295815369
2022-05-20,HDFCBANK.NS,ICICIBANK.NS,0.5641689228357928
2022-05-23,HDFCBANK.NS,ICICIBANK.NS,0.5606535287258433
2022-05-24,HDFCBANK.NS,ICICIBANK.NS,0.5569519339866399
2022-05-25,HDFCBANK.NS,ICICIBANK.NS,0.5578316462247335
2022-05-26,HDFCBANK.NS,ICICIBANK.NS,0.5204406556515044
2022-05-27,HDFCBANK.NS,ICICIBANK.NS,0.5113761170557298
2022-05-30,HDFCBANK.NS,ICICIBANK.NS,0.5360524264067763
2022-05-31,HDFCBANK.NS,ICICIBANK.NS,0.5036885905706597
2022-06-01,HDFCBANK.NS,ICICIBANK.NS,0.5101716669076242
2022-06-02,HDFCBANK.NS,ICICIBANK.NS,0.5128777913645126
2022-06-03,HDFCBANK.NS,ICICIBANK.NS,0.49002804575728887
2022-06-06,HDFCBANK.NS,ICICIBANK.NS,0.49378040204933166
2022-06-07,HDFCBANK.NS,ICICIBANK.NS,0.5035349538780117
2022-06-08,HDFCBANK.NS,ICICIBANK.NS,0.4945503593447088
2022-06-09,HDFCBANK.NS,ICICIBANK.NS,0.4951305902527269
2022-06-10,HDFCBANK.NS,ICICIBANK.NS,0.4799976342065044
2022-06-13,HDFCBANK.NS,ICICIBANK.NS,0.48286833313560534
2022-06-14,HDFCBANK.NS,ICICIBANK.NS,0.4759458975492521
2022-06-15,HDFCBANK.NS,ICICIBANK.NS,0.46342601489765867
2022-06-16,HDFCBANK.NS,ICICIBANK.NS,0.47722555710708486
2022-06-17,HDFCBANK.NS,ICICIBANK.NS,0.4779316268272482
2022-06-20,HDFCBANK.NS,ICICIBANK.NS,0.4715397746799261
2022-06-21,HDFCBANK.NS,ICICIBANK.NS,0.46293929635770004
2022-06-22,HDFCBANK.NS,ICICIBANK.NS,0.46088371246835563
2022-06-23,HDFCBANK.NS,ICICIBANK.NS,0.46187585280577936
2022-06-24,HDFCBANK.NS,ICICIBANK.NS,0.46597505643754106
2022-06-27,HDFCBANK.NS,ICICIBANK.NS,0.45606772124265915
2022-06-28,HDFCBANK.NS,ICICIBANK.NS,0.45749375565555916
2022-06-29,HDFCBANK.NS,ICICIBANK.NS,0.4505952587023566
2022-06-30,HDFCBANK.NS,ICICIBANK.NS,0.48151548933689703
2022-07-01,HDFCBANK.NS,ICICIBANK.NS,0.4793102384200677
2022-07-04,HDFCBANK.NS,ICICIBANK.NS,0.49488010205238187
2022-07-05,HDFCBANK.NS,ICICIBANK.NS,0.5196084356999072
2022-07-06,HDFCBANK.NS,ICICIBANK.NS,0.5256275920983754
2022-07-07,HDFCBANK.NS,ICICIBANK.NS,0.5499011508113142
2022-07-08,HDFCBANK.NS,ICICIBANK.NS,0.546317930130442
2022-07-11,HDFCBANK.NS,ICICIBANK.NS,0.552243221825105
2022-07-12,HDFCBANK.NS,ICICIBANK.NS,0.5874044657262875
2022-07-13,HDFCBANK.NS,ICICIBANK.NS,0.6664165748102808
2022-07-14,HDFCBANK.NS,ICICIBANK.NS,0.6830867060561848
2022-07-15,HDFCBANK.NS,ICICIBANK.NS,0.6779061355817212
2022-07-18,HDFCBANK.NS,ICICIBANK.NS,0.6242141298292156
2022-07-19,HDFCBANK.NS,ICICIBANK.NS,0.6210206038853364
2022-07-20,HDFCBANK.NS,ICICIBANK.NS,0.6187627008638534
2022-07-21,HDFCBANK.NS,ICICIBANK.NS,0.6302976303540532
2022-07-22,HDFCBANK.NS,ICICIBANK.NS,0.6448667619823187
2022-07-25,HDFCBANK.NS,ICICIBANK.NS,0.6530546212090443
2022-07-26,HDFCBANK.NS,ICICIBANK.NS,0.6641767532588216
2022-07-27,HDFCBANK.NS,ICICIBANK.NS,0.6460234733807895
2022-07-28,HDFCBANK.NS,ICICIBANK.NS,0.6510754976312934
2022-07-29,HDFCBANK.NS,ICICIBANK.NS,0.6440406893199841
2022-08-01,HDFCBANK.NS,ICICIBANK.NS,0.6495889698890118
2022-08-02,HDFCBANK.NS,ICICIBANK.NS,0.6619580982128503
2022-08-03,HDFCBANK.NS,ICICIBANK.NS,0.6616874089374788
2022-08-04,HDFCBANK.NS,ICICIBANK.NS,0.6388615048098455
2022-08-05,HDFCBANK.NS,ICICIBANK.NS,0.6146360129744972
2022-08-08,HDFCBANK.NS,ICICIBANK.NS,0.5969877620249685
2022-08-10,HDFCBANK.NS,ICICIBANK.NS,0.6127316125906257
2022-08-11,HDFCBANK.NS,ICICIBANK.NS,0.6168524262115811
2022-08-12,HDFCBANK.NS,ICICIBANK.NS,0.5806293311906853
2022-08-16,HDFCBANK.NS,ICICIBANK.NS,0.5510685692155838
2022-08-17,HDFCBANK.NS,ICICIBANK.NS,0.556658414617931
2022-08-18,HDFCBANK.NS,ICICIBANK.NS,0.5703562534588011
2022-08-19,HDFCBANK.NS,ICICIBANK.NS,0.5839054805311443
2022-08-22,HDFCBANK.NS,ICICIBANK.NS,0.5847799245032154
2022-08-23,HDFCBANK.NS,ICICIBANK.NS,0.5659677161572558
2022-08-24,HDFCBANK.NS,ICICIBANK.NS,0.5646063494987309
2022-08-25,HDFCBANK.NS,ICICIBANK.NS,0.5736091849947064
2022-08-26,HDFCBANK.NS,ICICIBANK.NS,0.5753389582785146
2022-08-29,HDFCBANK.NS,ICICIBANK.NS,0.5909771599437971
2022-08-30,HDFCBANK.NS,ICICIBANK.NS,0.6349585377100964
2022-09-01,HDFCBANK.NS,ICICIBANK.NS,0.641713797014236
2022-09-02,HDFCBANK.NS,ICICIBANK.NS,0.6257064502887381
2022-09-05,HDFCBANK.NS,ICICIBANK.NS,0.632928338317981
2022-09-06,HDFCBANK.NS,ICICIBANK.NS,0.6336109316432694
2022-09-07,HDFCBANK.NS,ICICIBANK.NS,0.6192912846191978
2022-09-08,HDFCBANK.NS,ICICIBANK.NS,0.5982725783221751
2022-09-09,HDFCBANK.NS,ICICIBANK.NS,0.5944145583228756
2022-09-12,HDFCBANK.NS,ICICIBANK.NS,0.5916448927403143
2022-09-13,HDFCBANK.NS,ICICIBANK.NS,0.5651733760476219
2022-09-14,HDFCBANK.NS,ICICIBANK.NS,0.5648140313019059
2022-09-15,HDFCBANK.NS,ICICIBANK.NS,0.6100547675507646
2022-09-16,HDFCBANK.NS,ICICIBANK.NS,0.6168537395528426
2022-09-19,HDFCBANK.NS,ICICIBANK.NS,0.5956887741227327
2022-09-20,HDFCBANK.NS,ICICIBANK.NS,0.6065912337255557
2022-09-21,HDFCBANK.NS,ICICIBANK.NS,0.597898381163705
2022-09-22,HDFCBANK.NS,ICICIBANK.NS,0.6151087329791582
2022-09-23,HDFCBANK.NS,ICICIBANK.NS,0.6438902520003147
2022-09-26,HDFCBANK.NS,ICICIBANK.NS,0.658577542172447
2022-09-27,HDFCBANK.NS,ICICIBANK.NS,0.6631889678429269
2022-09-28,HDFCBANK.NS,ICICIBANK.NS,0.6678060637120707
2022-09-29,HDFCBANK.NS,ICICIBANK.NS,0.6805487074400141
2022-09-30,HDFCBANK.NS,ICICIBANK.NS,0.692834482198406
2022-10-03,HDFCBANK.NS,ICICIBANK.NS,0.6916207158033524
2022-10-04,HDFCBANK.NS,ICICIBANK.NS,0.6953547646974703
2022-10-06,HDFCBANK.NS,ICICIBANK.NS,0.6674062837425756
2022-10-07,HDFCBANK.NS,ICICIBANK.NS,0.6679318408524824
2022-10-10,HDFCBANK.NS,ICICIBANK.NS,0.6622009873184187
2022-10-11,HDFCBANK.NS,ICICIBANK.NS,0.6643766150981595
2022-10-12,HDFCBANK.NS,ICICIBANK.NS,0.6586362963323568
2022-10-13,HDFCBANK.NS,ICICIBANK.NS,0.6710293038151821
2022-10-14,HDFCBANK.NS,ICICIBANK.NS,0.7338284022943069
2022-10-17,HDFCBANK.NS,ICICIBANK.NS,0.7348545928030454
2022-10-18,HDFCBANK.NS,ICICIBANK.NS,0.7312703418585333
2022-10-19,HDFCBANK.NS,ICICIBANK.NS,0.7206770203690929
2022-10-20,HDFCBANK.NS,ICICIBANK.NS,0.713961224264181
2022-10-21,HDFCBANK.NS,ICICIBANK.NS,0.6865746844238462
2022-10-24,HDFCBANK.NS,ICICIBANK.NS,0.6948084886770665
2022-10-25,HDFCBANK.NS,ICICIBANK.NS,0.6953335309610391
2022-10-27,HDFCBANK.NS,ICICIBANK.NS,0.691922597244666
2022-10-28,HDFCBANK.NS,ICICIBANK.NS,0.6765018376167844
2022-10-31,HDFCBANK.NS,ICICIBANK.NS,0.6520293563937634
2022-11-01,HDFCBANK.NS,ICICIBANK.NS,0.6436948277251933
2022-11-02,HDFCBANK.NS,ICICIBANK.NS,0.6433612681029246
2022-11-03,HDFCBANK.NS,ICICIBANK.NS,0.6412079825322767
2022-11-04,HDFCBANK.NS,ICICIBANK.NS,0.6632395908014899
2022-11-07,HDFCBANK.NS,ICICIBANK.NS,0.677681602927212
2022-11-09,HDFCBANK.NS,ICICIBANK.NS,0.6781821736618702
2022-11-10,HDFCBANK.NS,ICICIBANK.NS,0.6688452583259016
2022-11-11,HDFCBANK.NS,ICICIBANK.NS,0.5646884817722606
2022-11-14,HDFCBANK.NS,ICICIBANK.NS,0.5573068306981406
2022-11-15,HDFCBANK.NS,ICICIBANK.NS,0.5499736236146782
2022-11-16,HDFCBANK.NS,ICICIBANK.NS,0.5497547382495547
2022-11-17,HDFCBANK.NS,ICICIBANK.NS,0.532394592346286
2022-11-18,HDFCBANK.NS,ICICIBANK.NS,0.518059207022652
2022-11-21,HDFCBANK.NS,ICICIBANK.NS,0.5248575643478545
2022-11-22,HDFCBANK.NS,ICICIBANK.NS,0.5240876261160395
2022-11-23,HDFCBANK.NS,ICICIBANK.NS,0.5239149986978274
2022-11-24,HDFCBANK.NS,ICICIBANK.NS,0.5304846813629941
2022-11-25,HDFCBANK.NS,ICICIBANK.NS,0.5174104659647786
2022-11-28,HDFCBANK.NS,ICICIBANK.NS,0.45399246754111366
2022-11-29,HDFCBANK.NS,ICICIBANK.NS,0.440851708707937
2022-11-30,HDFCBANK.NS,ICICIBANK.NS,0.44668133104272023
2022-12-01,HDFCBANK.NS,ICICIBANK.NS,0.430450885000171
2022-12-02,HDFCBANK.NS,ICICIBANK.NS,0.4366510639933072
2022-12-05,HDFCBANK.NS,ICICIBANK.NS,0.434038018996464
2022-12-06,HDFCBANK.NS,ICICIBANK.NS,0.4278839888025634
2022-12-07,HDFCBANK.NS,ICICIBANK.NS,0.42827316261589266
2022-12-08,HDFCBANK.NS,ICICIBANK.NS,0.43411639576285577
2022-12-09,HDFCBANK.NS,ICICIBANK.NS,0.43136733915675307
2022-12-12,HDFCBANK.NS,ICICIBANK.NS,0.42608131381599046
2022-12-13,HDFCBANK.NS,ICICIBANK.NS,0.42649492681443757
2022-12-14,HDFCBANK.NS,ICICIBANK.NS,0.40254447269406496
2022-12-15,HDFCBANK.NS,ICICIBANK.NS,0.42926123889197904
2022-12-16,HDFCBANK.NS,ICICIBANK.NS,0.415123174076391
2022-12-19,HDFCBANK.NS,ICICIBANK.NS,0.4150807515689074
2022-12-20,HDFCBANK.NS,ICICIBANK.NS,0.392170401573312
2022-12-21,HDFCBANK.NS,ICICIBANK.NS,0.3582595381172309
2022-12-22,HDFCBANK.NS,ICICIBANK.NS,0.3327169986990021
2022-12-23,HDFCBANK.NS,ICICIBANK.NS,0.3351996122765933
2022-12-26,HDFCBANK.NS,ICICIBANK.NS,0.3536177944279268
2022-12-27,HDFCBANK.NS,ICICIBANK.NS,0.3460583307731025
2022-12-28,HDFCBANK.NS,ICICIBANK.NS,0.3033852130050132
2022-12-29,HDFCBANK.NS,ICICIBANK.NS,0.2962671779804855
2022-12-30,HDFCBANK.NS,ICICIBANK.NS,0.2592900269479025
2023-01-02,HDFCBANK.NS,ICICIBANK.NS,0.3001941367816209
2023-01-03,HDFCBANK.NS,ICICIBANK.NS,0.2966170579666642
2023-01-04,HDFCBANK.NS,ICICIBANK.NS,0.2979824225350535
2023-01-05,HDFCBANK.NS,ICICIBANK.NS,0.2964147575166781
2023-01-06,HDFCBANK.NS,ICICIBANK.NS,0.3032105351806782
2023-01-09,HDFCBANK.NS,ICICIBANK.NS,0.2807361152513865
2023-01-10,HDFCBANK.NS,ICICIBANK.NS,0.24958582586768316
2023-01-11,HDFCBANK.NS,ICICIBANK.NS,0.25433156104562554
2023-01-12,HDFCBANK.NS,ICICIBANK.NS,0.2615081010662765
2023-01-13,HDFCBANK.NS,ICICIBANK.NS,0.26223071948903276
2023-01-16,HDFCBANK.NS,ICICIBANK.NS,0.2701615195439809
2023-01-17,HDFCBANK.NS,ICICIBANK.NS,0.3077885341637869
2023-01-18,HDFCBANK.NS,ICICIBANK.NS,0.2872514601262506
2023-01-19,HDFCBANK.NS,ICICIBANK.NS,0.28708222215217133
2023-01-20,HDFCBANK.NS,ICICIBANK.NS,0.29221750748790176
2023-01-23,HDFCBANK.NS,ICICIBANK.NS,0.30348455342080793
2023-01-24,HDFCBANK.NS,ICICIBANK.NS,0.30548506256236047
2023-01-25,HDFCBANK.NS,ICICIBANK.NS,0.3567952959133114
2023-01-27,HDFCBANK.NS,ICICIBANK.NS,0.4150150282701587
2023-01-30,HDFCBANK.NS,ICICIBANK.NS,0.41578556606534595
2023-01-31,HDFCBANK.NS,ICICIBANK.NS,0.3985747993826774
2023-02-01,HDFCBANK.NS,ICICIBANK.NS,0.4126496115871743
2023-02-02,HDFCBANK.NS,ICICIBANK.NS,0.3777488997151821
2023-02-03,HDFCBANK.NS,ICICIBANK.NS,0.3847764843066854
2023-02-06,HDFCBANK.NS,ICICIBANK.NS,0.49358331194714006
2023-02-07,HDFCBANK.NS,ICICIBANK.NS,0.5013487330180408
2023-02-08,HDFCBANK.NS,ICICIBANK.NS,0.5058681092187216
2023-02-09,HDFCBANK.NS,ICICIBANK.NS,0.5037186885156447
2023-02-10,HDFCBANK.NS,ICICIBANK.NS,0.5136037859390482
2023-02-13,HDFCBANK.NS,ICICIBANK.NS,0.5145456980961678
2023-02-14,HDFCBANK.NS,ICICIBANK.NS,0.5301699593630049
2023-02-15,HDFCBANK.NS,ICICIBANK.NS,0.5268653023128426
2023-02-16,HDFCBANK.NS,ICICIBANK.NS,0.5261844805703156
2023-02-17,HDFCBANK.NS,ICICIBANK.NS,0.5149097509075108
2023-02-20,HDFCBANK.NS,ICICIBANK.NS,0.5196521792724116
2023-02-21,HDFCBANK.NS,ICICIBANK.NS,0.5425683632116288
2023-02-22,HDFCBANK.NS,ICICIBANK.NS,0.5690430515672757
2023-02-23,HDFCBANK.NS,ICICIBANK.NS,0.56124999118088
2023-02-24,HDFCBANK.NS,ICICIBANK.NS,0.5734941561616442
2023-02-27,HDFCBANK.NS,ICICIBANK.NS,0.560322971079634
2023-02-28,HDFCBANK.NS,ICICIBANK.NS,0.5583144301347162
2023-03-01,HDFCBANK.NS,ICICIBANK.NS,0.5600621042690389
2023-03-02,HDFCBANK.NS,ICICIBANK.NS,0.5589145540331367
2023-03-03,HDFCBANK.NS,ICICIBANK.NS,0.5767695421361428
2023-03-06,HDFCBANK.NS,ICICIBANK.NS,0.5779807857133838
2023-03-08,HDFCBANK.NS,ICICIBANK.NS,0.5790651330863011
2023-03-09,HDFCBANK.NS,ICICIBANK.NS,0.5675197953091725
2023-03-10,HDFCBANK.NS,ICICIBANK.NS,0.5995591042389714
2023-03-13,HDFCBANK.NS,ICICIBANK.NS,0.5986072520784321
2023-03-14,HDFCBANK.NS,ICICIBANK.NS,0.6036158059550872
2023-03-15,HDFCBANK.NS,ICICIBANK.NS,0.6015441432258612
2023-03-16,HDFCBANK.NS,ICICIBANK.NS,0.6047009935997442
2023-03-17,HDFCBANK.NS,ICICIBANK.NS,0.6103420850985868
2023-03-20,HDFCBANK.NS,ICICIBANK.NS,0.6077758561727145
2023-03-21,HDFCBANK.NS,ICICIBANK.NS,0.6117922294235332
2023-03-22,HDFCBANK.NS,ICICIBANK.NS,0.5901135156626234
2023-03-23,HDFCBANK.NS,ICICIBANK.NS,0.592837373342629
2023-03-24,HDFCBANK.NS,ICICIBANK.NS,0.5928808262085593
2023-03-27,HDFCBANK.NS,ICICIBANK.NS,0.5852975306044297
2023-03-28,HDFCBANK.NS,ICICIBANK.NS,0.5857892869748036
2023-03-29,HDFCBANK.NS,ICICIBANK.NS,0.587651612808266
2023-03-31,HDFCBANK.NS,ICICIBANK.NS,0.6016487356933433
2023-04-03,HDFCBANK.NS,ICICIBANK.NS,0.6080178300325341
2023-04-05,HDFCBANK.NS,ICICIBANK.NS,0.585067734879992
2023-04-06,HDFCBANK.NS,ICICIBANK.NS,0.569333383839062
2023-04-10,HDFCBANK.NS,ICICIBANK.NS,0.571310175542764
2023-04-11,HDFCBANK.NS,ICICIBANK.NS,0.5540937292784321
2023-04-12,HDFCBANK.NS,ICICIBANK.NS,0.5580389688031535
2023-04-13,HDFCBANK.NS,ICICIBANK.NS,0.5648462372566463
2023-04-17,HDFCBANK.NS,ICICIBANK.NS,0.5588329379748611
2023-04-18,HDFCBANK.NS,ICICIBANK.NS,0.5547301097564613
2023-04-19,HDFCBANK.NS,ICICIBANK.NS,0.5592365304480794
2023-04-20,HDFCBANK.NS,ICICIBANK.NS,0.5613354159695643
2023-04-21,HDFCBANK.NS,ICICIBANK.NS,0.5593649197697701
2023-04-24,HDFCBANK.NS,ICICIBANK.NS,0.5619107532321804
2023-04-25,HDFCBANK.NS,ICICIBANK.NS,0.5377963254474107
2023-04-26,HDFCBANK.NS,ICICIBANK.NS,0.5472450863532947
2023-04-27,HDFCBANK.NS,ICICIBANK.NS,0.5212140173962362
2023-04-28,HDFCBANK.NS,ICICIBANK.NS,0.47128866435979583
2023-05-02,HDFCBANK.NS,ICICIBANK.NS,0.47345880453541034
2023-05-03,HDFCBANK.NS,ICICIBANK.NS,0.4872632879122326
2023-05-04,HDFCBANK.NS,ICICIBANK.NS,0.44401872269428433
2023-05-05,HDFCBANK.NS,ICICIBANK.NS,0.3512529151321405
2023-05-08,HDFCBANK.NS,ICICIBANK.NS,0.35966357431811147
2023-05-09,HDFCBANK.NS,ICICIBANK.NS,0.35670788073629545
2023-05-10,HDFCBANK.NS,ICICIBANK.NS,0.35720826025228347
2023-05-11,HDFCBANK.NS,ICICIBANK.NS,0.3584619547205628
2023-05-12,HDFCBANK.NS,ICICIBANK.NS,0.360966984950138
2023-05-15,HDFCBANK.NS,ICICIBANK.NS,0.3690532061037554
2023-05-16,HDFCBANK.NS,ICICIBANK.NS,0.370659351124817
2023-05-17,HDFCBANK.NS,ICICIBANK.NS,0.3636434587863838
2023-05-18,HDFCBANK.NS,ICICIBANK.NS,0.36788890524353124
2023-05-19,HDFCBANK.NS,ICICIBANK.NS,0.36641809404860853
2023-05-22,HDFCBANK.NS,ICICIBANK.NS,0.3646341937039136
2023-05-23,HDFCBANK.NS,ICICIBANK.NS,0.3528921347876199
2023-05-24,HDFCBANK.NS,ICICIBANK.NS,0.37039140018310884
2023-05-25,HDFCBANK.NS,ICICIBANK.NS,0.3360089467108291
2023-05-26,HDFCBANK.NS,ICICIBANK.NS,0.33744697532756074
2023-05-29,HDFCBANK.NS,ICICIBANK.NS,0.32472230512501393
2023-05-30,HDFCBANK.NS,ICICIBANK.NS,0.3302903165388327
2023-05-31,HDFCBANK.NS,ICICIBANK.NS,0.3341336930251263
2023-06-01,HDFCBANK.NS,ICICIBANK.NS,0.33655133433849155
2023-06-02,HDFCBANK.NS,ICICIBANK.NS,0.33310754094082434
2023-06-05,HDFCBANK.NS,ICICIBANK.NS,0.2980986231837188
2023-06-06,HDFCBANK.NS,ICICIBANK.NS,0.30342367526257313
2023-06-07,HDFCBANK.NS,ICICIBANK.NS,0.2992501676189543
2023-06-08,HDFCBANK.NS,ICICIBANK.NS,0.3110945417806539
2023-06-09,HDFCBANK.NS,ICICIBANK.NS,0.2576110280693353
2023-06-12,HDFCBANK.NS,ICICIBANK.NS,0.23044850911709283
2023-06-13,HDFCBANK.NS,ICICIBANK.NS,0.2308640536560632
2023-06-14,HDFCBANK.NS,ICICIBANK.NS,0.21611851483510286
2023-06-15,HDFCBANK.NS,ICICIBANK.NS,0.2498171167044203
2023-06-16,HDFCBANK.NS,ICICIBANK.NS,0.23791606523797543
2023-06-19,HDFCBANK.NS,ICICIBANK.NS,0.23112631579240026
2023-06-20,HDFCBANK.NS,ICICIBANK.NS,0.20722847307233994
2023-06-21,HDFCBANK.NS,ICICIBANK.NS,0.20234615241901366
2023-06-22,HDFCBANK.NS,ICICIBANK.NS,0.19300095235061362
2023-06-23,HDFCBANK.NS,ICICIBANK.NS,0.1916786653522331
2023-06-26,HDFCBANK.NS,ICICIBANK.NS,0.19246249285999167
2023-06-27,HDFCBANK.NS,ICICIBANK.NS,0.2015658766940699
2023-06-28,HDFCBANK.NS,ICICIBANK.NS,0.20526064412096012
2023-06-30,HDFCBANK.NS,ICICIBANK.NS,0.1428652141309362
2023-07-03,HDFCBANK.NS,ICICIBANK.NS,0.1570117609780591
2023-07-04,HDFCBANK.NS,ICICIBANK.NS,0.16592494246277487
2023-07-05,HDFCBANK.NS,ICICIBANK.NS,0.0895725279592126
2023-07-06,HDFCBANK.NS,ICICIBANK.NS,0.08150356047018194
2023-07-07,HDFCBANK.NS,ICICIBANK.NS,0.10064065519428961
2023-07-10,HDFCBANK.NS,ICICIBANK.NS,0.08061055663472125
2023-07-11,HDFCBANK.NS,ICICIBANK.NS,0.0774470076724951
2023-07-12,HDFCBANK.NS,ICICIBANK.NS,0.0863319420355886
2023-07-13,HDFCBANK.NS,ICICIBANK.NS,0.09124233804941591
2023-07-14,HDFCBANK.NS,ICICIBANK.NS,0.09822247614985179
2023-07-17,HDFCBANK.NS,ICICIBANK.NS,0.12565935895692193
2023-07-18,HDFCBANK.NS,ICICIBANK.NS,0.1294616585184383
2023-07-19,HDFCBANK.NS,ICICIBANK.NS,0.10180947472465743
2023-07-20,HDFCBANK.NS,ICICIBANK.NS,0.12875715016998784
2023-07-21,HDFCBANK.NS,ICICIBANK.NS,0.12830636747754184
2023-07-24,HDFCBANK.NS,ICICIBANK.NS,0.12350788036499608
2023-07-25,HDFCBANK.NS,ICICIBANK.NS,0.12734392187679025
2023-07-26,HDFCBANK.NS,ICICIBANK.NS,0.1275530034678033
2023-07-27,HDFCBANK.NS,ICICIBANK.NS,0.1417386352120354
2023-07-28,HDFCBANK.NS,ICICIBANK.NS,0.13617428628633887
2023-07-31,HDFCBANK.NS,ICICIBANK.NS,0.2501508660293271
2023-08-01,HDFCBANK.NS,ICICIBANK.NS,0.21560146889159584
2023-08-02,HDFCBANK.NS,ICICIBANK.NS,0.2399329190938614
2023-08-03,HDFCBANK.NS,ICICIBANK.NS,0.26001245997079386
2023-08-04,HDFCBANK.NS,ICICIBANK.NS,0.2711896929754954
2023-08-07,HDFCBANK.NS,ICICIBANK.NS,0.2630823305499182
2023-08-08,HDFCBANK.NS,ICICIBANK.NS,0.26089639142568805
2023-08-09,HDFCBANK.NS,ICICIBANK.NS,0.26179992222198883
2023-08-10,HDFCBANK.NS,ICICIBANK.NS,0.26930850331406725
2023-08-11,HDFCBANK.NS,ICICIBANK.NS,0.28566324155163436
2023-08-14,HDFCBANK.NS,ICICIBANK.NS,0.2759003532145504
2023-08-16,HDFCBANK.NS,ICICIBANK.NS,0.27505346295259564
2023-08-17,HDFCBANK.NS,ICICIBANK.NS,0.28149827908731617
2023-08-18,HDFCBANK.NS,ICICIBANK.NS,0.25228353067271175
2023-08-21,HDFCBANK.NS,ICICIBANK.NS,0.25023798842709655
2023-08-22,HDFCBANK.NS,ICICIBANK.NS,0.24678463877049114
2023-08-23,HDFCBANK.NS,ICICIBANK.NS,0.26231782697654804
2023-08-24,HDFCBANK.NS,ICICIBANK.NS,0.25978597833790723
2023-08-25,HDFCBANK.NS,ICICIBANK.NS,0.25541934185643744
2023-08-28,HDFCBANK.NS,ICICIBANK.NS,0.24509409471986776
2023-08-29,HDFCBANK.NS,ICICIBANK.NS,0.235210689730589
2023-08-30,HDFCBANK.NS,ICICIBANK.NS,0.2526478293494843
2023-08-31,HDFCBANK.NS,ICICIBANK.NS,0.2502698410238656
2023-09-01,HDFCBANK.NS,ICICIBANK.NS,0.2566428816599545
2023-09-04,HDFCBANK.NS,ICICIBANK.NS,0.2531625823637402
2023-09-05,HDFCBANK.NS,ICICIBANK.NS,0.25198422843522555
2023-09-06,HDFCBANK.NS,ICICIBANK.NS,0.20304146579414767
2023-09-07,HDFCBANK.NS,ICICIBANK.NS,0.215919731696732
2023-09-08,HDFCBANK.NS,ICICIBANK.NS,0.2212330822524914
2023-09-11,HDFCBANK.NS,ICICIBANK.NS,0.1924127450284987
2023-09-12,HDFCBANK.NS,ICICIBANK.NS,0.17884150912030577
2023-09-13,HDFCBANK.NS,ICICIBANK.NS,0.18262521406460988
2023-09-14,HDFCBANK.NS,ICICIBANK.NS,0.18271610594891988
2023-09-15,HDFCBANK.NS,ICICIBANK.NS,0.20492957332725156
2023-09-18,HDFCBANK.NS,ICICIBANK.NS,0.21435462867680122
2023-09-20,HDFCBANK.NS,ICICIBANK.NS,0.2242257575514413
2023-09-21,HDFCBANK.NS,ICICIBANK.NS,0.23464141737513178
2023-09-22,HDFCBANK.NS,ICICIBANK.NS,0.23619048392108227
2023-09-25,HDFCBANK.NS,ICICIBANK.NS,0.23799466672705685
2023-09-26,HDFCBANK.NS,ICICIBANK.NS,0.2423889343795833
2023-09-27,HDFCBANK.NS,ICICIBANK.NS,0.23204501808495337
2023-09-28,HDFCBANK.NS,ICICIBANK.NS,0.23021416238035042
2023-09-29,HDFCBANK.NS,ICICIBANK.NS,0.3480821755749399
2023-10-03,HDFCBANK.NS,ICICIBANK.NS,0.36421206658598615
2023-10-04,HDFCBANK.NS,ICICIBANK.NS,0.30587288809848046
2023-10-05,HDFCBANK.NS,ICICIBANK.NS,0.3135054378149013
2023-10-06,HDFCBANK.NS,ICICIBANK.NS,0.31094960635679353
2023-10-09,HDFCBANK.NS,ICICIBANK.NS,0.321695957963889
2023-10-10,HDFCBANK.NS,ICICIBANK.NS,0.3237142252172103
2023-10-11,HDFCBANK.NS,ICICIBANK.NS,0.3225815655875035
2023-10-12,HDFCBANK.NS,ICICIBANK.NS,0.2990590384564526
2023-10-13,HDFCBANK.NS,ICICIBANK.NS,0.3027583559282381
2023-10-16,HDFCBANK.NS,ICICIBANK.NS,0.30582051655866976
2023-10-17,HDFCBANK.NS,ICICIBANK.NS,0.31140085303593934
2023-10-18,HDFCBANK.NS,ICICIBANK.NS,0.333641864700705
2023-10-19,HDFCBANK.NS,ICICIBANK.NS,0.33756059116645626
2023-10-20,HDFCBANK.NS,ICICIBANK.NS,0.32808678368795297
2023-10-23,HDFCBANK.NS,ICICIBANK.NS,0.3307964587105713
2023-10-25,HDFCBANK.NS,ICICIBANK.NS,0.3294730870036382
2023-10-26,HDFCBANK.NS,ICICIBANK.NS,0.3780284869572673
2023-10-27,HDFCBANK.NS,ICICIBANK.NS,0.37968393377282555
2023-10-30,HDFCBANK.NS,ICICIBANK.NS,0.4093126364178703
2023-10-31,HDFCBANK.NS,ICICIBANK.NS,0.4038451890117687
2023-11-01,HDFCBANK.NS,ICICIBANK.NS,0.402349901835499
2023-11-02,HDFCBANK.NS,ICICIBANK.NS,0.39354909637854685
2023-11-03,HDFCBANK.NS,ICICIBANK.NS,0.40214434131687277
2023-11-06,HDFCBANK.NS,ICICIBANK.NS,0.4155396681135834
2023-11-07,HDFCBANK.NS,ICICIBANK.NS,0.41223150256492774
2023-11-08,HDFCBANK.NS,ICICIBANK.NS,0.38509437889927406
2023-11-09,HDFCBANK.NS,ICICIBANK.NS,0.37092609162323
2023-11-10,HDFCBANK.NS,ICICIBANK.NS,0.3799515308468389
2023-11-13,HDFCBANK.NS,ICICIBANK.NS,0.379143509503401
2023-11-15,HDFCBANK.NS,ICICIBANK.NS,0.38703780271422106
2023-11-16,HDFCBANK.NS,ICICIBANK.NS,0.3813614039033252
2023-11-17,HDFCBANK.NS,ICICIBANK.NS,0.37690971274725005
2023-11-20,HDFCBANK.NS,ICICIBANK.NS,0.37567160598918087
2023-11-21,HDFCBANK.NS,ICICIBANK.NS,0.38317998326783514
2023-11-22,HDFCBANK.NS,ICICIBANK.NS,0.3875093834471443
2023-11-23,HDFCBANK.NS,ICICIBANK.NS,0.3969026504954324
2023-11-24,HDFCBANK.NS,ICICIBANK.NS,0.40642305370893467
2023-11-28,HDFCBANK.NS,ICICIBANK.NS,0.41385883477547025
2023-11-29,HDFCBANK.NS,ICICIBANK.NS,0.44423570706039145
2023-11-30,HDFCBANK.NS,ICICIBANK.NS,0.44422214304145513
2023-12-01,HDFCBANK.NS,ICICIBANK.NS,0.4317848188949198
2023-12-04,HDFCBANK.NS,ICICIBANK.NS,0.5640385644226251
2023-12-05,HDFCBANK.NS,ICICIBANK.NS,0.5706171731075436
2023-12-06,HDFCBANK.NS,ICICIBANK.NS,0.5970338177336046
2023-12-07,HDFCBANK.NS,ICICIBANK.NS,0.5908830244700803
2023-12-08,HDFCBANK.NS,ICICIBANK.NS,0.5979915430009344
2023-12-11,HDFCBANK.NS,ICICIBANK.NS,0.5935232120657032
2023-12-12,HDFCBANK.NS,ICICIBANK.NS,0.5929300534929537
2023-12-13,HDFCBANK.NS,ICICIBANK.NS,0.5948160144410969
2023-12-14,HDFCBANK.NS,ICICIBANK.NS,0.605597045166191
2023-12-15,HDFCBANK.NS,ICICIBANK.NS,0.6061415979153432
2023-12-18,HDFCBANK.NS,ICICIBANK.NS,0.6074064258441857
2023-12-19,HDFCBANK.NS,ICICIBANK.NS,0.6818386545573554
2023-12-20,HDFCBANK.NS,ICICIBANK.NS,0.6808025586040213
2023-12-21,HDFCBANK.NS,ICICIBANK.NS,0.6464763984422132
2023-12-22,HDFCBANK.NS,ICICIBANK.NS,0.6556460328308303
2023-12-26,HDFCBANK.NS,ICICIBANK.NS,0.6621677158779675
2023-12-27,HDFCBANK.NS,ICICIBANK.NS,0.6611240277118695
2023-12-28,HDFCBANK.NS,ICICIBANK.NS,0.6605205405400864
2023-12-29,HDFCBANK.NS,ICICIBANK.NS,0.6588708210568315
2024-01-01,HDFCBANK.NS,ICICIBANK.NS,0.6404278939829559
2024-01-02,HDFCBANK.NS,ICICIBANK.NS,0.6722883644571204
2024-01-03,HDFCBANK.NS,ICICIBANK.NS,0.6505128266632316
2024-01-04,HDFCBANK.NS,ICICIBANK.NS,0.6513722011074098
2024-01-05,HDFCBANK.NS,ICICIBANK.NS,0.636324040582398
2024-01-08,HDFCBANK.NS,ICICIBANK.NS,0.6458193465930466
2024-01-09,HDFCBANK.NS,ICICIBANK.NS,0.6470179800166912
2024-01-10,HDFCBANK.NS,ICICIBANK.NS,0.6449530690355285
2024-01-11,HDFCBANK.NS,ICICIBANK.NS,0.6460490325406523
2024-01-12,HDFCBANK.NS,ICICIBANK.NS,0.6269285714964169
2024-01-15,HDFCBANK.NS,ICICIBANK.NS,0.6225961809507413
2024-01-16,HDFCBANK.NS,ICICIBANK.NS,0.6116225173094035
2024-01-17,HDFCBANK.NS,ICICIBANK.NS,0.6146533024924224
2024-01-18,HDFCBANK.NS,ICICIBANK.NS,0.578697735897022
2024-01-19,HDFCBANK.NS,ICICIBANK.NS,0.558077314113031
2024-01-23,HDFCBANK.NS,ICICIBANK.NS,0.4399330766933501
2024-01-24,HDFCBANK.NS,ICICIBANK.NS,0.34542345586810946
2024-01-25,HDFCBANK.NS,ICICIBANK.NS,0.32946387495386226
2024-01-29,HDFCBANK.NS,ICICIBANK.NS,0.3251040614361138
2024-01-30,HDFCBANK.NS,ICICIBANK.NS,0.3223549010649979
2024-01-31,HDFCBANK.NS,ICICIBANK.NS,0.329098842995943
2024-02-01,HDFCBANK.NS,ICICIBANK.NS,0.32727465296358227
2024-02-02,HDFCBANK.NS,ICICIBANK.NS,0.3262651585885887
2024-02-05,HDFCBANK.NS,ICICIBANK.NS,0.32177566970992505
2024-02-06,HDFCBANK.NS,ICICIBANK.NS,0.32253193593613705
2024-02-07,HDFCBANK.NS,ICICIBANK.NS,0.33404760671470785
2024-02-08,HDFCBANK.NS,ICICIBANK.NS,0.36124707043965826
2024-02-09,HDFCBANK.NS,ICICIBANK.NS,0.3559353322814408
2024-02-12,HDFCBANK.NS,ICICIBANK.NS,0.36195713881352015
2024-02-13,HDFCBANK.NS,ICICIBANK.NS,0.3576002460557669
2024-02-14,HDFCBANK.NS,ICICIBANK.NS,0.359512563444036
2024-02-15,HDFCBANK.NS,ICICIBANK.NS,0.3422817722425699
2024-02-16,HDFCBANK.NS,ICICIBANK.NS,0.3437447138264806
2024-02-19,HDFCBANK.NS,ICICIBANK.NS,0.3359454262275919
2024-02-20,HDFCBANK.NS,ICICIBANK.NS,0.3328919814459736
2024-02-21,HDFCBANK.NS,ICICIBANK.NS,0.33275576148899016
2024-02-22,HDFCBANK.NS,ICICIBANK.NS,0.32079664630053195
2024-02-23,HDFCBANK.NS,ICICIBANK.NS,0.32013574051106075
2024-02-26,HDFCBANK.NS,ICICIBANK.NS,0.3031097486130093
2024-02-27,HDFCBANK.NS,ICICIBANK.NS,0.3042522384682015
2024-02-28,HDFCBANK.NS,ICICIBANK.NS,0.3098960829417066
2024-02-29,HDFCBANK.NS,ICICIBANK.NS,0.21120366001504848
2024-03-01,HDFCBANK.NS,ICICIBANK.NS,0.2408319562611545
2024-03-04,HDFCBANK.NS,ICICIBANK.NS,0.24789151543255913
2024-03-05,HDFCBANK.NS,ICICIBANK.NS,0.24576424222909246
2024-03-06,HDFCBANK.NS,ICICIBANK.NS,0.23621264577734044
2024-03-07,HDFCBANK.NS,ICICIBANK.NS,0.23106301107264265
2024-03-11,HDFCBANK.NS,ICICIBANK.NS,0.23660216719007088
2024-03-12,HDFCBANK.NS,ICICIBANK.NS,0.2263082685880419
2024-03-13,HDFCBANK.NS,ICICIBANK.NS,0.21110430727596624
2024-03-14,HDFCBANK.NS,ICICIBANK.NS,0.21014503550813038
2024-03-15,HDFCBANK.NS,ICICIBANK.NS,0.21526303767378455
2024-03-18,HDFCBANK.NS,ICICIBANK.NS,0.21610506898208134
2024-03-19,HDFCBANK.NS,ICICIBANK.NS,0.22180008335893478
2024-03-20,HDFCBANK.NS,ICICIBANK.NS,0.23139930674672302
2024-03-21,HDFCBANK.NS,ICICIBANK.NS,0.22057766208861104
2024-03-22,HDFCBANK.NS,ICICIBANK.NS,0.22150959002843196
2024-03-26,HDFCBANK.NS,ICICIBANK.NS,0.2209359010846279
2024-03-27,HDFCBANK.NS,ICICIBANK.NS,0.21738382222235642
2024-03-28,HDFCBANK.NS,ICICIBANK.NS,0.22769712222470576
2024-04-01,HDFCBANK.NS,ICICIBANK.NS,0.23220121697425475
2024-04-02,HDFCBANK.NS,ICICIBANK.NS,0.22227103859089473
2024-04-03,HDFCBANK.NS,ICICIBANK.NS,0.2217370034941889
2024-04-04,HDFCBANK.NS,ICICIBANK.NS,0.21373742432374024
2024-04-05,HDFCBANK.NS,ICICIBANK.NS,0.21765127756887034
2024-04-08,HDFCBANK.NS,ICICIBANK.NS,0.208922353443362
2024-04-09,HDFCBANK.NS,ICICIBANK.NS,0.20681796328437513
2024-04-10,HDFCBANK.NS,ICICIBANK.NS,0.20391466467814218
2024-04-12,HDFCBANK.NS,ICICIBANK.NS,0.20757777364914168
2024-04-15,HDFCBANK.NS,ICICIBANK.NS,0.23373347511982262
2024-04-16,HDFCBANK.NS,ICICIBANK.NS,0.21480849170292454
2024-04-18,HDFCBANK.NS,ICICIBANK.NS,0.221454742074253
2024-04-19,HDFCBANK.NS,ICICIBANK.NS,0.06556876061731197
2024-04-22,HDFCBANK.NS,ICICIBANK.NS,0.056000519576199385
2024-04-23,HDFCBANK.NS,ICICIBANK.NS,0.07034068051421782
2024-04-24,HDFCBANK.NS,ICICIBANK.NS,0.1891306637239858
2024-04-25,HDFCBANK.NS,ICICIBANK.NS,0.2807979854692441
2024-04-26,HDFCBANK.NS,ICICIBANK.NS,0.3064531632719475
2024-04-29,HDFCBANK.NS,ICICIBANK.NS,0.3313257966455392
2024-04-30,HDFCBANK.NS,ICICIBANK.NS,0.33718084956263383
2024-05-02,HDFCBANK.NS,ICICIBANK.NS,0.3150976725676594
2024-05-03,HDFCBANK.NS,ICICIBANK.NS,0.3143569452496362
2024-05-06,HDFCBANK.NS,ICICIBANK.NS,0.31393194487112214
2024-05-07,HDFCBANK.NS,ICICIBANK.NS,0.32767207383225855
2024-05-08,HDFCBANK.NS,ICICIBANK.NS,0.33889175480202716
2024-05-09,HDFCBANK.NS,ICICIBANK.NS,0.34358775325984264
2024-05-10,HDFCBANK.NS,ICICIBANK.NS,0.2914471923386368
2024-05-13,HDFCBANK.NS,ICICIBANK.NS,0.30695347222842384
2024-05-14,HDFCBANK.NS,ICICIBANK.NS,0.28692375556631566
2024-05-15,HDFCBANK.NS,ICICIBANK.NS,0.2812831969774987
2024-05-16,HDFCBANK.NS,ICICIBANK.NS,0.28774202565148355
2024-05-17,HDFCBANK.NS,ICICIBANK.NS,0.3177306085493081
2024-05-21,HDFCBANK.NS,ICICIBANK.NS,0.3197107800638181
2024-05-22,HDFCBANK.NS,ICICIBANK.NS,0.33289374813658934
2024-05-23,HDFCBANK.NS,ICICIBANK.NS,0.37462277195121046
2024-05-24,HDFCBANK.NS,ICICIBANK.NS,0.36676543060224714
2024-05-27,HDFCBANK.NS,ICICIBANK.NS,0.3893268700482209
2024-05-28,HDFCBANK.NS,ICICIBANK.NS,0.38874996538215345
2024-05-29,HDFCBANK.NS,ICICIBANK.NS,0.417768319418926
2024-05-30,HDFCBANK.NS,ICICIBANK.NS,0.42142383852551135
2024-05-31,HDFCBANK.NS,ICICIBANK.NS,0.41580907755364166
2024-06-03,HDFCBANK.NS,ICICIBANK.NS,0.4750120999207981
2024-06-04,HDFCBANK.NS,ICICIBANK.NS,0.6393172079571945
2024-06-05,HDFCBANK.NS,ICICIBANK.NS,0.6752038537978775
2024-06-06,HDFCBANK.NS,ICICIBANK.NS,0.6772396523583788
2024-06-07,HDFCBANK.NS,ICICIBANK.NS,0.6803538489588895
2024-06-10,HDFCBANK.NS,ICICIBANK.NS,0.6794864744926178
2024-06-11,HDFCBANK.NS,ICICIBANK.NS,0.6763703301507483
2024-06-12,HDFCBANK.NS,ICICIBANK.NS,0.6909496744615351
2024-06-13,HDFCBANK.NS,ICICIBANK.NS,0.6868731827666702
2024-06-14,HDFCBANK.NS,ICICIBANK.NS,0.6840670719374783
2024-06-18,HDFCBANK.NS,ICICIBANK.NS,0.6833245682340683
2024-06-19,HDFCBANK.NS,ICICIBANK.NS,0.6923348947986118
2024-06-20,HDFCBANK.NS,ICICIBANK.NS,0.6927254837347602
2024-06-21,HDFCBANK.NS,ICICIBANK.NS,0.697349421648328
2024-06-24,HDFCBANK.NS,ICICIBANK.NS,0.7001368789644121
2024-06-25,HDFCBANK.NS,ICICIBANK.NS,0.7128166899278686
2024-06-26,HDFCBANK.NS,ICICIBANK.NS,0.6962566660684624
2024-06-27,HDFCBANK.NS,ICICIBANK.NS,0.6980531933411928
2024-06-28,HDFCBANK.NS,ICICIBANK.NS,0.7009359021393305
2024-07-01,HDFCBANK.NS,ICICIBANK.NS,0.703571868121781
2024-07-02,HDFCBANK.NS,ICICIBANK.NS,0.6887933932303244
2024-07-03,HDFCBANK.NS,ICICIBANK.NS,0.6880647439828886
2024-07-04,HDFCBANK.NS,ICICIBANK.NS,0.6390524212454368
2024-07-05,HDFCBANK.NS,ICICIBANK.NS,0.5998422218357217
2024-07-08,HDFCBANK.NS,ICICIBANK.NS,0.5992576597536609
2024-07-09,HDFCBANK.NS,ICICIBANK.NS,0.6022387208467351
2024-07-10,HDFCBANK.NS,ICICIBANK.NS,0.6048934967127089
2024-07-11,HDFCBANK.NS,ICICIBANK.NS,0.6041737601125264
2024-07-12,HDFCBANK.NS,ICICIBANK.NS,0.5937280038014713
2024-07-15,HDFCBANK.NS,ICICIBANK.NS,0.6046291863225387
2024-07-16,HDFCBANK.NS,ICICIBANK.NS,0.5991192969723032
2024-07-18,HDFCBANK.NS,ICICIBANK.NS,0.5959656226745457
2024-07-19,HDFCBANK.NS,ICICIBANK.NS,0.6187299098898332
2024-07-22,HDFCBANK.NS,ICICIBANK.NS,0.5987289601539668
2024-07-23,HDFCBANK.NS,ICICIBANK.NS,0.6042792069081232
2024-07-24,HDFCBANK.NS,ICICIBANK.NS,0.6102942027561862
2024-07-25,HDFCBANK.NS,ICICIBANK.NS,0.5917080138297955
2024-07-26,HDFCBANK.NS,ICICIBANK.NS,0.5994858705183542
2024-07-29,HDFCBANK.NS,ICICIBANK.NS,0.5934497177952309
2024-07-30,HDFCBANK.NS,ICICIBANK.NS,0.5992800772047979
2024-07-31,HDFCBANK.NS,ICICIBANK.NS,0.6012888402696375
2024-08-01,HDFCBANK.NS,ICICIBANK.NS,0.5933335264126188
2024-08-02,HDFCBANK.NS,ICICIBANK.NS,0.5746745820651754
2024-08-05,HDFCBANK.NS,ICICIBANK.NS,0.5872841741700756
2024-08-06,HDFCBANK.NS,ICICIBANK.NS,0.5894706121886031
2024-08-07,HDFCBANK.NS,ICICIBANK.NS,0.5899138518486062
2024-08-08,HDFCBANK.NS,ICICIBANK.NS,0.5797864177382029
2024-08-09,HDFCBANK.NS,ICICIBANK.NS,0.5819654573555405
2024-08-12,HDFCBANK.NS,ICICIBANK.NS,0.5913083973539632
2024-08-13,HDFCBANK.NS,ICICIBANK.NS,0.5769688777616362
2024-08-14,HDFCBANK.NS,ICICIBANK.NS,0.5757461577481019
2024-08-16,HDFCBANK.NS,ICICIBANK.NS,0.5808229808168759
2024-08-19,HDFCBANK.NS,ICICIBANK.NS,0.5809711270292244
2024-08-20,HDFCBANK.NS,ICICIBANK.NS,0.5696107543289132
2024-08-21,HDFCBANK.NS,ICICIBANK.NS,0.5778142082332214
2024-08-22,HDFCBANK.NS,ICICIBANK.NS,0.5781123829094869
2024-08-23,HDFCBANK.NS,ICICIBANK.NS,0.5735041965047434
2024-08-26,HDFCBANK.NS,ICICIBANK.NS,0.5657399765513379
2024-08-27,HDFCBANK.NS,ICICIBANK.NS,0.5623719081243821
2024-08-28,HDFCBANK.NS,ICICIBANK.NS,0.5615070959234175
2024-08-29,HDFCBANK.NS,ICICIBANK.NS,0.5367330726272159
2024-08-30,HDFCBANK.NS,ICICIBANK.NS,0.3328303512876647
2024-09-02,HDFCBANK.NS,ICICIBANK.NS,0.20731366368992118
2024-09-03,HDFCBANK.NS,ICICIBANK.NS,0.21360580448402117
2024-09-04,HDFCBANK.NS,ICICIBANK.NS,0.20239011134765295
2024-09-05,HDFCBANK.NS,ICICIBANK.NS,0.20277381958376006
2024-09-06,HDFCBANK.NS,ICICIBANK.NS,0.21335637047749786
2024-09-09,HDFCBANK.NS,ICICIBANK.NS,0.2196346048351307
2024-09-10,HDFCBANK.NS,ICICIBANK.NS,0.22747724742466724
2024-09-11,HDFCBANK.NS,ICICIBANK.NS,0.23410194442440513
2024-09-12,HDFCBANK.NS,ICICIBANK.NS,0.24054195740920217
2024-09-13,HDFCBANK.NS,ICICIBANK.NS,0.18957983906203255
2024-09-16,HDFCBANK.NS,ICICIBANK.NS,0.1852175766827976
2024-09-17,HDFCBANK.NS,ICICIBANK.NS,0.18469737170285971
2024-09-18,HDFCBANK.NS,ICICIBANK.NS,0.20447672546250437
2024-09-19,HDFCBANK.NS,ICICIBANK.NS,0.14974419396508704
2024-09-20,HDFCBANK.NS,ICICIBANK.NS,0.22903262832144364
2024-09-23,HDFCBANK.NS,ICICIBANK.NS,0.20756134075484742
2024-09-24,HDFCBANK.NS,ICICIBANK.NS,0.19217419835771715
2024-09-25,HDFCBANK.NS,ICICIBANK.NS,0.18310984854202808
2024-09-26,HDFCBANK.NS,ICICIBANK.NS,0.22691163700701333
2024-09-27,HDFCBANK.NS,ICICIBANK.NS,0.2459292727189927
2024-09-30,HDFCBANK.NS,ICICIBANK.NS,0.36981952362682
2024-10-01,HDFCBANK.NS,ICICIBANK.NS,0.4287575779957904
2024-10-03,HDFCBANK.NS,ICICIBANK.NS,0.45865328441727365
2024-10-04,HDFCBANK.NS,ICICIBANK.NS,0.47671600271813325
2024-10-07,HDFCBANK.NS,ICICIBANK.NS,0.4704251935255959
2024-10-08,HDFCBANK.NS,ICICIBANK.NS,0.4621239473777796
2024-10-09,HDFCBANK.NS,ICICIBANK.NS,0.44970565415040115
2024-10-10,HDFCBANK.NS,ICICIBANK.NS,0.4389268084521521
2024-10-11,HDFCBANK.NS,ICICIBANK.NS,0.44868427181343756
2024-10-14,HDFCBANK.NS,ICICIBANK.NS,0.4600534702445905
2024-10-15,HDFCBANK.NS,ICICIBANK.NS,0.44167683890313636
2024-10-16,HDFCBANK.NS,ICICIBANK.NS,0.4556381773430542
2024-10-17,HDFCBANK.NS,ICICIBANK.NS,0.4533709621793238
2024-10-18,HDFCBANK.NS,ICICIBANK.NS,0.4470313891488881
2024-10-21,HDFCBANK.NS,ICICIBANK.NS,0.44126745791898475
2024-10-22,HDFCBANK.NS,ICICIBANK.NS,0.4334391688843317
2024-10-23,HDFCBANK.NS,ICICIBANK.NS,0.41489526137743504
2024-10-24,HDFCBANK.NS,ICICIBANK.NS,0.41694906886297645
2024-10-25,HDFCBANK.NS,ICICIBANK.NS,0.4164655834113149
2024-10-28,HDFCBANK.NS,ICICIBANK.NS,0.38762083234346095
2024-10-29,HDFCBANK.NS,ICICIBANK.NS,0.4195120941829647
2024-10-30,HDFCBANK.NS,ICICIBANK.NS,0.39288446525298965
2024-10-31,HDFCBANK.NS,ICICIBANK.NS,0.3838721676436558
2024-11-01,HDFCBANK.NS,ICICIBANK.NS,0.38373376806671866
2024-11-04,HDFCBANK.NS,ICICIBANK.NS,0.41098428448453783
2024-11-05,HDFCBANK.NS,ICICIBANK.NS,0.4270538609769234
2024-11-06,HDFCBANK.NS,ICICIBANK.NS,0.4238506162300403
2024-11-07,HDFCBANK.NS,ICICIBANK.NS,0.4415572832941146
2024-11-08,HDFCBANK.NS,ICICIBANK.NS,0.4317590937015409
2024-11-11,HDFCBANK.NS,ICICIBANK.NS,0.4159293675808807
2024-11-12,HDFCBANK.NS,ICICIBANK.NS,0.39577050539355363
2024-11-13,HDFCBANK.NS,ICICIBANK.NS,0.4141624583918391
2024-11-14,HDFCBANK.NS,ICICIBANK.NS,0.41191562820778865
2024-11-18,HDFCBANK.NS,ICICIBANK.NS,0.4077392210392224
2024-11-19,HDFCBANK.NS,ICICIBANK.NS,0.39525273156577223
2024-11-21,HDFCBANK.NS,ICICIBANK.NS,0.3912711061670451
2024-11-22,HDFCBANK.NS,ICICIBANK.NS,0.3904434897121425
2024-11-25,HDFCBANK.NS,ICICIBANK.NS,0.41171259430234086
2024-11-26,HDFCBANK.NS,ICICIBANK.NS,0.41127030222916605
2024-11-27,HDFCBANK.NS,ICICIBANK.NS,0.40314054710238495
2024-11-28,HDFCBANK.NS,ICICIBANK.NS,0.4127592475905398
2024-11-29,HDFCBANK.NS,ICICIBANK.NS,0.4085332034565962
2024-12-02,HDFCBANK.NS,ICICIBANK.NS,0.4119830527540358
2024-12-03,HDFCBANK.NS,ICICIBANK.NS,0.4116494656664957
2024-12-04,HDFCBANK.NS,ICICIBANK.NS,0.4082358631138868
2024-12-05,HDFCBANK.NS,ICICIBANK.NS,0.40681074056299343
2024-12-06,HDFCBANK.NS,ICICIBANK.NS,0.40995038923586863
2024-12-09,HDFCBANK.NS,ICICIBANK.NS,0.4048415763848013
2024-12-10,HDFCBANK.NS,ICICIBANK.NS,0.394324240513292
2024-12-11,HDFCBANK.NS,ICICIBANK.NS,0.39486352243124434
2024-12-12,HDFCBANK.NS,ICICIBANK.NS,0.39505358276903163
2024-12-13,HDFCBANK.NS,ICICIBANK.NS,0.3989387049549897
2024-12-16,HDFCBANK.NS,ICICIBANK.NS,0.38560784878695537
2024-12-17,HDFCBANK.NS,ICICIBANK.NS,0.39506556835428014
2024-12-18,HDFCBANK.NS,ICICIBANK.NS,0.3728232227828055
2024-12-19,HDFCBANK.NS,ICICIBANK.NS,0.40197368329372024
2024-12-20,HDFCBANK.NS,ICICIBANK.NS,0.39826108581654934
2024-12-23,HDFCBANK.NS,ICICIBANK.NS,0.402010137089978
2024-12-24,HDFCBANK.NS,ICICIBANK.NS,0.4013337579034774
2024-12-26,HDFCBANK.NS,ICICIBANK.NS,0.3819235785506015
2024-12-27,HDFCBANK.NS,ICICIBANK.NS,0.36609774035930936
2024-12-30,HDFCBANK.NS,ICICIBANK.NS,0.375325319602479
2024-12-31,HDFCBANK.NS,ICICIBANK.NS,0.35156882198428496
2025-01-01,HDFCBANK.NS,ICICIBANK.NS,0.335306096917256
2025-01-02,HDFCBANK.NS,ICICIBANK.NS,0.33353596340529007
2025-01-03,HDFCBANK.NS,ICICIBANK.NS,0.37848317253696084
2025-01-06,HDFCBANK.NS,ICICIBANK.NS,0.38163347814163767
2025-01-07,HDFCBANK.NS,ICICIBANK.NS,0.3882017953112839
2025-01-08,HDFCBANK.NS,ICICIBANK.NS,0.3919671362642906
2025-01-09,HDFCBANK.NS,ICICIBANK.NS,0.3841308414167018
2025-01-10,HDFCBANK.NS,ICICIBANK.NS,0.4023357793058432
2025-01-13,HDFCBANK.NS,ICICIBANK.NS,0.43517921840121326
2025-01-14,HDFCBANK.NS,ICICIBANK.NS,0.4317822715902877
2025-01-15,HDFCBANK.NS,ICICIBANK.NS,0.435023932887545
2025-01-16,HDFCBANK.NS,ICICIBANK.NS,0.4761381914994423
2025-01-17,HDFCBANK.NS,ICICIBANK.NS,0.4934783956332083
2025-01-20,HDFCBANK.NS,ICICIBANK.NS,0.5281124976096303
2025-01-21,HDFCBANK.NS,ICICIBANK.NS,0.5174866083220474
2025-01-22,HDFCBANK.NS,ICICIBANK.NS,0.518641009911615
2025-01-23,HDFCBANK.NS,ICICIBANK.NS,0.5684463638062853
2025-01-24,HDFCBANK.NS,ICICIBANK.NS,0.5526415515012416
2025-01-27,HDFCBANK.NS,ICICIBANK.NS,0.5051261984320062
2025-01-28,HDFCBANK.NS,ICICIBANK.NS,0.5402285566332636
2025-01-29,HDFCBANK.NS,ICICIBANK.NS,0.5414692466418618
2025-01-30,HDFCBANK.NS,ICICIBANK.NS,0.5339826204192233
2025-01-31,HDFCBANK.NS,ICICIBANK.NS,0.5081224711774731
2025-02-01,HDFCBANK.NS,ICICIBANK.NS,0.5073590749667292
2025-02-03,HDFCBANK.NS,ICICIBANK.NS,0.5094534264757319
2025-02-04,HDFCBANK.NS,ICICIBANK.NS,0.5475829825724516
2025-02-05,HDFCBANK.NS,ICICIBANK.NS,0.5403147341378769
2025-02-06,HDFCBANK.NS,ICICIBANK.NS,0.5699759174184542
2025-02-07,HDFCBANK.NS,ICICIBANK.NS,0.5564855367535758
2025-02-10,HDFCBANK.NS,ICICIBANK.NS,0.5444242857161039
2025-02-11,HDFCBANK.NS,ICICIBANK.NS,0.5541574424493617
2025-02-12,HDFCBANK.NS,ICICIBANK.NS,0.5842356743715257
2025-02-13,HDFCBANK.NS,ICICIBANK.NS,0.5848468464895238
2025-02-14,HDFCBANK.NS,ICICIBANK.NS,0.5935681786113697
2025-02-17,HDFCBANK.NS,ICICIBANK.NS,0.5388584427780966
2025-02-18,HDFCBANK.NS,ICICIBANK.NS,0.5332520674737131
2025-02-19,HDFCBANK.NS,ICICIBANK.NS,0.5460474890989768
2025-02-20,HDFCBANK.NS,ICICIBANK.NS,0.5465176689121705
2025-02-21,HDFCBANK.NS,ICICIBANK.NS,0.5309597981817501
2025-02-24,HDFCBANK.NS,ICICIBANK.NS,0.5349597701219319
2025-02-25,HDFCBANK.NS,ICICIBANK.NS,0.5359299579530469
2025-02-27,HDFCBANK.NS,ICICIBANK.NS,0.525015941661624
2025-02-28,HDFCBANK.NS,ICICIBANK.NS,0.4599757629204512
2025-03-03,HDFCBANK.NS,ICICIBANK.NS,0.4405122460184073
2025-03-04,HDFCBANK.NS,ICICIBANK.NS,0.4510220052312729
2025-03-05,HDFCBANK.NS,ICICIBANK.NS,0.438866535731199
2025-03-06,HDFCBANK.NS,ICICIBANK.NS,0.4393959853216985
2025-03-07,HDFCBANK.NS,ICICIBANK.NS,0.4397450741093216
2025-03-10,HDFCBANK.NS,ICICIBANK.NS,0.43129120532952914
2025-03-11,HDFCBANK.NS,ICICIBANK.NS,0.40856125788722236
2025-03-12,HDFCBANK.NS,ICICIBANK.NS,0.39094269891132094
2025-03-13,HDFCBANK.NS,ICICIBANK.NS,0.3740372177548351
2025-03-17,HDFCBANK.NS,ICICIBANK.NS,0.3610491807713976
2025-03-18,HDFCBANK.NS,ICICIBANK.NS,0.36716898819319604
2025-03-19,HDFCBANK.NS,ICICIBANK.NS,0.4170074295717796
2025-03-20,HDFCBANK.NS,ICICIBANK.NS,0.42253207311603846
2025-03-21,HDFCBANK.NS,ICICIBANK.NS,0.4177980191264032
2025-03-24,HDFCBANK.NS,ICICIBANK.NS,0.4285565225147566
2025-03-25,HDFCBANK.NS,ICICIBANK.NS,0.3935325563296714
2025-03-26,HDFCBANK.NS,ICICIBANK.NS,0.39670186582731026
2025-03-27,HDFCBANK.NS,ICICIBANK.NS,0.3939863015475234
2025-03-28,HDFCBANK.NS,ICICIBANK.NS,0.3912859635801284
2025-04-01,HDFCBANK.NS,ICICIBANK.NS,0.40895007972624786
2025-04-02,HDFCBANK.NS,ICICIBANK.NS,0.42745831952528934
2025-04-03,HDFCBANK.NS,ICICIBANK.NS,0.4301880968136289
2025-04-04,HDFCBANK.NS,ICICIBANK.NS,0.4194913280183291
2025-04-07,HDFCBANK.NS,ICICIBANK.NS,0.5063620038984664
2025-04-08,HDFCBANK.NS,ICICIBANK.NS,0.504400532086092
2025-04-09,HDFCBANK.NS,ICICIBANK.NS,0.4868568097528402
2025-04-11,HDFCBANK.NS,ICICIBANK.NS,0.4869235413928857
2025-04-15,HDFCBANK.NS,ICICIBANK.NS,0.5332903501694147
2025-04-16,HDFCBANK.NS,ICICIBANK.NS,0.5332858414629361
2025-04-17,HDFCBANK.NS,ICICIBANK.NS,0.5315417402554825
2025-04-21,HDFCBANK.NS,ICICIBANK.NS,0.5286749829414333
2025-04-22,HDFCBANK.NS,ICICIBANK.NS,0.5298879347049135
2025-04-23,HDFCBANK.NS,ICICIBANK.NS,0.5134360951780181
2025-04-24,HDFCBANK.NS,ICICIBANK.NS,0.5144583840107386
2025-04-25,HDFCBANK.NS,ICICIBANK.NS,0.5224070060275097
2025-04-28,HDFCBANK.NS,ICICIBANK.NS,0.5500836314539873
2025-04-29,HDFCBANK.NS,ICICIBANK.NS,0.5376009955338937
2025-04-30,HDFCBANK.NS,ICICIBANK.NS,0.5329981669223199
2025-05-02,HDFCBANK.NS,ICICIBANK.NS,0.5330897464736565
2025-05-05,HDFCBANK.NS,ICICIBANK.NS,0.5320863502479787
2025-05-06,HDFCBANK.NS,ICICIBANK.NS,0.5330515757335501
2025-05-07,HDFCBANK.NS,ICICIBANK.NS,0.5312389602734858
2025-05-08,HDFCBANK.NS,ICICIBANK.NS,0.523123739924988
2025-05-09,HDFCBANK.NS,ICICIBANK.NS,0.559816117635691
2025-05-12,HDFCBANK.NS,ICICIBANK.NS,0.6142275935867485
2025-05-13,HDFCBANK.NS,ICICIBANK.NS,0.6199779284191688
2025-05-14,HDFCBANK.NS,ICICIBANK.NS,0.6276387882372388
2025-05-15,HDFCBANK.NS,ICICIBANK.NS,0.6286039334145967
2025-05-16,HDFCBANK.NS,ICICIBANK.NS,0.6291801688299147
2025-05-19,HDFCBANK.NS,ICICIBANK.NS,0.6273140960435505
2025-05-20,HDFCBANK.NS,ICICIBANK.NS,0.6351026066710943
2025-05-21,HDFCBANK.NS,ICICIBANK.NS,0.6508314641457005
2025-05-22,HDFCBANK.NS,ICICIBANK.NS,0.6549351485368274
2025-05-23,HDFCBANK.NS,ICICIBANK.NS,0.6591015132645278
2025-05-26,HDFCBANK.NS,ICICIBANK.NS,0.6556699446703711
2025-05-27,HDFCBANK.NS,ICICIBANK.NS,0.6683144992460022
2025-05-28,HDFCBANK.NS,ICICIBANK.NS,0.6619225104689271
2025-05-29,HDFCBANK.NS,ICICIBANK.NS,0.6618950135817787
2025-05-30,HDFCBANK.NS,ICICIBANK.NS,0.6572561464717874
2025-06-02,HDFCBANK.NS,ICICIBANK.NS,0.702145653527276
2025-06-03,HDFCBANK.NS,ICICIBANK.NS,0.7147035250610765
2025-06-04,HDFCBANK.NS,ICICIBANK.NS,0.7065189953505668
2025-06-05,HDFCBANK.NS,ICICIBANK.NS,0.7122988167386163
2025-06-06,HDFCBANK.NS,ICICIBANK.NS,0.7069233221753697
2025-06-09,HDFCBANK.NS,ICICIBANK.NS,0.6986975163926079
2025-06-10,HDFCBANK.NS,ICICIBANK.NS,0.7014826411737708
2025-06-11,HDFCBANK.NS,ICICIBANK.NS,0.7188032344976752
2025-06-12,HDFCBANK.NS,ICICIBANK.NS,0.7307510828224028
2025-06-13,HDFCBANK.NS,ICICIBANK.NS,0.7344194353485496
2025-06-16,HDFCBANK.NS,ICICIBANK.NS,0.7406851339173309
2025-06-17,HDFCBANK.NS,ICICIBANK.NS,0.7411416086413837
2025-06-18,HDFCBANK.NS,ICICIBANK.NS,0.7301758308791392
2025-06-19,HDFCBANK.NS,ICICIBANK.NS,0.7303998595896808
2025-06-20,HDFCBANK.NS,ICICIBANK.NS,0.743066379036339
2025-06-23,HDFCBANK.NS,ICICIBANK.NS,0.7408390785667605
2025-06-24,HDFCBANK.NS,ICICIBANK.NS,0.7628423078092833
2025-06-25,HDFCBANK.NS,ICICIBANK.NS,0.7587497685022231
2025-06-26,HDFCBANK.NS,ICICIBANK.NS,0.7611896887244449
2025-06-27,HDFCBANK.NS,ICICIBANK.NS,0.7624678208482484
2025-06-30,HDFCBANK.NS,ICICIBANK.NS,0.7494488764577432
2025-07-01,HDFCBANK.NS,ICICIBANK.NS,0.7391088681750504
2025-07-02,HDFCBANK.NS,ICICIBANK.NS,0.7354504314829048
2025-07-03,HDFCBANK.NS,ICICIBANK.NS,0.7371050666177333
2025-07-04,HDFCBANK.NS,ICICIBANK.NS,0.687387831221606
2025-07-07,HDFCBANK.NS,ICICIBANK.NS,0.6868867079812485
2025-07-08,HDFCBANK.NS,ICICIBANK.NS,0.6875554932401711
2025-07-09,HDFCBANK.NS,ICICIBANK.NS,0.6866282443351431
2025-07-10,HDFCBANK.NS,ICICIBANK.NS,0.6494221205917552
2025-07-11,HDFCBANK.NS,ICICIBANK.NS,0.6444652340684165
2025-07-14,HDFCBANK.NS,ICICIBANK.NS,0.6357652048437371
2025-07-15,HDFCBANK.NS,ICICIBANK.NS,0.6398160931084889
2025-07-16,HDFCBANK.NS,ICICIBANK.NS,0.6443541326360468
2025-07-17,HDFCBANK.NS,ICICIBANK.NS,0.6915742035976817
2025-07-18,HDFCBANK.NS,ICICIBANK.NS,0.6638566067037877
2025-07-21,HDFCBANK.NS,ICICIBANK.NS,0.6954438628292708
2025-07-22,HDFCBANK.NS,ICICIBANK.NS,0.7007531978196712
2025-07-23,HDFCBANK.NS,ICICIBANK.NS,0.7071120051753291
2025-07-24,HDFCBANK.NS,ICICIBANK.NS,0.7149392197377207
2025-07-25,HDFCBANK.NS,ICICIBANK.NS,0.7167476786176497
2025-07-28,HDFCBANK.NS,ICICIBANK.NS,0.7194761758124457
2025-07-29,HDFCBANK.NS,ICICIBANK.NS,0.7166485438029967
2025-07-30,HDFCBANK.NS,ICICIBANK.NS,0.7160899832094336
2025-07-31,HDFCBANK.NS,ICICIBANK.NS,0.7208078156741677
2025-08-01,HDFCBANK.NS,ICICIBANK.NS,0.6922037411181928
2025-08-04,HDFCBANK.NS,ICICIBANK.NS,0.5871323809720724
2025-08-05,HDFCBANK.NS,ICICIBANK.NS,0.5741702615185275
2025-08-06,HDFCBANK.NS,ICICIBANK.NS,0.5713601409972313
2025-08-07,HDFCBANK.NS,ICICIBANK.NS,0.5466661035840141
2025-08-08,HDFCBANK.NS,ICICIBANK.NS,0.5460112021305024
2025-08-11,HDFCBANK.NS,ICICIBANK.NS,0.5423618971742443
2025-08-12,HDFCBANK.NS,ICICIBANK.NS,0.5282564029243544
2025-08-13,HDFCBANK.NS,ICICIBANK.NS,0.5227423907015101
2025-08-14,HDFCBANK.NS,ICICIBANK.NS,0.5249624321338149
2025-08-18,HDFCBANK.NS,ICICIBANK.NS,0.5242615827118364
2025-08-19,HDFCBANK.NS,ICICIBANK.NS,0.5178259348475871
2025-08-20,HDFCBANK.NS,ICICIBANK.NS,0.5090704714811566
2025-08-21,HDFCBANK.NS,ICICIBANK.NS,0.5080681860470616
2025-08-22,HDFCBANK.NS,ICICIBANK.NS,0.5165648987345747
2025-08-25,HDFCBANK.NS,ICICIBANK.NS,0.5416587607835102
2025-08-26,HDFCBANK.NS,ICICIBANK.NS,0.5637904344198293
2025-08-28,HDFCBANK.NS,ICICIBANK.NS,0.5820438163747673
2025-08-29,HDFCBANK.NS,ICICIBANK.NS,0.5965176067364852
2025-09-01,HDFCBANK.NS,ICICIBANK.NS,0.5920594262930292
2025-09-02,HDFCBANK.NS,ICICIBANK.NS,0.5993484797915267
2025-09-03,HDFCBANK.NS,ICICIBANK.NS,0.6231777639682645
2025-09-04,HDFCBANK.NS,ICICIBANK.NS,0.6227810003815166
2025-09-05,HDFCBANK.NS,ICICIBANK.NS,0.6402400246173512
2025-09-08,HDFCBANK.NS,ICICIBANK.NS,0.6383967253687164
2025-09-09,HDFCBANK.NS,ICICIBANK.NS,0.6328098046720384
2025-09-10,HDFCBANK.NS,ICICIBANK.NS,0.6256602864593892
2025-09-11,HDFCBANK.NS,ICICIBANK.NS,0.6236220787732786
2025-09-12,HDFCBANK.NS,ICICIBANK.NS,0.6183302338581697
2025-09-15,HDFCBANK.NS,ICICIBANK.NS,0.6183774933526558
2025-09-16,HDFCBANK.NS,ICICIBANK.NS,0.600238925642695
2025-09-17,HDFCBANK.NS,ICICIBANK.NS,0.5958902631979488
2025-09-18,HDFCBANK.NS,ICICIBANK.NS,0.5904039038059691
2025-09-19,HDFCBANK.NS,ICICIBANK.NS,0.6099955833034331
2025-09-22,HDFCBANK.NS,ICICIBANK.NS,0.5976189845559314
2025-09-23,HDFCBANK.NS,ICICIBANK.NS,0.5904480724616784
2025-09-24,HDFCBANK.NS,ICICIBANK.NS,0.5898454451538214
2025-09-25,HDFCBANK.NS,ICICIBANK.NS,0.6186500800475195
2025-09-26,HDFCBANK.NS,ICICIBANK.NS,0.6254696516469441
2025-09-29,HDFCBANK.NS,ICICIBANK.NS,0.5998128466558296
2025-09-30,HDFCBANK.NS,ICICIBANK.NS,0.6091297439655337
2025-10-01,HDFCBANK.NS,ICICIBANK.NS,0.6439775892045522
2025-10-03,HDFCBANK.NS,ICICIBANK.NS,0.6380093228466907
2025-10-06,HDFCBANK.NS,ICICIBANK.NS,0.6454615182876063
2025-10-07,HDFCBANK.NS,ICICIBANK.NS,0.6552166910884939
2025-10-08,HDFCBANK.NS,ICICIBANK.NS,0.6651014040570806
2025-10-09,HDFCBANK.NS,ICICIBANK.NS,0.6606936360587272
2025-10-10,HDFCBANK.NS,ICICIBANK.NS,0.6581226347403973
2025-10-13,HDFCBANK.NS,ICICIBANK.NS,0.6582555626582761
2025-10-14,HDFCBANK.NS,ICICIBANK.NS,0.6549289017165112
2025-10-15,HDFCBANK.NS,ICICIBANK.NS,0.6979398814791528
2025-10-16,HDFCBANK.NS,ICICIBANK.NS,0.6575996901368739
2025-10-17,HDFCBANK.NS,ICICIBANK.NS,0.6659698288242266
2025-10-20,HDFCBANK.NS,ICICIBANK.NS,0.5574137485969034
2025-10-21,HDFCBANK.NS,ICICIBANK.NS,0.545149352380764
2025-10-23,HDFCBANK.NS,ICICIBANK.NS,0.5299944550709084
2025-10-24,HDFCBANK.NS,ICICIBANK.NS,0.4578010389275309
2025-10-27,HDFCBANK.NS,ICICIBANK.NS,0.45899516202141055
2025-10-28,HDFCBANK.NS,ICICIBANK.NS,0.45339894124986546
2025-10-29,HDFCBANK.NS,ICICIBANK.NS,0.45931478699642997
2025-10-30,HDFCBANK.NS,ICICIBANK.NS,0.46169128804944504
2025-10-31,HDFCBANK.NS,ICICIBANK.NS,0.4759076578851646
2025-11-03,HDFCBANK.NS,ICICIBANK.NS,0.46445064991613166
2025-11-04,HDFCBANK.NS,ICICIBANK.NS,0.4713798981605773
2025-11-06,HDFCBANK.NS,ICICIBANK.NS,0.46952212979922464
2025-11-07,HDFCBANK.NS,ICICIBANK.NS,0.443579838547387
2025-11-10,HDFCBANK.NS,ICICIBANK.NS,0.45041862386286613
2025-11-11,HDFCBANK.NS,ICICIBANK.NS,0.46730724294719883
2025-11-12,HDFCBANK.NS,ICICIBANK.NS,0.4685609237536232
2025-11-13,HDFCBANK.NS,ICICIBANK.NS,0.42843350382113843
2025-11-14,HDFCBANK.NS,ICICIBANK.NS,0.41165628233728163
2025-11-17,HDFCBANK.NS,ICICIBANK.NS,0.42258561680968154
2025-11-18,HDFCBANK.NS,ICICIBANK.NS,0.42388288623570286
2025-11-19,HDFCBANK.NS,ICICIBANK.NS,0.42653520073871953
2025-11-20,HDFCBANK.NS,ICICIBANK.NS,0.40697091013026376
2025-11-21,HDFCBANK.NS,ICICIBANK.NS,0.4212922507061708
2025-11-24,HDFCBANK.NS,ICICIBANK.NS,0.4054895092905384
2025-11-25,HDFCBANK.NS,ICICIBANK.NS,0.3876941809009811
2025-11-26,HDFCBANK.NS,ICICIBANK.NS,0.4183689317553676
2025-11-27,HDFCBANK.NS,ICICIBANK.NS,0.43522561640018015
2025-11-28,HDFCBANK.NS,ICICIBANK.NS,0.4225743337607722
2025-12-01,HDFCBANK.NS,ICICIBANK.NS,0.41960784965429754
2025-12-02,HDFCBANK.NS,ICICIBANK.NS,0.4366734813191905
2025-12-03,HDFCBANK.NS,ICICIBANK.NS,0.4581402803313172
2025-12-04,HDFCBANK.NS,ICICIBANK.NS,0.4601142174204737
2025-12-05,HDFCBANK.NS,ICICIBANK.NS,0.46347984723363694
2025-12-08,HDFCBANK.NS,ICICIBANK.NS,0.46368143861491484
2025-12-09,HDFCBANK.NS,ICICIBANK.NS,0.4733732195679694
2025-12-10,HDFCBANK.NS,ICICIBANK.NS,0.4906370404532867
2025-12-11,HDFCBANK.NS,ICICIBANK.NS,0.47779845489620426
2025-12-12,HDFCBANK.NS,ICICIBANK.NS,0.4780739131195357
2025-12-15,HDFCBANK.NS,ICICIBANK.NS,0.47517738800989046
2025-12-16,HDFCBANK.NS,ICICIBANK.NS,0.4765362722901598
2025-12-17,HDFCBANK.NS,ICICIBANK.NS,0.47047337969423936
2025-12-18,HDFCBANK.NS,ICICIBANK.NS,0.4644788236059493
2025-12-19,HDFCBANK.NS,ICICIBANK.NS,0.4563940010180136
2025-12-22,HDFCBANK.NS,ICICIBANK.NS,0.4478985952604364
2025-12-23,HDFCBANK.NS,ICICIBANK.NS,0.4329499193613442
2025-12-24,HDFCBANK.NS,ICICIBANK.NS,0.42346886644812326
2025-12-26,HDFCBANK.NS,ICICIBANK.NS,0.4443567025170994
2025-12-29,HDFCBANK.NS,ICICIBANK.NS,0.4445830412941342
2025-12-30,HDFCBANK.NS,ICICIBANK.NS,0.4055414568619868
2025-12-31,HDFCBANK.NS,ICICIBANK.NS,0.4057213883226659
2026-01-01,HDFCBANK.NS,ICICIBANK.NS,0.41306187408681383
2026-01-02,HDFCBANK.NS,ICICIBANK.NS,0.42145278611643444
2026-01-05,HDFCBANK.NS,ICICIBANK.NS,0.30391422251300626
2026-01-06,HDFCBANK.NS,ICICIBANK.NS,0.17615781659438423
2026-01-07,HDFCBANK.NS,ICICIBANK.NS,0.13695926455097993
2026-01-08,HDFCBANK.NS,ICICIBANK.NS,0.1340739336501904
2026-01-09,HDFCBANK.NS,ICICIBANK.NS,0.16130125383608568
2026-01-12,HDFCBANK.NS,ICICIBANK.NS,0.15661359109209047
2026-01-13,HDFCBANK.NS,ICICIBANK.NS,0.11799272195039275
2026-01-14,HDFCBANK.NS,ICICIBANK.NS,0.12224787054917807
2026-01-15,HDFCBANK.NS,ICICIBANK.NS,0.14612885422676714
2026-01-16,HDFCBANK.NS,ICICIBANK.NS,0.1448954066419763
2026-01-19,HDFCBANK.NS,ICICIBANK.NS,0.1587320758223787
2026-01-20,HDFCBANK.NS,ICICIBANK.NS,0.1887541081505555
2026-01-21,HDFCBANK.NS,ICICIBANK.NS,0.22666975348081406
2026-01-22,HDFCBANK.NS,ICICIBANK.NS,0.23356049501589699
2026-01-23,HDFCBANK.NS,ICICIBANK.NS,0.22838272432700238
2026-01-27,HDFCBANK.NS,ICICIBANK.NS,0.24959901946804358
2026-01-28,HDFCBANK.NS,ICICIBANK.NS,0.2338555093970447
2026-01-29,HDFCBANK.NS,ICICIBANK.NS,0.24144069672655685
2026-01-30,HDFCBANK.NS,ICICIBANK.NS,0.24980949861371166
2026-02-02,HDFCBANK.NS,ICICIBANK.NS,0.25402256589652766
2026-02-03,HDFCBANK.NS,ICICIBANK.NS,0.3537687887753871
2026-02-04,HDFCBANK.NS,ICICIBANK.NS,0.36000914850419685
2026-02-05,HDFCBANK.NS,ICICIBANK.NS,0.35611569035488555
2026-02-06,HDFCBANK.NS,ICICIBANK.NS,0.34201235401763885
2026-02-09,HDFCBANK.NS,ICICIBANK.NS,0.3627009487499746
2026-02-10,HDFCBANK.NS,ICICIBANK.NS,0.3652246727322839
2026-02-11,HDFCBANK.NS,ICICIBANK.NS,0.3620120528450616
2026-02-12,HDFCBANK.NS,ICICIBANK.NS,0.33301410074989624
2026-02-13,HDFCBANK.NS,ICICIBANK.NS,0.3513122168552591
2026-02-16,HDFCBANK.NS,ICICIBANK.NS,0.3249918210930802
2026-02-17,HDFCBANK.NS,ICICIBANK.NS,0.31227585136010494
2026-02-18,HDFCBANK.NS,ICICIBANK.NS,0.3130625424983829
2026-02-19,HDFCBANK.NS,ICICIBANK.NS,0.3196538590355862
2026-02-20,HDFCBANK.NS,ICICIBANK.NS,0.29410033355316567
2026-02-23,HDFCBANK.NS,ICICIBANK.NS,0.2846381871616564
2026-02-24,HDFCBANK.NS,ICICIBANK.NS,0.3011846150294359
2026-02-25,HDFCBANK.NS,ICICIBANK.NS,0.2962624409083415
2026-02-26,HDFCBANK.NS,ICICIBANK.NS,0.27241410180188275
2026-02-27,HDFCBANK.NS,ICICIBANK.NS,0.2750753753943368
2026-03-02,HDFCBANK.NS,ICICIBANK.NS,0.27725337840555736
2026-03-04,HDFCBANK.NS,ICICIBANK.NS,0.28031532816606447
2026-03-05,HDFCBANK.NS,ICICIBANK.NS,0.2636996568627015
2026-03-06,HDFCBANK.NS,ICICIBANK.NS,0.3379824514748433
2026-03-09,HDFCBANK.NS,ICICIBANK.NS,0.3755057244101096
2026-03-10,HDFCBANK.NS,ICICIBANK.NS,0.4140418654358898
2026-03-11,HDFCBANK.NS,ICICIBANK.NS,0.4267632923201038
2026-03-12,HDFCBANK.NS,ICICIBANK.NS,0.4132512948400078
2026-03-13,HDFCBANK.NS,ICICIBANK.NS,0.41951742758969485
2026-03-16,HDFCBANK.NS,ICICIBANK.NS,0.4378690533206722
2026-03-17,HDFCBANK.NS,ICICIBANK.NS,0.44626076980192797
2026-03-18,HDFCBANK.NS,ICICIBANK.NS,0.4497560684258351
2026-03-19,HDFCBANK.NS,ICICIBANK.NS,0.5122763554808698
2026-03-20,HDFCBANK.NS,ICICIBANK.NS,0.5149694195947393
2026-03-23,HDFCBANK.NS,ICICIBANK.NS,0.530511368091049
2026-03-24,HDFCBANK.NS,ICICIBANK.NS,0.5611022230043771
2026-03-25,HDFCBANK.NS,ICICIBANK.NS,0.5629609844483885
2026-03-27,HDFCBANK.NS,ICICIBANK.NS,0.5806826173199539
2026-03-30,HDFCBANK.NS,ICICIBANK.NS,0.5982969888994454
2026-04-01,HDFCBANK.NS,ICICIBANK.NS,0.6009851553574714
2026-04-02,HDFCBANK.NS,ICICIBANK.NS,0.593710215518262
2026-04-06,HDFCBANK.NS,ICICIBANK.NS,0.6338387212472667
2026-04-07,HDFCBANK.NS,ICICIBANK.NS,0.6893194821035634
2026-04-08,HDFCBANK.NS,ICICIBANK.NS,0.7642837650073334
2026-04-09,HDFCBANK.NS,ICICIBANK.NS,0.7708224749177761
2026-04-10,HDFCBANK.NS,ICICIBANK.NS,0.7757751575701352
2026-04-13,HDFCBANK.NS,ICICIBANK.NS,0.7368912993312238
2026-04-15,HDFCBANK.NS,ICICIBANK.NS,0.7313070810996052
2026-04-16,HDFCBANK.NS,ICICIBANK.NS,0.7262371752648686
2026-04-17,HDFCBANK.NS,ICICIBANK.NS,0.7258380812907037
2026-04-20,HDFCBANK.NS,ICICIBANK.NS,0.7269499860502958
2026-04-21,HDFCBANK.NS,ICICIBANK.NS,0.7439219549297054
2026-04-22,HDFCBANK.NS,ICICIBANK.NS,0.7481095001616577
2026-04-23,HDFCBANK.NS,ICICIBANK.NS,0.7522526297435367
2026-04-24,HDFCBANK.NS,ICICIBANK.NS,0.743356010111558
2026-04-27,HDFCBANK.NS,ICICIBANK.NS,0.7359797533594278
2026-04-28,HDFCBANK.NS,ICICIBANK.NS,0.7323523272724474
2026-04-29,HDFCBANK.NS,ICICIBANK.NS,0.7311178276349679
2026-04-30,HDFCBANK.NS,ICICIBANK.NS,0.7314223352057656
2026-05-01,HDFCBANK.NS,ICICIBANK.NS,0.7365404337022535
2026-05-04,HDFCBANK.NS,ICICIBANK.NS,0.7375105147692471
2026-05-05,HDFCBANK.NS,ICICIBANK.NS,0.727414510734828
2026-05-06,HDFCBANK.NS,ICICIBANK.NS,0.7391625107060056
2026-05-07,HDFCBANK.NS,ICICIBANK.NS,0.7400830475616236
2026-05-08,HDFCBANK.NS,ICICIBANK.NS,0.7470650664042356
2026-05-11,HDFCBANK.NS,ICICIBANK.NS,0.7384177736525624
2026-05-12,HDFCBANK.NS,ICICIBANK.NS,0.7436916424615302
2026-05-13,HDFCBANK.NS,ICICIBANK.NS,0.7436819620891258
2026-05-14,HDFCBANK.NS,ICICIBANK.NS,0.7562935649296076
2026-05-15,HDFCBANK.NS,ICICIBANK.NS,0.7548999773535415
2026-05-18,HDFCBANK.NS,ICICIBANK.NS,0.7672116636932149
2026-05-19,HDFCBANK.NS,ICICIBANK.NS,0.7678142638595623
2026-05-20,HDFCBANK.NS,ICICIBANK.NS,0.7677788877385381
2026-05-21,HDFCBANK.NS,ICICIBANK.NS,0.7675061550258484
2026-05-22,HDFCBANK.NS,ICICIBANK.NS,0.7700440907901378
2026-05-25,HDFCBANK.NS,ICICIBANK.NS,0.7785344948670843
2026-05-26,HDFCBANK.NS,ICICIBANK.NS,0.777931236240875
2026-05-27,HDFCBANK.NS,ICICIBANK.NS,0.7772796019334633
2026-05-28,HDFCBANK.NS,ICICIBANK.NS,0.7804057363618626
2026-05-29,HDFCBANK.NS,ICICIBANK.NS,0.7827438621943651
2026-06-01,HDFCBANK.NS,ICICIBANK.NS,0.779329162316087
2026-06-02,HDFCBANK.NS,ICICIBANK.NS,0.7709716132065971
2026-06-03,HDFCBANK.NS,ICICIBANK.NS,0.7774137578613954
2026-06-04,HDFCBANK.NS,ICICIBANK.NS,0.7736716835486624
2026-06-05,HDFCBANK.NS,ICICIBANK.NS,0.7656154699165534
2026-06-08,HDFCBANK.NS,ICICIBANK.NS,0.7700685782935652
2026-06-09,HDFCBANK.NS,ICICIBANK.NS,0.7579538489547454
2026-06-10,HDFCBANK.NS,ICICIBANK.NS,0.7733874844671348
2026-06-11,HDFCBANK.NS,ICICIBANK.NS,0.7614776245836669
2026-06-12,HDFCBANK.NS,ICICIBANK.NS,0.7629192296762252
2026-06-15,HDFCBANK.NS,ICICIBANK.NS,0.7545375024218987
2026-06-16,HDFCBANK.NS,ICICIBANK.NS,0.7547689561216966
2026-06-17,HDFCBANK.NS,ICICIBANK.NS,0.7332934472605058
2026-06-18,HDFCBANK.NS,ICICIBANK.NS,0.7345284064170216
2026-06-19,HDFCBANK.NS,ICICIBANK.NS,0.7265891873425045
2026-06-22,HDFCBANK.NS,ICICIBANK.NS,0.7158159925918077
2026-06-23,HDFCBANK.NS,ICICIBANK.NS,0.7219318911930788
2026-06-24,HDFCBANK.NS,ICICIBANK.NS,0.71943387729872
2026-06-25,HDFCBANK.NS,ICICIBANK.NS,0.7022465268077461
2026-06-26,HDFCBANK.NS,ICICIBANK.NS,0.7033595601679775
2026-06-29,HDFCBANK.NS,ICICIBANK.NS,0.7050552354804863
2026-06-30,HDFCBANK.NS,ICICIBANK.NS,0.7017043103853782
2026-07-01,HDFCBANK.NS,ICICIBANK.NS,0.7034579623086212
2026-07-02,HDFCBANK.NS,ICICIBANK.NS,0.6168724563565426
2026-07-03,HDFCBANK.NS,ICICIBANK.NS,0.5987732899292749
2026-07-06,HDFCBANK.NS,ICICIBANK.NS,0.5874405131943433
2026-07-07,HDFCBANK.NS,ICICIBANK.NS,0.6560679713298134
2026-07-08,HDFCBANK.NS,ICICIBANK.NS,0.6901289532188258
2026-07-09,HDFCBANK.NS,ICICIBANK.NS,0.6936514135118469
2026-07-10,HDFCBANK.NS,ICICIBANK.NS,0.6957512979737878
2026-07-13,HDFCBANK.NS,ICICIBANK.NS,0.6940010663319884
2026-07-14,HDFCBANK.NS,ICICIBANK.NS,0.678940360117051
2026-07-15,HDFCBANK.NS,ICICIBANK.NS,0.6726016250920496
2026-07-16,HDFCBANK.NS,ICICIBANK.NS,0.6584243479118176
2026-07-17,HDFCBANK.NS,ICICIBANK.NS,0.6770398537276556
2026-07-20,HDFCBANK.NS,ICICIBANK.NS,0.5673178812900719
2026-07-21,HDFCBANK.NS,ICICIBANK.NS,0.5562870804345534
2026-07-22,HDFCBANK.NS,ICICIBANK.NS,0.5610147783475228
2026-07-23,HDFCBANK.NS,ICICIBANK.NS,0.5598867915242843
2026-07-24,HDFCBANK.NS,ICICIBANK.NS,0.5609094060656062
2026-07-27,HDFCBANK.NS,ICICIBANK.NS,0.5551830629292457
2026-07-28,HDFCBANK.NS,ICICIBANK.NS,0.5532019318386877
2026-07-29,HDFCBANK.NS,ICICIBANK.NS,0.5213357669756039
2026-07-30,HDFCBANK.NS,ICICIBANK.NS,0.5152382634228518
2026-07-31,HDFCBANK.NS,ICICIBANK.NS,0.5022501384628493
2026-08-03,HDFCBANK.NS,ICICIBANK.NS,0.505143394214257
2026-08-04,HDFCBANK.NS,ICICIBANK.NS,0.4913453633780605
2026-08-05,HDFCBANK.NS,ICICIBANK.NS,0.49514871097426166
2026-08-06,HDFCBANK.NS,ICICIBANK.NS,0.4940711620836738
2026-08-07,HDFCBANK.NS,ICICIBANK.NS,0.4796642490690016
2026-08-10,HDFCBANK.NS,ICICIBANK.NS,0.4788079437897399
2026-08-11,HDFCBANK.NS,ICICIBANK.NS,0.4752971990954039
2026-08-12,HDFCBANK.NS,ICICIBANK.NS,0.47435837358889027
2026-08-13,HDFCBANK.NS,ICICIBANK.NS,0.47251199024760415
2026-08-14,HDFCBANK.NS,ICICIBANK.NS,0.4656710295426734
2026-08-17,HDFCBANK.NS,ICICIBANK.NS,0.4320953073256219
2026-08-18,HDFCBANK.NS,ICICIBANK.NS,0.42757853473462903
2026-08-19,HDFCBANK.NS,ICICIBANK.NS,0.4228659106656825
2026-08-20,HDFCBANK.NS,ICICIBANK.NS,0.42563051749638753
2026-08-21,HDFCBANK.NS,ICICIBANK.NS,0.4075255325913841
2026-08-24,HDFCBANK.NS,ICICIBANK.NS,0.4070454294476974
2026-08-25,HDFCBANK.NS,ICICIBANK.NS,0.4245034938967431
2026-08-26,HDFCBANK.NS,ICICIBANK.NS,0.41946779031061243
2026-08-27,HDFCBANK.NS,ICICIBANK.NS,0.3912408956736249
2026-08-28,HDFCBANK.NS,ICICIBANK.NS,0.3626876047978572
2026-08-31,HDFCBANK.NS,ICICIBANK.NS,0.30462191594652466
2026-09-01,HDFCBANK.NS,ICICIBANK.NS,0.3003737066402732
2026-09-02,HDFCBANK.NS,ICICIBANK.NS,0.3007394226551808
2026-09-03,HDFCBANK.NS,ICICIBANK.NS,0.3115127316748542
2026-09-04,HDFCBANK.NS,ICICIBANK.NS,0.25057752377590586
2026-09-07,HDFCBANK.NS,ICICIBANK.NS,0.26432571903522867
2026-09-08,HDFCBANK.NS,ICICIBANK.NS,0.27542065196818544
2026-09-09,HDFCBANK.NS,ICICIBANK.NS,0.2890086110032635
2026-09-10,HDFCBANK.NS,ICICIBANK.NS,0.2781132997624492
2026-09-11,HDFCBANK.NS,ICICIBANK.NS,0.2609570569715808
2026-09-14,HDFCBANK.NS,ICICIBANK.NS,0.257708086495952
2026-09-15,HDFCBANK.NS,ICICIBANK.NS,0.20033068805414578
2026-09-16,HDFCBANK.NS,ICICIBANK.NS,0.13736374699058226
2026-09-17,HDFCBANK.NS,ICICIBANK.NS,0.14055020219838327
2026-09-18,HDFCBANK.NS,ICICIBANK.NS,0.11472564167325702
2026-09-21,HDFCBANK.NS,ICICIBANK.NS,0.12126601495645946
2026-09-22,HDFCBANK.NS,ICICIBANK.NS,0.12186787784856917
2026-09-23,HDFCBANK.NS,ICICIBANK.NS,0.12242436833870497
2026-09-24,HDFCBANK.NS,ICICIBANK.NS,0.12671795709718142
2026-09-25,HDFCBANK.NS,ICICIBANK.NS,0.11156874281775642
2026-09-28,HDFCBANK.NS,ICICIBANK.NS,0.10378258476308731
2026-09-29,HDFCBANK.NS,ICICIBANK.NS,0.09919947995142826
2026-09-30,HDFCBANK.NS,ICICIBANK.NS,-0.016526973174028833
2026-10-01,HDFCBANK.NS,ICICIBANK.NS,-0.03689194969191211
2021-12-31,HDFCBANK.NS,RELIANCE.NS,0.39925137619618467
2022-01-03,HDFCBANK.NS,RELIANCE.NS,0.43863390937117774
2022-01-04,HDFCBANK.NS,RELIANCE.NS,0.44459123945928364
2022-01-05,HDFCBANK.NS,RELIANCE.NS,0.4713841566440535
2022-01-06,HDFCBANK.NS,RELIANCE.NS,0.503268764460302
2022-01-07,HDFCBANK.NS,RELIANCE.NS,0.5077129553098025
2022-01-10,HDFCBANK.NS,RELIANCE.NS,0.5047359530000013
2022-01-11,HDFCBANK.NS,RELIANCE.NS,0.5252349337934035
2022-01-12,HDFCBANK.NS,RELIANCE.NS,0.5089174516771834
2022-01-13,HDFCBANK.NS,RELIANCE.NS,0.48685351681272543
2022-01-14,HDFCBANK.NS,RELIANCE.NS,0.4814855496977387
2022-01-17,HDFCBANK.NS,RELIANCE.NS,0.4860803272055671
2022-01-18,HDFCBANK.NS,RELIANCE.NS,0.47698291231706436
2022-01-19,HDFCBANK.NS,RELIANCE.NS,0.4721839915804295
2022-01-20,HDFCBANK.NS,RELIANCE.NS,0.4836054610007735
2022-01-21,HDFCBANK.NS,RELIANCE.NS,0.4798763781056336
2022-01-24,HDFCBANK.NS,RELIANCE.NS,0.5162655312307183
2022-01-25,HDFCBANK.NS,RELIANCE.NS,0.5136679865787614
2022-01-27,HDFCBANK.NS,RELIANCE.NS,0.5230293614706201
2022-01-28,HDFCBANK.NS,RELIANCE.NS,0.5267515998945556
2022-01-31,HDFCBANK.NS,RELIANCE.NS,0.540701990918634
2022-02-01,HDFCBANK.NS,RELIANCE.NS,0.5348466216161398
2022-02-02,HDFCBANK.NS,RELIANCE.NS,0.5223283278180997
2022-02-03,HDFCBANK.NS,RELIANCE.NS,0.5475730315713536
2022-02-04,HDFCBANK.NS,RELIANCE.NS,0.5572924775701809
2022-02-07,HDFCBANK.NS,RELIANCE.NS,0.5323611546121474
2022-02-08,HDFCBANK.NS,RELIANCE.NS,0.5224767907152454
2022-02-09,HDFCBANK.NS,RELIANCE.NS,0.5285799842450152
2022-02-10,HDFCBANK.NS,RELIANCE.NS,0.518585150084594
2022-02-11,HDFCBANK.NS,RELIANCE.NS,0.5112680852538439
2022-02-14,HDFCBANK.NS,RELIANCE.NS,0.518351531103269
2022-02-15,HDFCBANK.NS,RELIANCE.NS,0.537984923430604
2022-02-16,HDFCBANK.NS,RELIANCE.NS,0.5392562272383923
2022-02-17,HDFCBANK.NS,RELIANCE.NS,0.536272218699975
2022-02-18,HDFCBANK.NS,RELIANCE.NS,0.5720439507308692
2022-02-21,HDFCBANK.NS,RELIANCE.NS,0.5389099820418364
2022-02-22,HDFCBANK.NS,RELIANCE.NS,0.5369752059901716
2022-02-23,HDFCBANK.NS,RELIANCE.NS,0.5371593685555857
2022-02-24,HDFCBANK.NS,RELIANCE.NS,0.6186061342028846
2022-02-25,HDFCBANK.NS,RELIANCE.NS,0.6225732466530278
2022-02-28,HDFCBANK.NS,RELIANCE.NS,0.5528364302516201
2022-03-02,HDFCBANK.NS,RELIANCE.NS,0.49086780781416633
2022-03-03,HDFCBANK.NS,RELIANCE.NS,0.4869766042366368
2022-03-04,HDFCBANK.NS,RELIANCE.NS,0.47153544608289144
2022-03-07,HDFCBANK.NS,RELIANCE.NS,0.5261445143505815
2022-03-08,HDFCBANK.NS,RELIANCE.NS,0.5259170558052695
2022-03-09,HDFCBANK.NS,RELIANCE.NS,0.568626987021547
2022-03-10,HDFCBANK.NS,RELIANCE.NS,0.5745667742513104
2022-03-11,HDFCBANK.NS,RELIANCE.NS,0.5748303850050408
2022-03-14,HDFCBANK.NS,RELIANCE.NS,0.5723502293422342
2022-03-15,HDFCBANK.NS,RELIANCE.NS,0.5677529481692346
2022-03-16,HDFCBANK.NS,RELIANCE.NS,0.5535846943939946
2022-03-17,HDFCBANK.NS,RELIANCE.NS,0.5648467986330318
2022-03-21,HDFCBANK.NS,RELIANCE.NS,0.5681006018116546
2022-03-22,HDFCBANK.NS,RELIANCE.NS,0.564566224823453
2022-03-23,HDFCBANK.NS,RELIANCE.NS,0.5624949333413058
2022-03-24,HDFCBANK.NS,RELIANCE.NS,0.5342075638921193
2022-03-25,HDFCBANK.NS,RELIANCE.NS,0.5292120555343431
2022-03-28,HDFCBANK.NS,RELIANCE.NS,0.5291806252522689
2022-03-29,HDFCBANK.NS,RELIANCE.NS,0.536834264350048
2022-03-30,HDFCBANK.NS,RELIANCE.NS,0.544819698414631
2022-03-31,HDFCBANK.NS,RELIANCE.NS,0.5389757288848709
2022-04-01,HDFCBANK.NS,RELIANCE.NS,0.5380876979769835
2022-04-04,HDFCBANK.NS,RELIANCE.NS,0.4447883551450259
2022-04-05,HDFCBANK.NS,RELIANCE.NS,0.4467111923373224
2022-04-06,HDFCBANK.NS,RELIANCE.NS,0.44205639901481625
2022-04-07,HDFCBANK.NS,RELIANCE.NS,0.4518002442372066
2022-04-08,HDFCBANK.NS,RELIANCE.NS,0.4477344871825676
2022-04-11,HDFCBANK.NS,RELIANCE.NS,0.46201525960586
2022-04-12,HDFCBANK.NS,RELIANCE.NS,0.46521930645245463
2022-04-13,HDFCBANK.NS,RELIANCE.NS,0.4659009054739023
2022-04-18,HDFCBANK.NS,RELIANCE.NS,0.46090182766867827
2022-04-19,HDFCBANK.NS,RELIANCE.NS,0.3890576505537461
2022-04-20,HDFCBANK.NS,RELIANCE.NS,0.3922215238124062
2022-04-21,HDFCBANK.NS,RELIANCE.NS,0.39952031610129557
2022-04-22,HDFCBANK.NS,RELIANCE.NS,0.4035729589377058
2022-04-25,HDFCBANK.NS,RELIANCE.NS,0.3740894372598338
2022-04-26,HDFCBANK.NS,RELIANCE.NS,0.3735419858014183
2022-04-27,HDFCBANK.NS,RELIANCE.NS,0.37135821137965663
2022-04-28,HDFCBANK.NS,RELIANCE.NS,0.3694413832250202
2022-04-29,HDFCBANK.NS,RELIANCE.NS,0.3549697437514154
2022-05-02,HDFCBANK.NS,RELIANCE.NS,0.35267647965532234
2022-05-04,HDFCBANK.NS,RELIANCE.NS,0.38146156126123815
2022-05-05,HDFCBANK.NS,RELIANCE.NS,0.3754542940202093
2022-05-06,HDFCBANK.NS,RELIANCE.NS,0.3844697564621021
2022-05-09,HDFCBANK.NS,RELIANCE.NS,0.36275802201001917
2022-05-10,HDFCBANK.NS,RELIANCE.NS,0.35062982144719257
2022-05-11,HDFCBANK.NS,RELIANCE.NS,0.3411905075807008
2022-05-12,HDFCBANK.NS,RELIANCE.NS,0.3542531909632536
2022-05-13,HDFCBANK.NS,RELIANCE.NS,0.3504574058767906
2022-05-16,HDFCBANK.NS,RELIANCE.NS,0.33912903600737565
2022-05-17,HDFCBANK.NS,RELIANCE.NS,0.31507220083961235
2022-05-18,HDFCBANK.NS,RELIANCE.NS,0.31531049794462573
2022-05-19,HDFCBANK.NS,RELIANCE.NS,0.32813085282452253
2022-05-20,HDFCBANK.NS,RELIANCE.NS,0.360019228138458
2022-05-23,HDFCBANK.NS,RELIANCE.NS,0.36634394816146587
2022-05-24,HDFCBANK.NS,RELIANCE.NS,0.36539937293803265
2022-05-25,HDFCBANK.NS,RELIANCE.NS,0.36318642104906107
2022-05-26,HDFCBANK.NS,RELIANCE.NS,0.2827089186382658
2022-05-27,HDFCBANK.NS,RELIANCE.NS,0.27042296736800453
2022-05-30,HDFCBANK.NS,RELIANCE.NS,0.3019589641046436
2022-05-31,HDFCBANK.NS,RELIANCE.NS,0.33275732316877576
2022-06-01,HDFCBANK.NS,RELIANCE.NS,0.33207710429666454
2022-06-02,HDFCBANK.NS,RELIANCE.NS,0.31663806047144843
2022-06-03,HDFCBANK.NS,RELIANCE.NS,0.2800340675245277
2022-06-06,HDFCBANK.NS,RELIANCE.NS,0.2808066002977437
2022-06-07,HDFCBANK.NS,RELIANCE.NS,0.23722615301431463
2022-06-08,HDFCBANK.NS,RELIANCE.NS,0.22582373759949684
2022-06-09,HDFCBANK.NS,RELIANCE.NS,0.2298366065850891
2022-06-10,HDFCBANK.NS,RELIANCE.NS,0.2448807154067574
2022-06-13,HDFCBANK.NS,RELIANCE.NS,0.247593226618649
2022-06-14,HDFCBANK.NS,RELIANCE.NS,0.24392233465429322
2022-06-15,HDFCBANK.NS,RELIANCE.NS,0.22188315148386387
2022-06-16,HDFCBANK.NS,RELIANCE.NS,0.23236520628884258
2022-06-17,HDFCBANK.NS,RELIANCE.NS,0.2313750506043415
2022-06-20,HDFCBANK.NS,RELIANCE.NS,0.2079059338020874
2022-06-21,HDFCBANK.NS,RELIANCE.NS,0.2317012592968047
2022-06-22,HDFCBANK.NS,RELIANCE.NS,0.23420304983674103
2022-06-23,HDFCBANK.NS,RELIANCE.NS,0.22985822110447568
2022-06-24,HDFCBANK.NS,RELIANCE.NS,0.23684218889436484
2022-06-27,HDFCBANK.NS,RELIANCE.NS,0.22551870315866387
2022-06-28,HDFCBANK.NS,RELIANCE.NS,0.21948701365002524
2022-06-29,HDFCBANK.NS,RELIANCE.NS,0.21179617430625466
2022-06-30,HDFCBANK.NS,RELIANCE.NS,0.259156669636997
2022-07-01,HDFCBANK.NS,RELIANCE.NS,0.19995185086437545
2022-07-04,HDFCBANK.NS,RELIANCE.NS,0.2059479190161144
2022-07-05,HDFCBANK.NS,RELIANCE.NS,0.1923000492198502
2022-07-06,HDFCBANK.NS,RELIANCE.NS,0.1852152782187969
2022-07-07,HDFCBANK.NS,RELIANCE.NS,0.17454632560644476
2022-07-08,HDFCBANK.NS,RELIANCE.NS,0.1748454362619261
2022-07-11,HDFCBANK.NS,RELIANCE.NS,0.17856871516499384
2022-07-12,HDFCBANK.NS,RELIANCE.NS,0.18885771387046998
2022-07-13,HDFCBANK.NS,RELIANCE.NS,0.31504329471516695
2022-07-14,HDFCBANK.NS,RELIANCE.NS,0.3013766931899716
2022-07-15,HDFCBANK.NS,RELIANCE.NS,0.28630102201273333
2022-07-18,HDFCBANK.NS,RELIANCE.NS,0.2745198417199594
2022-07-19,HDFCBANK.NS,RELIANCE.NS,0.28735872288142483
2022-07-20,HDFCBANK.NS,RELIANCE.NS,0.2997819818919103
2022-07-21,HDFCBANK.NS,RELIANCE.NS,0.3005236097842232
2022-07-22,HDFCBANK.NS,RELIANCE.NS,0.30727605698368865
2022-07-25,HDFCBANK.NS,RELIANCE.NS,0.3032014263978902
2022-07-26,HDFCBANK.NS,RELIANCE.NS,0.3065061739353842
2022-07-27,HDFCBANK.NS,RELIANCE.NS,0.26456109958239554
2022-07-28,HDFCBANK.NS,RELIANCE.NS,0.26899075108789716
2022-07-29,HDFCBANK.NS,RELIANCE.NS,0.2795760061611712
2022-08-01,HDFCBANK.NS,RELIANCE.NS,0.29517976725324135
2022-08-02,HDFCBANK.NS,RELIANCE.NS,0.3132930473751708
2022-08-03,HDFCBANK.NS,RELIANCE.NS,0.3179604990326878
2022-08-04,HDFCBANK.NS,RELIANCE.NS,0.2962968925608896
2022-08-05,HDFCBANK.NS,RELIANCE.NS,0.3105350487106446
2022-08-08,HDFCBANK.NS,RELIANCE.NS,0.3209844053973952
2022-08-10,HDFCBANK.NS,RELIANCE.NS,0.3188445875446406
2022-08-11,HDFCBANK.NS,RELIANCE.NS,0.3192946809535059
2022-08-12,HDFCBANK.NS,RELIANCE.NS,0.28830700809620763
2022-08-16,HDFCBANK.NS,RELIANCE.NS,0.212032805158074
2022-08-17,HDFCBANK.NS,RELIANCE.NS,0.20740104037921056
2022-08-18,HDFCBANK.NS,RELIANCE.NS,0.20620987900145699
2022-08-19,HDFCBANK.NS,RELIANCE.NS,0.224660988261982
2022-08-22,HDFCBANK.NS,RELIANCE.NS,0.25913584992540295
2022-08-23,HDFCBANK.NS,RELIANCE.NS,0.26565585852303925
2022-08-24,HDFCBANK.NS,RELIANCE.NS,0.25499918115184755
2022-08-25,HDFCBANK.NS,RELIANCE.NS,0.24788156600409386
2022-08-26,HDFCBANK.NS,RELIANCE.NS,0.24819252782709622
2022-08-29,HDFCBANK.NS,RELIANCE.NS,0.28866603120565154
2022-08-30,HDFCBANK.NS,RELIANCE.NS,0.32368745938976345
2022-09-01,HDFCBANK.NS,RELIANCE.NS,0.3388588325874001
2022-09-02,HDFCBANK.NS,RELIANCE.NS,0.33665744620534305
2022-09-05,HDFCBANK.NS,RELIANCE.NS,0.34580983125478826
2022-09-06,HDFCBANK.NS,RELIANCE.NS,0.3327751213212219
2022-09-07,HDFCBANK.NS,RELIANCE.NS,0.297746445478899
2022-09-08,HDFCBANK.NS,RELIANCE.NS,0.2747794127790762
2022-09-09,HDFCBANK.NS,RELIANCE.NS,0.2640879666619232
2022-09-12,HDFCBANK.NS,RELIANCE.NS,0.2517082213316206
2022-09-13,HDFCBANK.NS,RELIANCE.NS,0.23680368828436488
2022-09-14,HDFCBANK.NS,RELIANCE.NS,0.22280234206102054
2022-09-15,HDFCBANK.NS,RELIANCE.NS,0.2825475233432172
2022-09-16,HDFCBANK.NS,RELIANCE.NS,0.30788591358893225
2022-09-19,HDFCBANK.NS,RELIANCE.NS,0.29784289741755837
2022-09-20,HDFCBANK.NS,RELIANCE.NS,0.30084067042869644
2022-09-21,HDFCBANK.NS,RELIANCE.NS,0.2878299881901412
2022-09-22,HDFCBANK.NS,RELIANCE.NS,0.2978399939349816
2022-09-23,HDFCBANK.NS,RELIANCE.NS,0.34357143650792854
2022-09-26,HDFCBANK.NS,RELIANCE.NS,0.3758039598311855
2022-09-27,HDFCBANK.NS,RELIANCE.NS,0.3635819289281066
2022-09-28,HDFCBANK.NS,RELIANCE.NS,0.5017578510054308
2022-09-29,HDFCBANK.NS,RELIANCE.NS,0.5021430186874741
2022-09-30,HDFCBANK.NS,RELIANCE.NS,0.5365700437911399
2022-10-03,HDFCBANK.NS,RELIANCE.NS,0.5554160974985527
2022-10-04,HDFCBANK.NS,RELIANCE.NS,0.6018100071778308
2022-10-06,HDFCBANK.NS,RELIANCE.NS,0.5934626334199554
2022-10-07,HDFCBANK.NS,RELIANCE.NS,0.5885857689579593
2022-10-10,HDFCBANK.NS,RELIANCE.NS,0.5954575493661769
2022-10-11,HDFCBANK.NS,RELIANCE.NS,0.5867442411627959
2022-10-12,HDFCBANK.NS,RELIANCE.NS,0.5959722334824488
2022-10-13,HDFCBANK.NS,RELIANCE.NS,0.5876460591800622
2022-10-14,HDFCBANK.NS,RELIANCE.NS,0.5570931792437068
2022-10-17,HDFCBANK.NS,RELIANCE.NS,0.5577664041606556
2022-10-18,HDFCBANK.NS,RELIANCE.NS,0.5369398683361515
2022-10-19,HDFCBANK.NS,RELIANCE.NS,0.5412746950409757
2022-10-20,HDFCBANK.NS,RELIANCE.NS,0.5383185856087899
2022-10-21,HDFCBANK.NS,RELIANCE.NS,0.5787654850140734
2022-10-24,HDFCBANK.NS,RELIANCE.NS,0.5764071458983956
2022-10-25,HDFCBANK.NS,RELIANCE.NS,0.5820862952933875
2022-10-27,HDFCBANK.NS,RELIANCE.NS,0.5782970847322539
2022-10-28,HDFCBANK.NS,RELIANCE.NS,0.5520618380605758
2022-10-31,HDFCBANK.NS,RELIANCE.NS,0.5543977864634728
2022-11-01,HDFCBANK.NS,RELIANCE.NS,0.5511114548645017
2022-11-02,HDFCBANK.NS,RELIANCE.NS,0.5506658090160373
2022-11-03,HDFCBANK.NS,RELIANCE.NS,0.5494987258832946
2022-11-04,HDFCBANK.NS,RELIANCE.NS,0.5312805648113093
2022-11-07,HDFCBANK.NS,RELIANCE.NS,0.5217150815795473
2022-11-09,HDFCBANK.NS,RELIANCE.NS,0.5214168052244591
2022-11-10,HDFCBANK.NS,RELIANCE.NS,0.5021519356173505
2022-11-11,HDFCBANK.NS,RELIANCE.NS,0.5453644679543552
2022-11-14,HDFCBANK.NS,RELIANCE.NS,0.5415892521563581
2022-11-15,HDFCBANK.NS,RELIANCE.NS,0.5398747792650322
2022-11-16,HDFCBANK.NS,RELIANCE.NS,0.5346479076373145
2022-11-17,HDFCBANK.NS,RELIANCE.NS,0.5202296379962327
2022-11-18,HDFCBANK.NS,RELIANCE.NS,0.5219127829446675
2022-11-21,HDFCBANK.NS,RELIANCE.NS,0.5430771163416064
2022-11-22,HDFCBANK.NS,RELIANCE.NS,0.5413384097065281
2022-11-23,HDFCBANK.NS,RELIANCE.NS,0.540488373986189
2022-11-24,HDFCBANK.NS,RELIANCE.NS,0.5453806754953058
2022-11-25,HDFCBANK.NS,RELIANCE.NS,0.5260973840368407
2022-11-28,HDFCBANK.NS,RELIANCE.NS,0.4421641190065967
2022-11-29,HDFCBANK.NS,RELIANCE.NS,0.4332798916615116
2022-11-30,HDFCBANK.NS,RELIANCE.NS,0.4487025665729077
2022-12-01,HDFCBANK.NS,RELIANCE.NS,0.4439836856600023
2022-12-02,HDFCBANK.NS,RELIANCE.NS,0.4508278751959295
2022-12-05,HDFCBANK.NS,RELIANCE.NS,0.44010669629475774
2022-12-06,HDFCBANK.NS,RELIANCE.NS,0.44034597245337653
2022-12-07,HDFCBANK.NS,RELIANCE.NS,0.43823748853882566
2022-12-08,HDFCBANK.NS,RELIANCE.NS,0.44512669588206766
2022-12-09,HDFCBANK.NS,RELIANCE.NS,0.42636180574271204
2022-12-12,HDFCBANK.NS,RELIANCE.NS,0.4411927929628654
2022-12-13,HDFCBANK.NS,RELIANCE.NS,0.43811714891850506
2022-12-14,HDFCBANK.NS,RELIANCE.NS,0.4064482808204947
2022-12-15,HDFCBANK.NS,RELIANCE.NS,0.4234055660861346
2022-12-16,HDFCBANK.NS,RELIANCE.NS,0.4232581044675994
2022-12-19,HDFCBANK.NS,RELIANCE.NS,0.42273115799339006
2022-12-20,HDFCBANK.NS,RELIANCE.NS,0.4030536173820963
2022-12-21,HDFCBANK.NS,RELIANCE.NS,0.38016975233341216
2022-12-22,HDFCBANK.NS,RELIANCE.NS,0.3567899617132481
2022-12-23,HDFCBANK.NS,RELIANCE.NS,0.38260401609936
2022-12-26,HDFCBANK.NS,RELIANCE.NS,0.3550917438783756
2022-12-27,HDFCBANK.NS,RELIANCE.NS,0.35057059514480227
2022-12-28,HDFCBANK.NS,RELIANCE.NS,0.3111245770636334
2022-12-29,HDFCBANK.NS,RELIANCE.NS,0.30700071822451946
2022-12-30,HDFCBANK.NS,RELIANCE.NS,0.26847898587985813
2023-01-02,HDFCBANK.NS,RELIANCE.NS,0.27169420015091006
2023-01-03,HDFCBANK.NS,RELIANCE.NS,0.26941189044172337
2023-01-04,HDFCBANK.NS,RELIANCE.NS,0.28326310109653763
2023-01-05,HDFCBANK.NS,RELIANCE.NS,0.2634365509567601
2023-01-06,HDFCBANK.NS,RELIANCE.NS,0.25428706737711787
2023-01-09,HDFCBANK.NS,RELIANCE.NS,0.2520319609011011
2023-01-10,HDFCBANK.NS,RELIANCE.NS,0.3215515610226632
2023-01-11,HDFCBANK.NS,RELIANCE.NS,0.2911578865286505
2023-01-12,HDFCBANK.NS,RELIANCE.NS,0.2856596643615305
2023-01-13,HDFCBANK.NS,RELIANCE.NS,0.273927841084457
2023-01-16,HDFCBANK.NS,RELIANCE.NS,0.28725523810045384
2023-01-17,HDFCBANK.NS,RELIANCE.NS,0.2947255266377965
2023-01-18,HDFCBANK.NS,RELIANCE.NS,0.2851636332970116
2023-01-19,HDFCBANK.NS,RELIANCE.NS,0.27313728099494355
2023-01-20,HDFCBANK.NS,RELIANCE.NS,0.25826588792371963
2023-01-23,HDFCBANK.NS,RELIANCE.NS,0.2671967273973286
2023-01-24,HDFCBANK.NS,RELIANCE.NS,0.23746486325916608
2023-01-25,HDFCBANK.NS,RELIANCE.NS,0.2793017565627419
2023-01-27,HDFCBANK.NS,RELIANCE.NS,0.3131327841358007
2023-01-30,HDFCBANK.NS,RELIANCE.NS,0.312311571945631
2023-01-31,HDFCBANK.NS,RELIANCE.NS,0.33415361833454427
2023-02-01,HDFCBANK.NS,RELIANCE.NS,0.31955643958203944
2023-02-02,HDFCBANK.NS,RELIANCE.NS,0.32199817131096264
2023-02-03,HDFCBANK.NS,RELIANCE.NS,0.32812122735675364
2023-02-06,HDFCBANK.NS,RELIANCE.NS,0.2192563480893189
2023-02-07,HDFCBANK.NS,RELIANCE.NS,0.22012468643975738
2023-02-08,HDFCBANK.NS,RELIANCE.NS,0.21247360840201268
2023-02-09,HDFCBANK.NS,RELIANCE.NS,0.2170825868935715
2023-02-10,HDFCBANK.NS,RELIANCE.NS,0.22000759708001544
2023-02-13,HDFCBANK.NS,RELIANCE.NS,0.22033076807594476
2023-02-14,HDFCBANK.NS,RELIANCE.NS,0.22078218931574303
2023-02-15,HDFCBANK.NS,RELIANCE.NS,0.20721592276405013
2023-02-16,HDFCBANK.NS,RELIANCE.NS,0.20758184195849086
2023-02-17,HDFCBANK.NS,RELIANCE.NS,0.1883600949429644
2023-02-20,HDFCBANK.NS,RELIANCE.NS,0.21206486959394324
2023-02-21,HDFCBANK.NS,RELIANCE.NS,0.29368083712587867
2023-02-22,HDFCBANK.NS,RELIANCE.NS,0.33513717927940706
2023-02-23,HDFCBANK.NS,RELIANCE.NS,0.33088710292893625
2023-02-24,HDFCBANK.NS,RELIANCE.NS,0.3182112583624641
2023-02-27,HDFCBANK.NS,RELIANCE.NS,0.31919093680892685
2023-02-28,HDFCBANK.NS,RELIANCE.NS,0.3127665340660044
2023-03-01,HDFCBANK.NS,RELIANCE.NS,0.3100332050382578
2023-03-02,HDFCBANK.NS,RELIANCE.NS,0.3167115904136199
2023-03-03,HDFCBANK.NS,RELIANCE.NS,0.36276665588912366
2023-03-06,HDFCBANK.NS,RELIANCE.NS,0.38640383697311054
2023-03-08,HDFCBANK.NS,RELIANCE.NS,0.3860298859984742
2023-03-09,HDFCBANK.NS,RELIANCE.NS,0.37323334537747616
2023-03-10,HDFCBANK.NS,RELIANCE.NS,0.39880865905149776
2023-03-13,HDFCBANK.NS,RELIANCE.NS,0.3967401172733136
2023-03-14,HDFCBANK.NS,RELIANCE.NS,0.399928577070183
2023-03-15,HDFCBANK.NS,RELIANCE.NS,0.4124675553919193
2023-03-16,HDFCBANK.NS,RELIANCE.NS,0.42050178462223115
2023-03-17,HDFCBANK.NS,RELIANCE.NS,0.41023498799322516
2023-03-20,HDFCBANK.NS,RELIANCE.NS,0.413738036774282
2023-03-21,HDFCBANK.NS,RELIANCE.NS,0.42150683057608895
2023-03-22,HDFCBANK.NS,RELIANCE.NS,0.40857356231793807
2023-03-23,HDFCBANK.NS,RELIANCE.NS,0.41446527745359385
2023-03-24,HDFCBANK.NS,RELIANCE.NS,0.40971166178615726
2023-03-27,HDFCBANK.NS,RELIANCE.NS,0.41280500306079154
2023-03-28,HDFCBANK.NS,RELIANCE.NS,0.42127923057812394
2023-03-29,HDFCBANK.NS,RELIANCE.NS,0.42072087976228945
2023-03-31,HDFCBANK.NS,RELIANCE.NS,0.44895003825455926
2023-04-03,HDFCBANK.NS,RELIANCE.NS,0.4358884749809467
2023-04-05,HDFCBANK.NS,RELIANCE.NS,0.41449493328092285
2023-04-06,HDFCBANK.NS,RELIANCE.NS,0.42435305735095996
2023-04-10,HDFCBANK.NS,RELIANCE.NS,0.4351722853003527
2023-04-11,HDFCBANK.NS,RELIANCE.NS,0.4218239689441677
2023-04-12,HDFCBANK.NS,RELIANCE.NS,0.4485727261799383
2023-04-13,HDFCBANK.NS,RELIANCE.NS,0.46926200954075764
2023-04-17,HDFCBANK.NS,RELIANCE.NS,0.45091710901699383
2023-04-18,HDFCBANK.NS,RELIANCE.NS,0.448216986987457
2023-04-19,HDFCBANK.NS,RELIANCE.NS,0.43613815741128253
2023-04-20,HDFCBANK.NS,RELIANCE.NS,0.44517658706302443
2023-04-21,HDFCBANK.NS,RELIANCE.NS,0.4458652252596697
2023-04-24,HDFCBANK.NS,RELIANCE.NS,0.4661163233682692
2023-04-25,HDFCBANK.NS,RELIANCE.NS,0.45106529121225203
2023-04-26,HDFCBANK.NS,RELIANCE.NS,0.46150071056185044
2023-04-27,HDFCBANK.NS,RELIANCE.NS,0.44755635751972267
2023-04-28,HDFCBANK.NS,RELIANCE.NS,0.4205996197539416
2023-05-02,HDFCBANK.NS,RELIANCE.NS,0.4221155768773589
2023-05-03,HDFCBANK.NS,RELIANCE.NS,0.4162102238425902
2023-05-04,HDFCBANK.NS,RELIANCE.NS,0.4463482442944825
2023-05-05,HDFCBANK.NS,RELIANCE.NS,0.3741818005504921
2023-05-08,HDFCBANK.NS,RELIANCE.NS,0.40761368994003155
2023-05-09,HDFCBANK.NS,RELIANCE.NS,0.4055943010206505
2023-05-10,HDFCBANK.NS,RELIANCE.NS,0.4081008065056198
2023-05-11,HDFCBANK.NS,RELIANCE.NS,0.4140289581940618
2023-05-12,HDFCBANK.NS,RELIANCE.NS,0.4131994477070424
2023-05-15,HDFCBANK.NS,RELIANCE.NS,0.41902161273895244
2023-05-16,HDFCBANK.NS,RELIANCE.NS,0.4242700262778236
2023-05-17,HDFCBANK.NS,RELIANCE.NS,0.4171353450326534
2023-05-18,HDFCBANK.NS,RELIANCE.NS,0.4321269807003591
2023-05-19,HDFCBANK.NS,RELIANCE.NS,0.43222428596176543
2023-05-22,HDFCBANK.NS,RELIANCE.NS,0.43245955580104206
2023-05-23,HDFCBANK.NS,RELIANCE.NS,0.42577093838648133
2023-05-24,HDFCBANK.NS,RELIANCE.NS,0.4282963959395912
2023-05-25,HDFCBANK.NS,RELIANCE.NS,0.3976230530466355
2023-05-26,HDFCBANK.NS,RELIANCE.NS,0.3894897329642896
2023-05-29,HDFCBANK.NS,RELIANCE.NS,0.4012009735250557
2023-05-30,HDFCBANK.NS,RELIANCE.NS,0.4041265062751696
2023-05-31,HDFCBANK.NS,RELIANCE.NS,0.44471845835544416
2023-06-01,HDFCBANK.NS,RELIANCE.NS,0.4487225530953437
2023-06-02,HDFCBANK.NS,RELIANCE.NS,0.4428914258896228
2023-06-05,HDFCBANK.NS,RELIANCE.NS,0.40784535527391924
2023-06-06,HDFCBANK.NS,RELIANCE.NS,0.4030369838870891
2023-06-07,HDFCBANK.NS,RELIANCE.NS,0.40516515568318734
2023-06-08,HDFCBANK.NS,RELIANCE.NS,0.42152247147048594
2023-06-09,HDFCBANK.NS,RELIANCE.NS,0.3874609598826214
2023-06-12,HDFCBANK.NS,RELIANCE.NS,0.3677065671556757
2023-06-13,HDFCBANK.NS,RELIANCE.NS,0.36371713235889125
2023-06-14,HDFCBANK.NS,RELIANCE.NS,0.3328504690458356
2023-06-15,HDFCBANK.NS,RELIANCE.NS,0.3404803773783404
2023-06-16,HDFCBANK.NS,RELIANCE.NS,0.35896804573171665
2023-06-19,HDFCBANK.NS,RELIANCE.NS,0.3468128535083007
2023-06-20,HDFCBANK.NS,RELIANCE.NS,0.32612849802589955
2023-06-21,HDFCBANK.NS,RELIANCE.NS,0.3225724296759181
2023-06-22,HDFCBANK.NS,RELIANCE.NS,0.2976773621981195
2023-06-23,HDFCBANK.NS,RELIANCE.NS,0.3002013193307727
2023-06-26,HDFCBANK.NS,RELIANCE.NS,0.30395935178794403
2023-06-27,HDFCBANK.NS,RELIANCE.NS,0.29566331121098194
2023-06-28,HDFCBANK.NS,RELIANCE.NS,0.3131029288921466
2023-06-30,HDFCBANK.NS,RELIANCE.NS,0.2946317916843883
2023-07-03,HDFCBANK.NS,RELIANCE.NS,0.31209035112564754
2023-07-04,HDFCBANK.NS,RELIANCE.NS,0.3324198009723884
2023-07-05,HDFCBANK.NS,RELIANCE.NS,0.3240327995217784
2023-07-06,HDFCBANK.NS,RELIANCE.NS,0.30984675747338575
2023-07-07,HDFCBANK.NS,RELIANCE.NS,0.3127407730874824
2023-07-10,HDFCBANK.NS,RELIANCE.NS,0.2646789412082597
2023-07-11,HDFCBANK.NS,RELIANCE.NS,0.257139693443049
2023-07-12,HDFCBANK.NS,RELIANCE.NS,0.2666585989929832
2023-07-13,HDFCBANK.NS,RELIANCE.NS,0.2512194885254376
2023-07-14,HDFCBANK.NS,RELIANCE.NS,0.24903819849132866
2023-07-17,HDFCBANK.NS,RELIANCE.NS,0.28939135876112654
2023-07-18,HDFCBANK.NS,RELIANCE.NS,0.28829240309166543
2023-07-19,HDFCBANK.NS,RELIANCE.NS,0.2904504083232089
2023-07-20,HDFCBANK.NS,RELIANCE.NS,0.30226797056331667
2023-07-21,HDFCBANK.NS,RELIANCE.NS,0.3189076949365691
2023-07-24,HDFCBANK.NS,RELIANCE.NS,0.3033820696827422
2023-07-25,HDFCBANK.NS,RELIANCE.NS,0.295629788622247
2023-07-26,HDFCBANK.NS,RELIANCE.NS,0.2861322435950112
2023-07-27,HDFCBANK.NS,RELIANCE.NS,0.30289284358772184
2023-07-28,HDFCBANK.NS,RELIANCE.NS,0.26388033878667916
2023-07-31,HDFCBANK.NS,RELIANCE.NS,0.3080778608410304
2023-08-01,HDFCBANK.NS,RELIANCE.NS,0.2730939163173908
2023-08-02,HDFCBANK.NS,RELIANCE.NS,0.2914510687166557
2023-08-03,HDFCBANK.NS,RELIANCE.NS,0.29291014567020407
2023-08-04,HDFCBANK.NS,RELIANCE.NS,0.31279124031971034
2023-08-07,HDFCBANK.NS,RELIANCE.NS,0.31438104146130125
2023-08-08,HDFCBANK.NS,RELIANCE.NS,0.3147172371069977
2023-08-09,HDFCBANK.NS,RELIANCE.NS,0.3060388712341721
2023-08-10,HDFCBANK.NS,RELIANCE.NS,0.29541314024690074
2023-08-11,HDFCBANK.NS,RELIANCE.NS,0.2923759982565704
2023-08-14,HDFCBANK.NS,RELIANCE.NS,0.283235167543693
2023-08-16,HDFCBANK.NS,RELIANCE.NS,0.28609771782165827
2023-08-17,HDFCBANK.NS,RELIANCE.NS,0.2932399201417115
2023-08-18,HDFCBANK.NS,RELIANCE.NS,0.2795945658539496
2023-08-21,HDFCBANK.NS,RELIANCE.NS,0.2772543144603657
2023-08-22,HDFCBANK.NS,RELIANCE.NS,0.27294310497610086
2023-08-23,HDFCBANK.NS,RELIANCE.NS,0.26896535082723144
2023-08-24,HDFCBANK.NS,RELIANCE.NS,0.2752593336979957
2023-08-25,HDFCBANK.NS,RELIANCE.NS,0.2433116808785974
2023-08-28,HDFCBANK.NS,RELIANCE.NS,0.21689710080956937
2023-08-29,HDFCBANK.NS,RELIANCE.NS,0.2014602234721584
2023-08-30,HDFCBANK.NS,RELIANCE.NS,0.20490384566425288
2023-08-31,HDFCBANK.NS,RELIANCE.NS,0.20804932961022207
2023-09-01,HDFCBANK.NS,RELIANCE.NS,0.2038654620695132
2023-09-04,HDFCBANK.NS,RELIANCE.NS,0.20128159271621943
2023-09-05,HDFCBANK.NS,RELIANCE.NS,0.19901362477279086
2023-09-06,HDFCBANK.NS,RELIANCE.NS,0.1981909639499513
2023-09-07,HDFCBANK.NS,RELIANCE.NS,0.19590138677956653
2023-09-08,HDFCBANK.NS,RELIANCE.NS,0.20531791454596868
2023-09-11,HDFCBANK.NS,RELIANCE.NS,0.21306406531540822
2023-09-12,HDFCBANK.NS,RELIANCE.NS,0.1899567065729385
2023-09-13,HDFCBANK.NS,RELIANCE.NS,0.19420969337046315
2023-09-14,HDFCBANK.NS,RELIANCE.NS,0.19389741328166316
2023-09-15,HDFCBANK.NS,RELIANCE.NS,0.19360092114864105
2023-09-18,HDFCBANK.NS,RELIANCE.NS,0.22558130943212504
2023-09-20,HDFCBANK.NS,RELIANCE.NS,0.31405993099741
2023-09-21,HDFCBANK.NS,RELIANCE.NS,0.31542969995629333
2023-09-22,HDFCBANK.NS,RELIANCE.NS,0.32488055995388104
2023-09-25,HDFCBANK.NS,RELIANCE.NS,0.30780848752378054
2023-09-26,HDFCBANK.NS,RELIANCE.NS,0.2968034960470769
2023-09-27,HDFCBANK.NS,RELIANCE.NS,0.254576617078046
2023-09-28,HDFCBANK.NS,RELIANCE.NS,0.26392872381146854
2023-09-29,HDFCBANK.NS,RELIANCE.NS,0.28076747898439425
2023-10-03,HDFCBANK.NS,RELIANCE.NS,0.29359689928669025
2023-10-04,HDFCBANK.NS,RELIANCE.NS,0.28448902365609985
2023-10-05,HDFCBANK.NS,RELIANCE.NS,0.3280106480626289
2023-10-06,HDFCBANK.NS,RELIANCE.NS,0.34042576553236453
2023-10-09,HDFCBANK.NS,RELIANCE.NS,0.3545193346945873
2023-10-10,HDFCBANK.NS,RELIANCE.NS,0.37001952124729476
2023-10-11,HDFCBANK.NS,RELIANCE.NS,0.38869431645074787
2023-10-12,HDFCBANK.NS,RELIANCE.NS,0.3368405853897999
2023-10-13,HDFCBANK.NS,RELIANCE.NS,0.33487945249481543
2023-10-16,HDFCBANK.NS,RELIANCE.NS,0.32833579171063715
2023-10-17,HDFCBANK.NS,RELIANCE.NS,0.3355184486688001
2023-10-18,HDFCBANK.NS,RELIANCE.NS,0.34974938498971786
2023-10-19,HDFCBANK.NS,RELIANCE.NS,0.3768006880216341
2023-10-20,HDFCBANK.NS,RELIANCE.NS,0.3764238994124261
2023-10-23,HDFCBANK.NS,RELIANCE.NS,0.4114122428817594
2023-10-25,HDFCBANK.NS,RELIANCE.NS,0.40324857551468374
2023-10-26,HDFCBANK.NS,RELIANCE.NS,0.48632082640285157
2023-10-27,HDFCBANK.NS,RELIANCE.NS,0.4806507220031836
2023-10-30,HDFCBANK.NS,RELIANCE.NS,0.5343733610425824
2023-10-31,HDFCBANK.NS,RELIANCE.NS,0.526514836673396
2023-11-01,HDFCBANK.NS,RELIANCE.NS,0.5240029997134966
2023-11-02,HDFCBANK.NS,RELIANCE.NS,0.5011843510517453
2023-11-03,HDFCBANK.NS,RELIANCE.NS,0.5014412859292319
2023-11-06,HDFCBANK.NS,RELIANCE.NS,0.5117455488294916
2023-11-07,HDFCBANK.NS,RELIANCE.NS,0.5134652657527307
2023-11-08,HDFCBANK.NS,RELIANCE.NS,0.528524310718949
2023-11-09,HDFCBANK.NS,RELIANCE.NS,0.5436717106433862
2023-11-10,HDFCBANK.NS,RELIANCE.NS,0.5659662686711426
2023-11-13,HDFCBANK.NS,RELIANCE.NS,0.5661117289843354
2023-11-15,HDFCBANK.NS,RELIANCE.NS,0.5804366349736498
2023-11-16,HDFCBANK.NS,RELIANCE.NS,0.5916900334791914
2023-11-17,HDFCBANK.NS,RELIANCE.NS,0.5978893072024897
2023-11-20,HDFCBANK.NS,RELIANCE.NS,0.5987206114963662
2023-11-21,HDFCBANK.NS,RELIANCE.NS,0.606387615529219
2023-11-22,HDFCBANK.NS,RELIANCE.NS,0.6069074363348723
2023-11-23,HDFCBANK.NS,RELIANCE.NS,0.6071135054754319
2023-11-24,HDFCBANK.NS,RELIANCE.NS,0.6372179120701381
2023-11-28,HDFCBANK.NS,RELIANCE.NS,0.6637575311715214
2023-11-29,HDFCBANK.NS,RELIANCE.NS,0.6514345044514795
2023-11-30,HDFCBANK.NS,RELIANCE.NS,0.6436776436282022
2023-12-01,HDFCBANK.NS,RELIANCE.NS,0.6364885621514164
2023-12-04,HDFCBANK.NS,RELIANCE.NS,0.6395520198725461
2023-12-05,HDFCBANK.NS,RELIANCE.NS,0.6532286246917904
2023-12-06,HDFCBANK.NS,RELIANCE.NS,0.6540639956131966
2023-12-07,HDFCBANK.NS,RELIANCE.NS,0.6558037321325711
2023-12-08,HDFCBANK.NS,RELIANCE.NS,0.6420426723334868
2023-12-11,HDFCBANK.NS,RELIANCE.NS,0.6410610501774037
2023-12-12,HDFCBANK.NS,RELIANCE.NS,0.6700951864540312
2023-12-13,HDFCBANK.NS,RELIANCE.NS,0.6658270495409954
2023-12-14,HDFCBANK.NS,RELIANCE.NS,0.6739823063743199
2023-12-15,HDFCBANK.NS,RELIANCE.NS,0.6739450440775712
2023-12-18,HDFCBANK.NS,RELIANCE.NS,0.6601528776460903
2023-12-19,HDFCBANK.NS,RELIANCE.NS,0.5860604730593052
2023-12-20,HDFCBANK.NS,RELIANCE.NS,0.5651569454215969
2023-12-21,HDFCBANK.NS,RELIANCE.NS,0.5826145629966937
2023-12-22,HDFCBANK.NS,RELIANCE.NS,0.5789189801784926
2023-12-26,HDFCBANK.NS,RELIANCE.NS,0.5812684395414086
2023-12-27,HDFCBANK.NS,RELIANCE.NS,0.606291884048733
2023-12-28,HDFCBANK.NS,RELIANCE.NS,0.608384334888707
2023-12-29,HDFCBANK.NS,RELIANCE.NS,0.6019319701035202
2024-01-01,HDFCBANK.NS,RELIANCE.NS,0.5807400329977921
2024-01-02,HDFCBANK.NS,RELIANCE.NS,0.5967393225427635
2024-01-03,HDFCBANK.NS,RELIANCE.NS,0.6161516368123496
2024-01-04,HDFCBANK.NS,RELIANCE.NS,0.6168061523102657
2024-01-05,HDFCBANK.NS,RELIANCE.NS,0.5989743547974181
2024-01-08,HDFCBANK.NS,RELIANCE.NS,0.6085213799944434
2024-01-09,HDFCBANK.NS,RELIANCE.NS,0.6035032937645779
2024-01-10,HDFCBANK.NS,RELIANCE.NS,0.5764045717954215
2024-01-11,HDFCBANK.NS,RELIANCE.NS,0.521075802660227
2024-01-12,HDFCBANK.NS,RELIANCE.NS,0.5094425404372955
2024-01-15,HDFCBANK.NS,RELIANCE.NS,0.5312551108533207
2024-01-16,HDFCBANK.NS,RELIANCE.NS,0.4890315834583791
2024-01-17,HDFCBANK.NS,RELIANCE.NS,0.4291712772673598
2024-01-18,HDFCBANK.NS,RELIANCE.NS,0.40899639861858056
2024-01-19,HDFCBANK.NS,RELIANCE.NS,0.40221906137170826
2024-01-23,HDFCBANK.NS,RELIANCE.NS,0.4525450705531614
2024-01-24,HDFCBANK.NS,RELIANCE.NS,0.44036185253387544
2024-01-25,HDFCBANK.NS,RELIANCE.NS,0.432409415052972
2024-01-29,HDFCBANK.NS,RELIANCE.NS,0.3935127185019787
2024-01-30,HDFCBANK.NS,RELIANCE.NS,0.3898127799331169
2024-01-31,HDFCBANK.NS,RELIANCE.NS,0.3959226894776432
2024-02-01,HDFCBANK.NS,RELIANCE.NS,0.3948364964165827
2024-02-02,HDFCBANK.NS,RELIANCE.NS,0.369711469798752
2024-02-05,HDFCBANK.NS,RELIANCE.NS,0.3643852579735948
2024-02-06,HDFCBANK.NS,RELIANCE.NS,0.3608684325716084
2024-02-07,HDFCBANK.NS,RELIANCE.NS,0.354296174616198
2024-02-08,HDFCBANK.NS,RELIANCE.NS,0.3476273399015409
2024-02-09,HDFCBANK.NS,RELIANCE.NS,0.3488394962888999
2024-02-12,HDFCBANK.NS,RELIANCE.NS,0.35295246317720336
2024-02-13,HDFCBANK.NS,RELIANCE.NS,0.3460603254623537
2024-02-14,HDFCBANK.NS,RELIANCE.NS,0.3421412277736719
2024-02-15,HDFCBANK.NS,RELIANCE.NS,0.31561676881324957
2024-02-16,HDFCBANK.NS,RELIANCE.NS,0.3108908507062648
2024-02-19,HDFCBANK.NS,RELIANCE.NS,0.30573902889531407
2024-02-20,HDFCBANK.NS,RELIANCE.NS,0.28728165750533213
2024-02-21,HDFCBANK.NS,RELIANCE.NS,0.29074399868415535
2024-02-22,HDFCBANK.NS,RELIANCE.NS,0.2866277652684335
2024-02-23,HDFCBANK.NS,RELIANCE.NS,0.28681830448673995
2024-02-26,HDFCBANK.NS,RELIANCE.NS,0.2903320062929858
2024-02-27,HDFCBANK.NS,RELIANCE.NS,0.29352067739194065
2024-02-28,HDFCBANK.NS,RELIANCE.NS,0.29706910481119614
2024-02-29,HDFCBANK.NS,RELIANCE.NS,0.29028600546914335
2024-03-01,HDFCBANK.NS,RELIANCE.NS,0.3088818287926947
2024-03-04,HDFCBANK.NS,RELIANCE.NS,0.30851123040366657
2024-03-05,HDFCBANK.NS,RELIANCE.NS,0.3042291709909832
2024-03-06,HDFCBANK.NS,RELIANCE.NS,0.31127686736557025
2024-03-07,HDFCBANK.NS,RELIANCE.NS,0.30019981644389865
2024-03-11,HDFCBANK.NS,RELIANCE.NS,0.30062169010671563
2024-03-12,HDFCBANK.NS,RELIANCE.NS,0.2994990937215353
2024-03-13,HDFCBANK.NS,RELIANCE.NS,0.2761042263294582
2024-03-14,HDFCBANK.NS,RELIANCE.NS,0.27347861518833533
2024-03-15,HDFCBANK.NS,RELIANCE.NS,0.27186064531073956
2024-03-18,HDFCBANK.NS,RELIANCE.NS,0.269169550041613
2024-03-19,HDFCBANK.NS,RELIANCE.NS,0.2706434484166976
2024-03-20,HDFCBANK.NS,RELIANCE.NS,0.24863467113108634
2024-03-21,HDFCBANK.NS,RELIANCE.NS,0.249630199950596
2024-03-22,HDFCBANK.NS,RELIANCE.NS,0.2485254376026169
2024-03-26,HDFCBANK.NS,RELIANCE.NS,0.25460108878581267
2024-03-27,HDFCBANK.NS,RELIANCE.NS,0.2727869794390026
2024-03-28,HDFCBANK.NS,RELIANCE.NS,0.2728147000339219
2024-04-01,HDFCBANK.NS,RELIANCE.NS,0.2660125782344795
2024-04-02,HDFCBANK.NS,RELIANCE.NS,0.26408835885374415
2024-04-03,HDFCBANK.NS,RELIANCE.NS,0.2508222306024419
2024-04-04,HDFCBANK.NS,RELIANCE.NS,0.22376435112480983
2024-04-05,HDFCBANK.NS,RELIANCE.NS,0.21850150908667781
2024-04-08,HDFCBANK.NS,RELIANCE.NS,0.21088551626958468
2024-04-09,HDFCBANK.NS,RELIANCE.NS,0.2045103108046203
2024-04-10,HDFCBANK.NS,RELIANCE.NS,0.19713186290637955
2024-04-12,HDFCBANK.NS,RELIANCE.NS,0.21181578211891217
2024-04-15,HDFCBANK.NS,RELIANCE.NS,0.21506494549930916
2024-04-16,HDFCBANK.NS,RELIANCE.NS,0.1964241374156754
2024-04-18,HDFCBANK.NS,RELIANCE.NS,0.2045200455986029
2024-04-19,HDFCBANK.NS,RELIANCE.NS,0.19082984890440002
2024-04-22,HDFCBANK.NS,RELIANCE.NS,0.20494392927565402
2024-04-23,HDFCBANK.NS,RELIANCE.NS,0.2076121280195753
2024-04-24,HDFCBANK.NS,RELIANCE.NS,0.13483001922175325
2024-04-25,HDFCBANK.NS,RELIANCE.NS,0.11803724403417754
2024-04-26,HDFCBANK.NS,RELIANCE.NS,0.12946233624234849
2024-04-29,HDFCBANK.NS,RELIANCE.NS,0.05853030722496329
2024-04-30,HDFCBANK.NS,RELIANCE.NS,0.0292258594360129
2024-05-02,HDFCBANK.NS,RELIANCE.NS,0.007347644106380795
2024-05-03,HDFCBANK.NS,RELIANCE.NS,0.03474509459519327
2024-05-06,HDFCBANK.NS,RELIANCE.NS,0.07965353907255697
2024-05-07,HDFCBANK.NS,RELIANCE.NS,0.09611498637839938
2024-05-08,HDFCBANK.NS,RELIANCE.NS,0.06498904942470266
2024-05-09,HDFCBANK.NS,RELIANCE.NS,0.12956717980720622
2024-05-10,HDFCBANK.NS,RELIANCE.NS,0.15588827722140866
2024-05-13,HDFCBANK.NS,RELIANCE.NS,0.1513249603004177
2024-05-14,HDFCBANK.NS,RELIANCE.NS,0.1484578208031268
2024-05-15,HDFCBANK.NS,RELIANCE.NS,0.14887762824511072
2024-05-16,HDFCBANK.NS,RELIANCE.NS,0.1742472073116271
2024-05-17,HDFCBANK.NS,RELIANCE.NS,0.1994983747999685
2024-05-21,HDFCBANK.NS,RELIANCE.NS,0.20254944094419447
2024-05-22,HDFCBANK.NS,RELIANCE.NS,0.20210113554371567
2024-05-23,HDFCBANK.NS,RELIANCE.NS,0.2579069952582976
2024-05-24,HDFCBANK.NS,RELIANCE.NS,0.24373440922279876
2024-05-27,HDFCBANK.NS,RELIANCE.NS,0.25877898712193376
2024-05-28,HDFCBANK.NS,RELIANCE.NS,0.25976540698987854
2024-05-29,HDFCBANK.NS,RELIANCE.NS,0.27478700637904535
2024-05-30,HDFCBANK.NS,RELIANCE.NS,0.2685811105328636
2024-05-31,HDFCBANK.NS,RELIANCE.NS,0.2566249390456211
2024-06-03,HDFCBANK.NS,RELIANCE.NS,0.3580213847583897
2024-06-04,HDFCBANK.NS,RELIANCE.NS,0.5485846400500685
2024-06-05,HDFCBANK.NS,RELIANCE.NS,0.5564091310681838
2024-06-06,HDFCBANK.NS,RELIANCE.NS,0.5586541631200798
2024-06-07,HDFCBANK.NS,RELIANCE.NS,0.5582054362269173
2024-06-10,HDFCBANK.NS,RELIANCE.NS,0.5606964308758509
2024-06-11,HDFCBANK.NS,RELIANCE.NS,0.5560759800089611
2024-06-12,HDFCBANK.NS,RELIANCE.NS,0.5579370161943548
2024-06-13,HDFCBANK.NS,RELIANCE.NS,0.5710938930226817
2024-06-14,HDFCBANK.NS,RELIANCE.NS,0.5732664724604942
2024-06-18,HDFCBANK.NS,RELIANCE.NS,0.5726572671459401
2024-06-19,HDFCBANK.NS,RELIANCE.NS,0.5309224002941516
2024-06-20,HDFCBANK.NS,RELIANCE.NS,0.5333737186893913
2024-06-21,HDFCBANK.NS,RELIANCE.NS,0.5550390455520701
2024-06-24,HDFCBANK.NS,RELIANCE.NS,0.5519763055450156
2024-06-25,HDFCBANK.NS,RELIANCE.NS,0.5558530112814801
2024-06-26,HDFCBANK.NS,RELIANCE.NS,0.4999425403214069
2024-06-27,HDFCBANK.NS,RELIANCE.NS,0.49492880078247253
2024-06-28,HDFCBANK.NS,RELIANCE.NS,0.47222598743936206
2024-07-01,HDFCBANK.NS,RELIANCE.NS,0.4717526276231739
2024-07-02,HDFCBANK.NS,RELIANCE.NS,0.47108133019366033
2024-07-03,HDFCBANK.NS,RELIANCE.NS,0.4532306496384983
2024-07-04,HDFCBANK.NS,RELIANCE.NS,0.4679120395844016
2024-07-05,HDFCBANK.NS,RELIANCE.NS,0.37296416810842126
2024-07-08,HDFCBANK.NS,RELIANCE.NS,0.37435252130725705
2024-07-09,HDFCBANK.NS,RELIANCE.NS,0.37691047472577827
2024-07-10,HDFCBANK.NS,RELIANCE.NS,0.38566029004880475
2024-07-11,HDFCBANK.NS,RELIANCE.NS,0.3816455591110361
2024-07-12,HDFCBANK.NS,RELIANCE.NS,0.38067690618385736
2024-07-15,HDFCBANK.NS,RELIANCE.NS,0.3820490129021897
2024-07-16,HDFCBANK.NS,RELIANCE.NS,0.3822063040431357
2024-07-18,HDFCBANK.NS,RELIANCE.NS,0.3832080489963962
2024-07-19,HDFCBANK.NS,RELIANCE.NS,0.39304965221065696
2024-07-22,HDFCBANK.NS,RELIANCE.NS,0.3287662746136211
2024-07-23,HDFCBANK.NS,RELIANCE.NS,0.33488280869902154
2024-07-24,HDFCBANK.NS,RELIANCE.NS,0.33184579483762067
2024-07-25,HDFCBANK.NS,RELIANCE.NS,0.3299334860631245
2024-07-26,HDFCBANK.NS,RELIANCE.NS,0.3251789007365133
2024-07-29,HDFCBANK.NS,RELIANCE.NS,0.321053678524357
2024-07-30,HDFCBANK.NS,RELIANCE.NS,0.31975359290672256
2024-07-31,HDFCBANK.NS,RELIANCE.NS,0.31226130212571424
2024-08-01,HDFCBANK.NS,RELIANCE.NS,0.3159878231534787
2024-08-02,HDFCBANK.NS,RELIANCE.NS,0.2988014335961791
2024-08-05,HDFCBANK.NS,RELIANCE.NS,0.35392841390282564
2024-08-06,HDFCBANK.NS,RELIANCE.NS,0.33238622527117084
2024-08-07,HDFCBANK.NS,RELIANCE.NS,0.3327015459718308
2024-08-08,HDFCBANK.NS,RELIANCE.NS,0.32761907268754176
2024-08-09,HDFCBANK.NS,RELIANCE.NS,0.32750526966819077
2024-08-12,HDFCBANK.NS,RELIANCE.NS,0.3242408117119993
2024-08-13,HDFCBANK.NS,RELIANCE.NS,0.30572357203822903
2024-08-14,HDFCBANK.NS,RELIANCE.NS,0.30558640890199745
2024-08-16,HDFCBANK.NS,RELIANCE.NS,0.31119972755543124
2024-08-19,HDFCBANK.NS,RELIANCE.NS,0.3129651149532166
2024-08-20,HDFCBANK.NS,RELIANCE.NS,0.2993474121797561
2024-08-21,HDFCBANK.NS,RELIANCE.NS,0.30384804447406777
2024-08-22,HDFCBANK.NS,RELIANCE.NS,0.3080979113824579
2024-08-23,HDFCBANK.NS,RELIANCE.NS,0.30843677411180487
2024-08-26,HDFCBANK.NS,RELIANCE.NS,0.3037214061872926
2024-08-27,HDFCBANK.NS,RELIANCE.NS,0.30780441609095355
2024-08-28,HDFCBANK.NS,RELIANCE.NS,0.30732250678419915
2024-08-29,HDFCBANK.NS,RELIANCE.NS,0.24896493568991573
2024-08-30,HDFCBANK.NS,RELIANCE.NS,-0.053876066495523324
2024-09-02,HDFCBANK.NS,RELIANCE.NS,-0.13447772092420404
2024-09-03,HDFCBANK.NS,RELIANCE.NS,-0.14063428637193146
2024-09-04,HDFCBANK.NS,RELIANCE.NS,-0.16792844847092228
2024-09-05,HDFCBANK.NS,RELIANCE.NS,-0.16819916786592062
2024-09-06,HDFCBANK.NS,RELIANCE.NS,-0.15181802051020904
2024-09-09,HDFCBANK.NS,RELIANCE.NS,-0.155292790187903
2024-09-10,HDFCBANK.NS,RELIANCE.NS,-0.1559235476816491
2024-09-11,HDFCBANK.NS,RELIANCE.NS,-0.16190554596715445
2024-09-12,HDFCBANK.NS,RELIANCE.NS,-0.13253947334627705
2024-09-13,HDFCBANK.NS,RELIANCE.NS,-0.08885079795712929
2024-09-16,HDFCBANK.NS,RELIANCE.NS,-0.09750350597254108
2024-09-17,HDFCBANK.NS,RELIANCE.NS,-0.10193798895343022
2024-09-18,HDFCBANK.NS,RELIANCE.NS,-0.1079278290149852
2024-09-19,HDFCBANK.NS,RELIANCE.NS,-0.12999188634831543
2024-09-20,HDFCBANK.NS,RELIANCE.NS,-0.0843142651587846
2024-09-23,HDFCBANK.NS,RELIANCE.NS,-0.07276539466398055
2024-09-24,HDFCBANK.NS,RELIANCE.NS,-0.052727903902193535
2024-09-25,HDFCBANK.NS,RELIANCE.NS,-0.04629148360656619
2024-09-26,HDFCBANK.NS,RELIANCE.NS,-0.05321197987833196
2024-09-27,HDFCBANK.NS,RELIANCE.NS,-0.07431733830500686
2024-09-30,HDFCBANK.NS,RELIANCE.NS,-0.020221789100621113
2024-10-01,HDFCBANK.NS,RELIANCE.NS,0.14013456195257568
2024-10-03,HDFCBANK.NS,RELIANCE.NS,0.263536992489814
2024-10-04,HDFCBANK.NS,RELIANCE.NS,0.2810823071638076
2024-10-07,HDFCBANK.NS,RELIANCE.NS,0.2950166679214466
2024-10-08,HDFCBANK.NS,RELIANCE.NS,0.3310119936801484
2024-10-09,HDFCBANK.NS,RELIANCE.NS,0.3452930164637041
2024-10-10,HDFCBANK.NS,RELIANCE.NS,0.3385395510259717
2024-10-11,HDFCBANK.NS,RELIANCE.NS,0.33456734321687376
2024-10-14,HDFCBANK.NS,RELIANCE.NS,0.3362585595089516
2024-10-15,HDFCBANK.NS,RELIANCE.NS,0.33198279055196167
2024-10-16,HDFCBANK.NS,RELIANCE.NS,0.45205975105412977
2024-10-17,HDFCBANK.NS,RELIANCE.NS,0.43310446376147377
2024-10-18,HDFCBANK.NS,RELIANCE.NS,0.4454525885766417
2024-10-21,HDFCBANK.NS,RELIANCE.NS,0.45357119153744146
2024-10-22,HDFCBANK.NS,RELIANCE.NS,0.46625723035370265
2024-10-23,HDFCBANK.NS,RELIANCE.NS,0.4750766664043782
2024-10-24,HDFCBANK.NS,RELIANCE.NS,0.47829162403261993
2024-10-25,HDFCBANK.NS,RELIANCE.NS,0.4800791701248461
2024-10-28,HDFCBANK.NS,RELIANCE.NS,0.4664852954629088
2024-10-29,HDFCBANK.NS,RELIANCE.NS,0.4865267911665388
2024-10-30,HDFCBANK.NS,RELIANCE.NS,0.41834855616427097
2024-10-31,HDFCBANK.NS,RELIANCE.NS,0.43127003006191517
2024-11-01,HDFCBANK.NS,RELIANCE.NS,0.4236100790197153
2024-11-04,HDFCBANK.NS,RELIANCE.NS,0.46419802573551877
2024-11-05,HDFCBANK.NS,RELIANCE.NS,0.4620455085123682
2024-11-06,HDFCBANK.NS,RELIANCE.NS,0.4550084037287374
2024-11-07,HDFCBANK.NS,RELIANCE.NS,0.514093635684542
2024-11-08,HDFCBANK.NS,RELIANCE.NS,0.5012026254314303
2024-11-11,HDFCBANK.NS,RELIANCE.NS,0.4827604018006065
2024-11-12,HDFCBANK.NS,RELIANCE.NS,0.45151084069508346
2024-11-13,HDFCBANK.NS,RELIANCE.NS,0.47047598052313155
2024-11-14,HDFCBANK.NS,RELIANCE.NS,0.4806563025650391
2024-11-18,HDFCBANK.NS,RELIANCE.NS,0.4768375984861404
2024-11-19,HDFCBANK.NS,RELIANCE.NS,0.43552044187509487
2024-11-21,HDFCBANK.NS,RELIANCE.NS,0.4286106602873943
2024-11-22,HDFCBANK.NS,RELIANCE.NS,0.40195565126701105
2024-11-25,HDFCBANK.NS,RELIANCE.NS,0.4278842700710178
2024-11-26,HDFCBANK.NS,RELIANCE.NS,0.432201377302383
2024-11-27,HDFCBANK.NS,RELIANCE.NS,0.4282826416505403
2024-11-28,HDFCBANK.NS,RELIANCE.NS,0.4465595332660655
2024-11-29,HDFCBANK.NS,RELIANCE.NS,0.43999555127919515
2024-12-02,HDFCBANK.NS,RELIANCE.NS,0.4398320277222021
2024-12-03,HDFCBANK.NS,RELIANCE.NS,0.45050554809573806
2024-12-04,HDFCBANK.NS,RELIANCE.NS,0.4234427854806912
2024-12-05,HDFCBANK.NS,RELIANCE.NS,0.42196532386372704
2024-12-06,HDFCBANK.NS,RELIANCE.NS,0.4245169585410396
2024-12-09,HDFCBANK.NS,RELIANCE.NS,0.41430234386360676
2024-12-10,HDFCBANK.NS,RELIANCE.NS,0.40238507256122913
2024-12-11,HDFCBANK.NS,RELIANCE.NS,0.4027525087242163
2024-12-12,HDFCBANK.NS,RELIANCE.NS,0.40432137441999794
2024-12-13,HDFCBANK.NS,RELIANCE.NS,0.40799417962307455
2024-12-16,HDFCBANK.NS,RELIANCE.NS,0.41725687481267276
2024-12-17,HDFCBANK.NS,RELIANCE.NS,0.4307550369096379
2024-12-18,HDFCBANK.NS,RELIANCE.NS,0.40023805924180916
2024-12-19,HDFCBANK.NS,RELIANCE.NS,0.40420335513020444
2024-12-20,HDFCBANK.NS,RELIANCE.NS,0.4161812606373705
2024-12-23,HDFCBANK.NS,RELIANCE.NS,0.4295513001521202
2024-12-24,HDFCBANK.NS,RELIANCE.NS,0.4281639018955961
2024-12-26,HDFCBANK.NS,RELIANCE.NS,0.4823914765910642
2024-12-27,HDFCBANK.NS,RELIANCE.NS,0.4710223739858002
2024-12-30,HDFCBANK.NS,RELIANCE.NS,0.47233648641343806
2024-12-31,HDFCBANK.NS,RELIANCE.NS,0.414484495389087
2025-01-01,HDFCBANK.NS,RELIANCE.NS,0.40393252527029194
2025-01-02,HDFCBANK.NS,RELIANCE.NS,0.39475405440210515
2025-01-03,HDFCBANK.NS,RELIANCE.NS,0.3209622268790925
2025-01-06,HDFCBANK.NS,RELIANCE.NS,0.35083865175387796
2025-01-07,HDFCBANK.NS,RELIANCE.NS,0.35249504876409543
2025-01-08,HDFCBANK.NS,RELIANCE.NS,0.3181076104261156
2025-01-09,HDFCBANK.NS,RELIANCE.NS,0.33009997019817333
2025-01-10,HDFCBANK.NS,RELIANCE.NS,0.3360211150079027
2025-01-13,HDFCBANK.NS,RELIANCE.NS,0.3259763363339478
2025-01-14,HDFCBANK.NS,RELIANCE.NS,0.334462067614138
2025-01-15,HDFCBANK.NS,RELIANCE.NS,0.32801382185408756
2025-01-16,HDFCBANK.NS,RELIANCE.NS,0.3232670218767807
2025-01-17,HDFCBANK.NS,RELIANCE.NS,0.2720399613318475
2025-01-20,HDFCBANK.NS,RELIANCE.NS,0.2811173519189598
2025-01-21,HDFCBANK.NS,RELIANCE.NS,0.2849767501757718
2025-01-22,HDFCBANK.NS,RELIANCE.NS,0.2846723958090738
2025-01-23,HDFCBANK.NS,RELIANCE.NS,0.2870121708014874
2025-01-24,HDFCBANK.NS,RELIANCE.NS,0.29141181547062106
2025-01-27,HDFCBANK.NS,RELIANCE.NS,0.30737206374688303
2025-01-28,HDFCBANK.NS,RELIANCE.NS,0.3109227706334411
2025-01-29,HDFCBANK.NS,RELIANCE.NS,0.3111141748872493
2025-01-30,HDFCBANK.NS,RELIANCE.NS,0.29748121764694374
2025-01-31,HDFCBANK.NS,RELIANCE.NS,0.3050367950275765
2025-02-01,HDFCBANK.NS,RELIANCE.NS,0.3099619151722678
2025-02-03,HDFCBANK.NS,RELIANCE.NS,0.3135223585255034
2025-02-04,HDFCBANK.NS,RELIANCE.NS,0.3838264584852831
2025-02-05,HDFCBANK.NS,RELIANCE.NS,0.3839332520556053
2025-02-06,HDFCBANK.NS,RELIANCE.NS,0.40523263916209334
2025-02-07,HDFCBANK.NS,RELIANCE.NS,0.3863497429981814
2025-02-10,HDFCBANK.NS,RELIANCE.NS,0.38854452389859984
2025-02-11,HDFCBANK.NS,RELIANCE.NS,0.4024573290578498
2025-02-12,HDFCBANK.NS,RELIANCE.NS,0.4471236568108153
2025-02-13,HDFCBANK.NS,RELIANCE.NS,0.4504847382617454
2025-02-14,HDFCBANK.NS,RELIANCE.NS,0.46554933785506825
2025-02-17,HDFCBANK.NS,RELIANCE.NS,0.4444525536190202
2025-02-18,HDFCBANK.NS,RELIANCE.NS,0.44534845851237814
2025-02-19,HDFCBANK.NS,RELIANCE.NS,0.45638965558235733
2025-02-20,HDFCBANK.NS,RELIANCE.NS,0.4140322590934607
2025-02-21,HDFCBANK.NS,RELIANCE.NS,0.41300990844033136
2025-02-24,HDFCBANK.NS,RELIANCE.NS,0.41418918460846277
2025-02-25,HDFCBANK.NS,RELIANCE.NS,0.3961080164406145
2025-02-27,HDFCBANK.NS,RELIANCE.NS,0.4366414506359927
2025-02-28,HDFCBANK.NS,RELIANCE.NS,0.40941725650925964
2025-03-03,HDFCBANK.NS,RELIANCE.NS,0.4344563364009893
2025-03-04,HDFCBANK.NS,RELIANCE.NS,0.444762384779465
2025-03-05,HDFCBANK.NS,RELIANCE.NS,0.42180177856085377
2025-03-06,HDFCBANK.NS,RELIANCE.NS,0.4100234526985485
2025-03-07,HDFCBANK.NS,RELIANCE.NS,0.3915819803251223
2025-03-10,HDFCBANK.NS,RELIANCE.NS,0.38503989021910745
2025-03-11,HDFCBANK.NS,RELIANCE.NS,0.38404000063717775
2025-03-12,HDFCBANK.NS,RELIANCE.NS,0.3702151405325232
2025-03-13,HDFCBANK.NS,RELIANCE.NS,0.38269575392206695
2025-03-17,HDFCBANK.NS,RELIANCE.NS,0.3684546328071751
2025-03-18,HDFCBANK.NS,RELIANCE.NS,0.3508040545056995
2025-03-19,HDFCBANK.NS,RELIANCE.NS,0.3375047254925722
2025-03-20,HDFCBANK.NS,RELIANCE.NS,0.35666361038669947
2025-03-21,HDFCBANK.NS,RELIANCE.NS,0.3551285747053517
2025-03-24,HDFCBANK.NS,RELIANCE.NS,0.3777985613138241
2025-03-25,HDFCBANK.NS,RELIANCE.NS,0.34523671618814156
2025-03-26,HDFCBANK.NS,RELIANCE.NS,0.35335556421799574
2025-03-27,HDFCBANK.NS,RELIANCE.NS,0.35302277994837594
2025-03-28,HDFCBANK.NS,RELIANCE.NS,0.3471354840210759
2025-04-01,HDFCBANK.NS,RELIANCE.NS,0.41636467757876683
2025-04-02,HDFCBANK.NS,RELIANCE.NS,0.3666171120197948
2025-04-03,HDFCBANK.NS,RELIANCE.NS,0.37155663447514925
2025-04-04,HDFCBANK.NS,RELIANCE.NS,0.3399577625628773
2025-04-07,HDFCBANK.NS,RELIANCE.NS,0.4035283419564407
2025-04-08,HDFCBANK.NS,RELIANCE.NS,0.4028294610741744
2025-04-09,HDFCBANK.NS,RELIANCE.NS,0.40630589728498184
2025-04-11,HDFCBANK.NS,RELIANCE.NS,0.4444136896044125
2025-04-15,HDFCBANK.NS,RELIANCE.NS,0.4720554047275606
2025-04-16,HDFCBANK.NS,RELIANCE.NS,0.4706021554783199
2025-04-17,HDFCBANK.NS,RELIANCE.NS,0.5337884819533084
2025-04-21,HDFCBANK.NS,RELIANCE.NS,0.5380193624658807
2025-04-22,HDFCBANK.NS,RELIANCE.NS,0.5232174643683722
2025-04-23,HDFCBANK.NS,RELIANCE.NS,0.4982665572013198
2025-04-24,HDFCBANK.NS,RELIANCE.NS,0.4965452041096206
2025-04-25,HDFCBANK.NS,RELIANCE.NS,0.48899543756236885
2025-04-28,HDFCBANK.NS,RELIANCE.NS,0.4408745721206888
2025-04-29,HDFCBANK.NS,RELIANCE.NS,0.42561418026164904
2025-04-30,HDFCBANK.NS,RELIANCE.NS,0.42584031699367836
2025-05-02,HDFCBANK.NS,RELIANCE.NS,0.41842143483042643
2025-05-05,HDFCBANK.NS,RELIANCE.NS,0.41960827636734854
2025-05-06,HDFCBANK.NS,RELIANCE.NS,0.42138615005212426
2025-05-07,HDFCBANK.NS,RELIANCE.NS,0.4053231653222224
2025-05-08,HDFCBANK.NS,RELIANCE.NS,0.3666875517016514
2025-05-09,HDFCBANK.NS,RELIANCE.NS,0.4004056816849184
2025-05-12,HDFCBANK.NS,RELIANCE.NS,0.4654319195781245
2025-05-13,HDFCBANK.NS,RELIANCE.NS,0.4733709405893062
2025-05-14,HDFCBANK.NS,RELIANCE.NS,0.46340649175633947
2025-05-15,HDFCBANK.NS,RELIANCE.NS,0.4633034353085169
2025-05-16,HDFCBANK.NS,RELIANCE.NS,0.46947753003791426
2025-05-19,HDFCBANK.NS,RELIANCE.NS,0.466247786913853
2025-05-20,HDFCBANK.NS,RELIANCE.NS,0.4741640007366876
2025-05-21,HDFCBANK.NS,RELIANCE.NS,0.473834579033266
2025-05-22,HDFCBANK.NS,RELIANCE.NS,0.4763895817546909
2025-05-23,HDFCBANK.NS,RELIANCE.NS,0.47826677373013304
2025-05-26,HDFCBANK.NS,RELIANCE.NS,0.49693058838527154
2025-05-27,HDFCBANK.NS,RELIANCE.NS,0.5022555935155772
2025-05-28,HDFCBANK.NS,RELIANCE.NS,0.49725264416508846
2025-05-29,HDFCBANK.NS,RELIANCE.NS,0.4999466805144914
2025-05-30,HDFCBANK.NS,RELIANCE.NS,0.5004818150746014
2025-06-02,HDFCBANK.NS,RELIANCE.NS,0.5223074177480054
2025-06-03,HDFCBANK.NS,RELIANCE.NS,0.5033679387405182
2025-06-04,HDFCBANK.NS,RELIANCE.NS,0.5107273173067911
2025-06-05,HDFCBANK.NS,RELIANCE.NS,0.5266328849318632
2025-06-06,HDFCBANK.NS,RELIANCE.NS,0.5353152309971525
2025-06-09,HDFCBANK.NS,RELIANCE.NS,0.5631270876437108
2025-06-10,HDFCBANK.NS,RELIANCE.NS,0.566006524191035
2025-06-11,HDFCBANK.NS,RELIANCE.NS,0.5608685497238282
2025-06-12,HDFCBANK.NS,RELIANCE.NS,0.562014467233771
2025-06-13,HDFCBANK.NS,RELIANCE.NS,0.5666180882552656
2025-06-16,HDFCBANK.NS,RELIANCE.NS,0.5695273023592271
2025-06-17,HDFCBANK.NS,RELIANCE.NS,0.5706445424186521
2025-06-18,HDFCBANK.NS,RELIANCE.NS,0.5734577266439452
2025-06-19,HDFCBANK.NS,RELIANCE.NS,0.5662530631421155
2025-06-20,HDFCBANK.NS,RELIANCE.NS,0.5767245771790416
2025-06-23,HDFCBANK.NS,RELIANCE.NS,0.5696029885985341
2025-06-24,HDFCBANK.NS,RELIANCE.NS,0.5870976052575999
2025-06-25,HDFCBANK.NS,RELIANCE.NS,0.5856463607221944
2025-06-26,HDFCBANK.NS,RELIANCE.NS,0.5973672423614672
2025-06-27,HDFCBANK.NS,RELIANCE.NS,0.5996337140546213
2025-06-30,HDFCBANK.NS,RELIANCE.NS,0.5880089259254491
2025-07-01,HDFCBANK.NS,RELIANCE.NS,0.6002985191163187
2025-07-02,HDFCBANK.NS,RELIANCE.NS,0.6031123262444864
2025-07-03,HDFCBANK.NS,RELIANCE.NS,0.6836212530042929
2025-07-04,HDFCBANK.NS,RELIANCE.NS,0.6393229611908323
2025-07-07,HDFCBANK.NS,RELIANCE.NS,0.6354269924090025
2025-07-08,HDFCBANK.NS,RELIANCE.NS,0.6293617835127808
2025-07-09,HDFCBANK.NS,RELIANCE.NS,0.5937179651294456
2025-07-10,HDFCBANK.NS,RELIANCE.NS,0.5922225431267562
2025-07-11,HDFCBANK.NS,RELIANCE.NS,0.6082772262697793
2025-07-14,HDFCBANK.NS,RELIANCE.NS,0.5896282817141584
2025-07-15,HDFCBANK.NS,RELIANCE.NS,0.5797275647849243
2025-07-16,HDFCBANK.NS,RELIANCE.NS,0.6094829922265751
2025-07-17,HDFCBANK.NS,RELIANCE.NS,0.6481371830139191
2025-07-18,HDFCBANK.NS,RELIANCE.NS,0.6390054410739778
2025-07-21,HDFCBANK.NS,RELIANCE.NS,0.49138706250666303
2025-07-22,HDFCBANK.NS,RELIANCE.NS,0.5264326351817861
2025-07-23,HDFCBANK.NS,RELIANCE.NS,0.5701937707791686
2025-07-24,HDFCBANK.NS,RELIANCE.NS,0.5731126648931645
2025-07-25,HDFCBANK.NS,RELIANCE.NS,0.5822354461796072
2025-07-28,HDFCBANK.NS,RELIANCE.NS,0.5781067427570867
2025-07-29,HDFCBANK.NS,RELIANCE.NS,0.5768765250969524
2025-07-30,HDFCBANK.NS,RELIANCE.NS,0.590093520612342
2025-07-31,HDFCBANK.NS,RELIANCE.NS,0.5977028250752761
2025-08-01,HDFCBANK.NS,RELIANCE.NS,0.5688615457388518
2025-08-04,HDFCBANK.NS,RELIANCE.NS,0.4057041518555842
2025-08-05,HDFCBANK.NS,RELIANCE.NS,0.3905551642416138
2025-08-06,HDFCBANK.NS,RELIANCE.NS,0.4033453933304467
2025-08-07,HDFCBANK.NS,RELIANCE.NS,0.3718867226927184
2025-08-08,HDFCBANK.NS,RELIANCE.NS,0.39332087236262486
2025-08-11,HDFCBANK.NS,RELIANCE.NS,0.4165155237352728
2025-08-12,HDFCBANK.NS,RELIANCE.NS,0.40120375184150847
2025-08-13,HDFCBANK.NS,RELIANCE.NS,0.39981807674677333
2025-08-14,HDFCBANK.NS,RELIANCE.NS,0.3915731365970614
2025-08-18,HDFCBANK.NS,RELIANCE.NS,0.38651142627863666
2025-08-19,HDFCBANK.NS,RELIANCE.NS,0.3229641178706016
2025-08-20,HDFCBANK.NS,RELIANCE.NS,0.3152682616770049
2025-08-21,HDFCBANK.NS,RELIANCE.NS,0.3131521148888789
2025-08-22,HDFCBANK.NS,RELIANCE.NS,0.331277110301362
2025-08-25,HDFCBANK.NS,RELIANCE.NS,0.3304253117108095
2025-08-26,HDFCBANK.NS,RELIANCE.NS,0.3473993309300814
2025-08-28,HDFCBANK.NS,RELIANCE.NS,0.3311959620632449
2025-08-29,HDFCBANK.NS,RELIANCE.NS,0.3305916547133106
2025-09-01,HDFCBANK.NS,RELIANCE.NS,0.3248019933847437
2025-09-02,HDFCBANK.NS,RELIANCE.NS,0.31471367026422886
2025-09-03,HDFCBANK.NS,RELIANCE.NS,0.3198116504893635
2025-09-04,HDFCBANK.NS,RELIANCE.NS,0.29956370315844794
2025-09-05,HDFCBANK.NS,RELIANCE.NS,0.31540080792259695
2025-09-08,HDFCBANK.NS,RELIANCE.NS,0.31446401748922687
2025-09-09,HDFCBANK.NS,RELIANCE.NS,0.3013943969676982
2025-09-10,HDFCBANK.NS,RELIANCE.NS,0.2932818355087811
2025-09-11,HDFCBANK.NS,RELIANCE.NS,0.2925354475647135
2025-09-12,HDFCBANK.NS,RELIANCE.NS,0.29000550578887585
2025-09-15,HDFCBANK.NS,RELIANCE.NS,0.2893744189005931
2025-09-16,HDFCBANK.NS,RELIANCE.NS,0.23938564181685637
2025-09-17,HDFCBANK.NS,RELIANCE.NS,0.23120013326074063
2025-09-18,HDFCBANK.NS,RELIANCE.NS,0.23619444681152596
2025-09-19,HDFCBANK.NS,RELIANCE.NS,0.22491132188740137
2025-09-22,HDFCBANK.NS,RELIANCE.NS,0.15912328923435318
2025-09-23,HDFCBANK.NS,RELIANCE.NS,0.13490064524529222
2025-09-24,HDFCBANK.NS,RELIANCE.NS,0.12905539288390305
2025-09-25,HDFCBANK.NS,RELIANCE.NS,0.10611815718860607
2025-09-26,HDFCBANK.NS,RELIANCE.NS,0.08966215146676355
2025-09-29,HDFCBANK.NS,RELIANCE.NS,0.08597216198239879
2025-09-30,HDFCBANK.NS,RELIANCE.NS,0.08140400854015042
2025-10-01,HDFCBANK.NS,RELIANCE.NS,0.09850481002705508
2025-10-03,HDFCBANK.NS,RELIANCE.NS,0.10029174211188546
2025-10-06,HDFCBANK.NS,RELIANCE.NS,0.13328274674725968
2025-10-07,HDFCBANK.NS,RELIANCE.NS,0.14931203737296303
2025-10-08,HDFCBANK.NS,RELIANCE.NS,0.1289130348053701
2025-10-09,HDFCBANK.NS,RELIANCE.NS,0.12526279939888632
2025-10-10,HDFCBANK.NS,RELIANCE.NS,0.12597856639327698
2025-10-13,HDFCBANK.NS,RELIANCE.NS,0.12853235391098736
2025-10-14,HDFCBANK.NS,RELIANCE.NS,0.12418547169409498
2025-10-15,HDFCBANK.NS,RELIANCE.NS,0.13132841264758843
2025-10-16,HDFCBANK.NS,RELIANCE.NS,0.4004989576715836
2025-10-17,HDFCBANK.NS,RELIANCE.NS,0.43154340656482915
2025-10-20,HDFCBANK.NS,RELIANCE.NS,0.3843466608469534
2025-10-21,HDFCBANK.NS,RELIANCE.NS,0.3710167053295964
2025-10-23,HDFCBANK.NS,RELIANCE.NS,0.3613040174413937
2025-10-24,HDFCBANK.NS,RELIANCE.NS,0.34708801948565027
2025-10-27,HDFCBANK.NS,RELIANCE.NS,0.3544763809889087
2025-10-28,HDFCBANK.NS,RELIANCE.NS,0.3587834411390317
2025-10-29,HDFCBANK.NS,RELIANCE.NS,0.35945832112157666
2025-10-30,HDFCBANK.NS,RELIANCE.NS,0.3769400374194919
2025-10-31,HDFCBANK.NS,RELIANCE.NS,0.41223817987739864
2025-11-03,HDFCBANK.NS,RELIANCE.NS,0.3931652413009798
2025-11-04,HDFCBANK.NS,RELIANCE.NS,0.4036209029602916
2025-11-06,HDFCBANK.NS,RELIANCE.NS,0.4019378284293921
2025-11-07,HDFCBANK.NS,RELIANCE.NS,0.3777702295801316
2025-11-10,HDFCBANK.NS,RELIANCE.NS,0.36021249272050726
2025-11-11,HDFCBANK.NS,RELIANCE.NS,0.35332287177241833
2025-11-12,HDFCBANK.NS,RELIANCE.NS,0.34548591610794627
2025-11-13,HDFCBANK.NS,RELIANCE.NS,0.35408231816495267
2025-11-14,HDFCBANK.NS,RELIANCE.NS,0.35258348550092383
2025-11-17,HDFCBANK.NS,RELIANCE.NS,0.41252287135316007
2025-11-18,HDFCBANK.NS,RELIANCE.NS,0.4109530350285755
2025-11-19,HDFCBANK.NS,RELIANCE.NS,0.40893355290941996
2025-11-20,HDFCBANK.NS,RELIANCE.NS,0.4248961633087417
2025-11-21,HDFCBANK.NS,RELIANCE.NS,0.42429036415018645
2025-11-24,HDFCBANK.NS,RELIANCE.NS,0.39280329309590684
2025-11-25,HDFCBANK.NS,RELIANCE.NS,0.39942865233151453
2025-11-26,HDFCBANK.NS,RELIANCE.NS,0.4173687307384739
2025-11-27,HDFCBANK.NS,RELIANCE.NS,0.4043266867782223
2025-11-28,HDFCBANK.NS,RELIANCE.NS,0.42386742579753395
2025-12-01,HDFCBANK.NS,RELIANCE.NS,0.4275769517938643
2025-12-02,HDFCBANK.NS,RELIANCE.NS,0.4866222006780006
2025-12-03,HDFCBANK.NS,RELIANCE.NS,0.45698797149494363
2025-12-04,HDFCBANK.NS,RELIANCE.NS,0.4591373154835189
2025-12-05,HDFCBANK.NS,RELIANCE.NS,0.4579765268971496
2025-12-08,HDFCBANK.NS,RELIANCE.NS,0.4581209286515524
2025-12-09,HDFCBANK.NS,RELIANCE.NS,0.4672400480847646
2025-12-10,HDFCBANK.NS,RELIANCE.NS,0.4594350654499321
2025-12-11,HDFCBANK.NS,RELIANCE.NS,0.4607445768847493
2025-12-12,HDFCBANK.NS,RELIANCE.NS,0.46097273953246576
2025-12-15,HDFCBANK.NS,RELIANCE.NS,0.4629264565033478
2025-12-16,HDFCBANK.NS,RELIANCE.NS,0.4734622529735768
2025-12-17,HDFCBANK.NS,RELIANCE.NS,0.45746853247005903
2025-12-18,HDFCBANK.NS,RELIANCE.NS,0.45601449615189815
2025-12-19,HDFCBANK.NS,RELIANCE.NS,0.46380652092061997
2025-12-22,HDFCBANK.NS,RELIANCE.NS,0.45800404836908054
2025-12-23,HDFCBANK.NS,RELIANCE.NS,0.44007158271811336
2025-12-24,HDFCBANK.NS,RELIANCE.NS,0.4413967296134733
2025-12-26,HDFCBANK.NS,RELIANCE.NS,0.45075724804950396
2025-12-29,HDFCBANK.NS,RELIANCE.NS,0.4518386122333955
2025-12-30,HDFCBANK.NS,RELIANCE.NS,0.4635940585631358
2025-12-31,HDFCBANK.NS,RELIANCE.NS,0.4501346292284168
2026-01-01,HDFCBANK.NS,RELIANCE.NS,0.44394649263756425
2026-01-02,HDFCBANK.NS,RELIANCE.NS,0.4508648598126526
2026-01-05,HDFCBANK.NS,RELIANCE.NS,0.46466603993173333
2026-01-06,HDFCBANK.NS,RELIANCE.NS,0.5211329690776585
2026-01-07,HDFCBANK.NS,RELIANCE.NS,0.5179251707314017
2026-01-08,HDFCBANK.NS,RELIANCE.NS,0.5059788894245247
2026-01-09,HDFCBANK.NS,RELIANCE.NS,0.49938069220485254
2026-01-12,HDFCBANK.NS,RELIANCE.NS,0.49877762312147716
2026-01-13,HDFCBANK.NS,RELIANCE.NS,0.45545076485990105
2026-01-14,HDFCBANK.NS,RELIANCE.NS,0.42683467217941357
2026-01-15,HDFCBANK.NS,RELIANCE.NS,0.4512380374333888
2026-01-16,HDFCBANK.NS,RELIANCE.NS,0.45050519542911355
2026-01-19,HDFCBANK.NS,RELIANCE.NS,0.444371251881152
2026-01-20,HDFCBANK.NS,RELIANCE.NS,0.44256806814519895
2026-01-21,HDFCBANK.NS,RELIANCE.NS,0.3940551159014971
2026-01-22,HDFCBANK.NS,RELIANCE.NS,0.3934060708561712
2026-01-23,HDFCBANK.NS,RELIANCE.NS,0.3845949576398752
2026-01-27,HDFCBANK.NS,RELIANCE.NS,0.35932937192354286
2026-01-28,HDFCBANK.NS,RELIANCE.NS,0.3764546360324908
2026-01-29,HDFCBANK.NS,RELIANCE.NS,0.3753493969619212
2026-01-30,HDFCBANK.NS,RELIANCE.NS,0.36303103571569906
2026-02-02,HDFCBANK.NS,RELIANCE.NS,0.3688453097197121
2026-02-03,HDFCBANK.NS,RELIANCE.NS,0.4565330660594856
2026-02-04,HDFCBANK.NS,RELIANCE.NS,0.46057229988265774
2026-02-05,HDFCBANK.NS,RELIANCE.NS,0.46207773348435255
2026-02-06,HDFCBANK.NS,RELIANCE.NS,0.456713967805655
2026-02-09,HDFCBANK.NS,RELIANCE.NS,0.4500646350669648
2026-02-10,HDFCBANK.NS,RELIANCE.NS,0.44795885953444514
2026-02-11,HDFCBANK.NS,RELIANCE.NS,0.442616963140723
2026-02-12,HDFCBANK.NS,RELIANCE.NS,0.45052041662400716
2026-02-13,HDFCBANK.NS,RELIANCE.NS,0.4793596456745528
2026-02-16,HDFCBANK.NS,RELIANCE.NS,0.4666300057731737
2026-02-17,HDFCBANK.NS,RELIANCE.NS,0.4668987110476074
2026-02-18,HDFCBANK.NS,RELIANCE.NS,0.46531567827447007
2026-02-19,HDFCBANK.NS,RELIANCE.NS,0.48638578751995615
2026-02-20,HDFCBANK.NS,RELIANCE.NS,0.452872555528966
2026-02-23,HDFCBANK.NS,RELIANCE.NS,0.4637934811622721
2026-02-24,HDFCBANK.NS,RELIANCE.NS,0.45229126116525215
2026-02-25,HDFCBANK.NS,RELIANCE.NS,0.4485654063648425
2026-02-26,HDFCBANK.NS,RELIANCE.NS,0.4244943390504786
2026-02-27,HDFCBANK.NS,RELIANCE.NS,0.4444398322275051
2026-03-02,HDFCBANK.NS,RELIANCE.NS,0.4551635721031904
2026-03-04,HDFCBANK.NS,RELIANCE.NS,0.45755323536505027
2026-03-05,HDFCBANK.NS,RELIANCE.NS,0.4849890491944056
2026-03-06,HDFCBANK.NS,RELIANCE.NS,0.4233640385517517
2026-03-09,HDFCBANK.NS,RELIANCE.NS,0.3826103858320106
2026-03-10,HDFCBANK.NS,RELIANCE.NS,0.355427417628459
2026-03-11,HDFCBANK.NS,RELIANCE.NS,0.3652388009395364
2026-03-12,HDFCBANK.NS,RELIANCE.NS,0.36631256661673567
2026-03-13,HDFCBANK.NS,RELIANCE.NS,0.37226786995387406
2026-03-16,HDFCBANK.NS,RELIANCE.NS,0.38897878470124864
2026-03-17,HDFCBANK.NS,RELIANCE.NS,0.3904595035524159
2026-03-18,HDFCBANK.NS,RELIANCE.NS,0.38041782228140486
2026-03-19,HDFCBANK.NS,RELIANCE.NS,0.3902301466015583
2026-03-20,HDFCBANK.NS,RELIANCE.NS,0.33928455980981603
2026-03-23,HDFCBANK.NS,RELIANCE.NS,0.3259221258976598
2026-03-24,HDFCBANK.NS,RELIANCE.NS,0.32335316002085845
2026-03-25,HDFCBANK.NS,RELIANCE.NS,0.32230001652742274
2026-03-27,HDFCBANK.NS,RELIANCE.NS,0.3829969686102626
2026-03-30,HDFCBANK.NS,RELIANCE.NS,0.373493213269329
2026-04-01,HDFCBANK.NS,RELIANCE.NS,0.3900737966105144
2026-04-02,HDFCBANK.NS,RELIANCE.NS,0.36385192470637556
2026-04-06,HDFCBANK.NS,RELIANCE.NS,0.274586757691988
2026-04-07,HDFCBANK.NS,RELIANCE.NS,0.25911134788679413
2026-04-08,HDFCBANK.NS,RELIANCE.NS,0.35148438630371365
2026-04-09,HDFCBANK.NS,RELIANCE.NS,0.36556493920622884
2026-04-10,HDFCBANK.NS,RELIANCE.NS,0.37920063802607973
2026-04-13,HDFCBANK.NS,RELIANCE.NS,0.3932440144655834
2026-04-15,HDFCBANK.NS,RELIANCE.NS,0.41835524197972596
2026-04-16,HDFCBANK.NS,RELIANCE.NS,0.419999896073603
2026-04-17,HDFCBANK.NS,RELIANCE.NS,0.42286500249286324
2026-04-20,HDFCBANK.NS,RELIANCE.NS,0.42336795351141077
2026-04-21,HDFCBANK.NS,RELIANCE.NS,0.4194759860287779
2026-04-22,HDFCBANK.NS,RELIANCE.NS,0.41970541168482534
2026-04-23,HDFCBANK.NS,RELIANCE.NS,0.43316512222967435
2026-04-24,HDFCBANK.NS,RELIANCE.NS,0.42942623053585055
2026-04-27,HDFCBANK.NS,RELIANCE.NS,0.4321116252496151
2026-04-28,HDFCBANK.NS,RELIANCE.NS,0.426679951341609
2026-04-29,HDFCBANK.NS,RELIANCE.NS,0.4118918289664982
2026-04-30,HDFCBANK.NS,RELIANCE.NS,0.412314222985079
2026-05-01,HDFCBANK.NS,RELIANCE.NS,0.4128696019201778
2026-05-04,HDFCBANK.NS,RELIANCE.NS,0.4207968824927825
2026-05-05,HDFCBANK.NS,RELIANCE.NS,0.395409268726486
2026-05-06,HDFCBANK.NS,RELIANCE.NS,0.34486890564496137
2026-05-07,HDFCBANK.NS,RELIANCE.NS,0.3452293159205281
2026-05-08,HDFCBANK.NS,RELIANCE.NS,0.34608351591471387
2026-05-11,HDFCBANK.NS,RELIANCE.NS,0.3651571849977506
2026-05-12,HDFCBANK.NS,RELIANCE.NS,0.37238883424210284
2026-05-13,HDFCBANK.NS,RELIANCE.NS,0.37366494497195446
2026-05-14,HDFCBANK.NS,RELIANCE.NS,0.3707107194418027
2026-05-15,HDFCBANK.NS,RELIANCE.NS,0.3580055044294012
2026-05-18,HDFCBANK.NS,RELIANCE.NS,0.3470022253893455
2026-05-19,HDFCBANK.NS,RELIANCE.NS,0.35048757486356574
2026-05-20,HDFCBANK.NS,RELIANCE.NS,0.34118448808632895
2026-05-21,HDFCBANK.NS,RELIANCE.NS,0.33726897888763846
2026-05-22,HDFCBANK.NS,RELIANCE.NS,0.33978631840014345
2026-05-25,HDFCBANK.NS,RELIANCE.NS,0.3440957100166442
2026-05-26,HDFCBANK.NS,RELIANCE.NS,0.3476864332020391
2026-05-27,HDFCBANK.NS,RELIANCE.NS,0.3517802418125565
2026-05-28,HDFCBANK.NS,RELIANCE.NS,0.3549948424788915
2026-05-29,HDFCBANK.NS,RELIANCE.NS,0.3625956549343951
2026-06-01,HDFCBANK.NS,RELIANCE.NS,0.3614045233624245
2026-06-02,HDFCBANK.NS,RELIANCE.NS,0.35559748864645807
2026-06-03,HDFCBANK.NS,RELIANCE.NS,0.3463193886973335
2026-06-04,HDFCBANK.NS,RELIANCE.NS,0.3639487546873139
2026-06-05,HDFCBANK.NS,RELIANCE.NS,0.3842002819135452
2026-06-08,HDFCBANK.NS,RELIANCE.NS,0.39682957256975626
2026-06-09,HDFCBANK.NS,RELIANCE.NS,0.3905377192208673
2026-06-10,HDFCBANK.NS,RELIANCE.NS,0.3835848923545684
2026-06-11,HDFCBANK.NS,RELIANCE.NS,0.37947529932673935
2026-06-12,HDFCBANK.NS,RELIANCE.NS,0.4013552306662235
2026-06-15,HDFCBANK.NS,RELIANCE.NS,0.4032553490851294
2026-06-16,HDFCBANK.NS,RELIANCE.NS,0.4098443430858024
2026-06-17,HDFCBANK.NS,RELIANCE.NS,0.3931430295403417
2026-06-18,HDFCBANK.NS,RELIANCE.NS,0.4284129641291493
2026-06-19,HDFCBANK.NS,RELIANCE.NS,0.44707810617408644
2026-06-22,HDFCBANK.NS,RELIANCE.NS,0.45292290375855615
2026-06-23,HDFCBANK.NS,RELIANCE.NS,0.4629482215902067
2026-06-24,HDFCBANK.NS,RELIANCE.NS,0.40825330348356254
2026-06-25,HDFCBANK.NS,RELIANCE.NS,0.4168053616275442
2026-06-26,HDFCBANK.NS,RELIANCE.NS,0.40727885854728885
2026-06-29,HDFCBANK.NS,RELIANCE.NS,0.4169294040897688
2026-06-30,HDFCBANK.NS,RELIANCE.NS,0.5129073894471754
2026-07-01,HDFCBANK.NS,RELIANCE.NS,0.5075893371286586
2026-07-02,HDFCBANK.NS,RELIANCE.NS,0.4330855948447693
2026-07-03,HDFCBANK.NS,RELIANCE.NS,0.41891492583334516
2026-07-06,HDFCBANK.NS,RELIANCE.NS,0.423274285873763
2026-07-07,HDFCBANK.NS,RELIANCE.NS,0.39545830719952646
2026-07-08,HDFCBANK.NS,RELIANCE.NS,0.4052707050646597
2026-07-09,HDFCBANK.NS,RELIANCE.NS,0.4128011497609275
2026-07-10,HDFCBANK.NS,RELIANCE.NS,0.417122645409177
2026-07-13,HDFCBANK.NS,RELIANCE.NS,0.4213359500642177
2026-07-14,HDFCBANK.NS,RELIANCE.NS,0.442116760808951
2026-07-15,HDFCBANK.NS,RELIANCE.NS,0.45845893378884256
2026-07-16,HDFCBANK.NS,RELIANCE.NS,0.44223503528494706
2026-07-17,HDFCBANK.NS,RELIANCE.NS,0.4581503531034168
2026-07-20,HDFCBANK.NS,RELIANCE.NS,0.4270991735066933
2026-07-21,HDFCBANK.NS,RELIANCE.NS,0.4634634386950462
2026-07-22,HDFCBANK.NS,RELIANCE.NS,0.4992247601325214
2026-07-23,HDFCBANK.NS,RELIANCE.NS,0.5091478800708713
2026-07-24,HDFCBANK.NS,RELIANCE.NS,0.5042435186497057
2026-07-27,HDFCBANK.NS,RELIANCE.NS,0.4985530503903467
2026-07-28,HDFCBANK.NS,RELIANCE.NS,0.5034978149561792
2026-07-29,HDFCBANK.NS,RELIANCE.NS,0.5836546266106517
2026-07-30,HDFCBANK.NS,RELIANCE.NS,0.5860948987162253
2026-07-31,HDFCBANK.NS,RELIANCE.NS,0.5794924758708399
2026-08-03,HDFCBANK.NS,RELIANCE.NS,0.5591199057016013
2026-08-04,HDFCBANK.NS,RELIANCE.NS,0.557209373535875
2026-08-05,HDFCBANK.NS,RELIANCE.NS,0.5604029949309953
2026-08-06,HDFCBANK.NS,RELIANCE.NS,0.526499580322546
2026-08-07,HDFCBANK.NS,RELIANCE.NS,0.5276388472260263
2026-08-10,HDFCBANK.NS,RELIANCE.NS,0.5266100649987859
2026-08-11,HDFCBANK.NS,RELIANCE.NS,0.523681566941319
2026-08-12,HDFCBANK.NS,RELIANCE.NS,0.5582988704162105
2026-08-13,HDFCBANK.NS,RELIANCE.NS,0.5613132850337303
2026-08-14,HDFCBANK.NS,RELIANCE.NS,0.5575092136808079
2026-08-17,HDFCBANK.NS,RELIANCE.NS,0.5519844091493732
2026-08-18,HDFCBANK.NS,RELIANCE.NS,0.542683905311358
2026-08-19,HDFCBANK.NS,RELIANCE.NS,0.5493942986465078
2026-08-20,HDFCBANK.NS,RELIANCE.NS,0.5494073966771338
2026-08-21,HDFCBANK.NS,RELIANCE.NS,0.5304495463775242
2026-08-24,HDFCBANK.NS,RELIANCE.NS,0.5278660758914944
2026-08-25,HDFCBANK.NS,RELIANCE.NS,0.5311690352647124
2026-08-26,HDFCBANK.NS,RELIANCE.NS,0.5269011461129978
2026-08-27,HDFCBANK.NS,RELIANCE.NS,0.5414367835869955
2026-08-28,HDFCBANK.NS,RELIANCE.NS,0.5397930079646308
2026-08-31,HDFCBANK.NS,RELIANCE.NS,0.5380784263242608
2026-09-01,HDFCBANK.NS,RELIANCE.NS,0.5295143803943422
2026-09-02,HDFCBANK.NS,RELIANCE.NS,0.5371706580115472
2026-09-03,HDFCBANK.NS,RELIANCE.NS,0.5254121035565426
2026-09-04,HDFCBANK.NS,RELIANCE.NS,0.4856202640941531
2026-09-07,HDFCBANK.NS,RELIANCE.NS,0.47973210202147787
2026-09-08,HDFCBANK.NS,RELIANCE.NS,0.47580829847794076
2026-09-09,HDFCBANK.NS,RELIANCE.NS,0.48818451278511404
2026-09-10,HDFCBANK.NS,RELIANCE.NS,0.4931426409035291
2026-09-11,HDFCBANK.NS,RELIANCE.NS,0.4415666048910722
2026-09-14,HDFCBANK.NS,RELIANCE.NS,0.43348645373885913
2026-09-15,HDFCBANK.NS,RELIANCE.NS,0.3862658466636856
2026-09-16,HDFCBANK.NS,RELIANCE.NS,0.3903033259281745
2026-09-17,HDFCBANK.NS,RELIANCE.NS,0.3812759855061879
2026-09-18,HDFCBANK.NS,RELIANCE.NS,0.3245474490917403
2026-09-21,HDFCBANK.NS,RELIANCE.NS,0.3500845035605537
2026-09-22,HDFCBANK.NS,RELIANCE.NS,0.35006681118581096
2026-09-23,HDFCBANK.NS,RELIANCE.NS,0.35286497572612824
2026-09-24,HDFCBANK.NS,RELIANCE.NS,0.36492322782540615
2026-09-25,HDFCBANK.NS,RELIANCE.NS,0.369359588425004
2026-09-28,HDFCBANK.NS,RELIANCE.NS,0.37189401148020923
2026-09-29,HDFCBANK.NS,RELIANCE.NS,0.361846431329955
2026-09-30,HDFCBANK.NS,RELIANCE.NS,0.3097711892735843
2026-10-01,HDFCBANK.NS,RELIANCE.NS,0.2640383819213525
2021-12-31,HDFCBANK.NS,TCS.NS,0.1196932831558209
2022-01-03,HDFCBANK.NS,TCS.NS,0.18396251651123796
2022-01-04,HDFCBANK.NS,TCS.NS,0.20136811167162572
2022-01-05,HDFCBANK.NS,TCS.NS,0.1857015526919986
2022-01-06,HDFCBANK.NS,TCS.NS,0.43255631463954203
2022-01-07,HDFCBANK.NS,TCS.NS,0.4393657716770223
2022-01-10,HDFCBANK.NS,TCS.NS,0.44344707143343776
2022-01-11,HDFCBANK.NS,TCS.NS,0.52143098108124
2022-01-12,HDFCBANK.NS,TCS.NS,0.5372665209424028
2022-01-13,HDFCBANK.NS,TCS.NS,0.5184422664606209
2022-01-14,HDFCBANK.NS,TCS.NS,0.5268420575268152
2022-01-17,HDFCBANK.NS,TCS.NS,0.5262537107395023
2022-01-18,HDFCBANK.NS,TCS.NS,0.5258693684312429
2022-01-19,HDFCBANK.NS,TCS.NS,0.5233254273504362
2022-01-20,HDFCBANK.NS,TCS.NS,0.5159212858823129
2022-01-21,HDFCBANK.NS,TCS.NS,0.5142230265791434
2022-01-24,HDFCBANK.NS,TCS.NS,0.5012473175209986
2022-01-25,HDFCBANK.NS,TCS.NS,0.49758535784942437
2022-01-27,HDFCBANK.NS,TCS.NS,0.4718029135606432
2022-01-28,HDFCBANK.NS,TCS.NS,0.45896499150313896
2022-01-31,HDFCBANK.NS,TCS.NS,0.4788816981437695
2022-02-01,HDFCBANK.NS,TCS.NS,0.4848912622607677
2022-02-02,HDFCBANK.NS,TCS.NS,0.5031652950082098
2022-02-03,HDFCBANK.NS,TCS.NS,0.5155098775398468
2022-02-04,HDFCBANK.NS,TCS.NS,0.5065203018998273
2022-02-07,HDFCBANK.NS,TCS.NS,0.5117295378444935
2022-02-08,HDFCBANK.NS,TCS.NS,0.5110713749297995
2022-02-09,HDFCBANK.NS,TCS.NS,0.5033758950743563
2022-02-10,HDFCBANK.NS,TCS.NS,0.498677351982371
2022-02-11,HDFCBANK.NS,TCS.NS,0.4883379044157157
2022-02-14,HDFCBANK.NS,TCS.NS,0.4542597153787892
2022-02-15,HDFCBANK.NS,TCS.NS,0.4823782300242512
2022-02-16,HDFCBANK.NS,TCS.NS,0.4825165415246796
2022-02-17,HDFCBANK.NS,TCS.NS,0.4877044962662686
2022-02-18,HDFCBANK.NS,TCS.NS,0.4887394099602514
2022-02-21,HDFCBANK.NS,TCS.NS,0.47261349437682004
2022-02-22,HDFCBANK.NS,TCS.NS,0.462973366135179
2022-02-23,HDFCBANK.NS,TCS.NS,0.4703460095803821
2022-02-24,HDFCBANK.NS,TCS.NS,0.562100545591735
2022-02-25,HDFCBANK.NS,TCS.NS,0.580858376210071
2022-02-28,HDFCBANK.NS,TCS.NS,0.5587618093296478
2022-03-02,HDFCBANK.NS,TCS.NS,0.5494816759346275
2022-03-03,HDFCBANK.NS,TCS.NS,0.5426677098142507
2022-03-04,HDFCBANK.NS,TCS.NS,0.5353887671629781
2022-03-07,HDFCBANK.NS,TCS.NS,0.538825147594576
2022-03-08,HDFCBANK.NS,TCS.NS,0.5284752327249777
2022-03-09,HDFCBANK.NS,TCS.NS,0.5276079853571004
2022-03-10,HDFCBANK.NS,TCS.NS,0.5210356400782501
2022-03-11,HDFCBANK.NS,TCS.NS,0.5222344027999655
2022-03-14,HDFCBANK.NS,TCS.NS,0.5286837810402206
2022-03-15,HDFCBANK.NS,TCS.NS,0.5382939638545851
2022-03-16,HDFCBANK.NS,TCS.NS,0.5466173142266529
2022-03-17,HDFCBANK.NS,TCS.NS,0.5410149926417261
2022-03-21,HDFCBANK.NS,TCS.NS,0.5346894365976967
2022-03-22,HDFCBANK.NS,TCS.NS,0.5344118373664611
2022-03-23,HDFCBANK.NS,TCS.NS,0.5316645769828272
2022-03-24,HDFCBANK.NS,TCS.NS,0.5049469170073023
2022-03-25,HDFCBANK.NS,TCS.NS,0.5070453031115509
2022-03-28,HDFCBANK.NS,TCS.NS,0.5065505156992456
2022-03-29,HDFCBANK.NS,TCS.NS,0.5025994894844987
2022-03-30,HDFCBANK.NS,TCS.NS,0.506210515110641
2022-03-31,HDFCBANK.NS,TCS.NS,0.4875405244151965
2022-04-01,HDFCBANK.NS,TCS.NS,0.48682142232492487
2022-04-04,HDFCBANK.NS,TCS.NS,0.42375852751630355
2022-04-05,HDFCBANK.NS,TCS.NS,0.3900574806617248
2022-04-06,HDFCBANK.NS,TCS.NS,0.40431530047707703
2022-04-07,HDFCBANK.NS,TCS.NS,0.4147881266444808
2022-04-08,HDFCBANK.NS,TCS.NS,0.41412553518368667
2022-04-11,HDFCBANK.NS,TCS.NS,0.41022625572486376
2022-04-12,HDFCBANK.NS,TCS.NS,0.42346611658003785
2022-04-13,HDFCBANK.NS,TCS.NS,0.4224675154537653
2022-04-18,HDFCBANK.NS,TCS.NS,0.47958381833710373
2022-04-19,HDFCBANK.NS,TCS.NS,0.4919781283507078
2022-04-20,HDFCBANK.NS,TCS.NS,0.49272782839534346
2022-04-21,HDFCBANK.NS,TCS.NS,0.501833071134921
2022-04-22,HDFCBANK.NS,TCS.NS,0.502159436437625
2022-04-25,HDFCBANK.NS,TCS.NS,0.4828211443443514
2022-04-26,HDFCBANK.NS,TCS.NS,0.48266730199903224
2022-04-27,HDFCBANK.NS,TCS.NS,0.48857176035936606
2022-04-28,HDFCBANK.NS,TCS.NS,0.4941806022451957
2022-04-29,HDFCBANK.NS,TCS.NS,0.4819885980615362
2022-05-02,HDFCBANK.NS,TCS.NS,0.4794718749311819
2022-05-04,HDFCBANK.NS,TCS.NS,0.4828185169473761
2022-05-05,HDFCBANK.NS,TCS.NS,0.47894276301648925
2022-05-06,HDFCBANK.NS,TCS.NS,0.49130542080723716
2022-05-09,HDFCBANK.NS,TCS.NS,0.488788359594563
2022-05-10,HDFCBANK.NS,TCS.NS,0.4863369004498404
2022-05-11,HDFCBANK.NS,TCS.NS,0.48152289252129904
2022-05-12,HDFCBANK.NS,TCS.NS,0.4772588733133869
2022-05-13,HDFCBANK.NS,TCS.NS,0.480153042248431
2022-05-16,HDFCBANK.NS,TCS.NS,0.495273739004501
2022-05-17,HDFCBANK.NS,TCS.NS,0.47584942688280063
2022-05-18,HDFCBANK.NS,TCS.NS,0.4758761283490289
2022-05-19,HDFCBANK.NS,TCS.NS,0.4732041403398401
2022-05-20,HDFCBANK.NS,TCS.NS,0.47917627998945467
2022-05-23,HDFCBANK.NS,TCS.NS,0.48311033331245923
2022-05-24,HDFCBANK.NS,TCS.NS,0.48569763984003245
2022-05-25,HDFCBANK.NS,TCS.NS,0.46053910222535227
2022-05-26,HDFCBANK.NS,TCS.NS,0.41613890382131596
2022-05-27,HDFCBANK.NS,TCS.NS,0.4007279128184978
2022-05-30,HDFCBANK.NS,TCS.NS,0.4080458168419279
2022-05-31,HDFCBANK.NS,TCS.NS,0.41492943621678063
2022-06-01,HDFCBANK.NS,TCS.NS,0.4145094873973097
2022-06-02,HDFCBANK.NS,TCS.NS,0.39989770845090933
2022-06-03,HDFCBANK.NS,TCS.NS,0.38981497493674144
2022-06-06,HDFCBANK.NS,TCS.NS,0.40371314533254343
2022-06-07,HDFCBANK.NS,TCS.NS,0.4017432799358654
2022-06-08,HDFCBANK.NS,TCS.NS,0.4049823789125402
2022-06-09,HDFCBANK.NS,TCS.NS,0.407808951149241
2022-06-10,HDFCBANK.NS,TCS.NS,0.4068849255473792
2022-06-13,HDFCBANK.NS,TCS.NS,0.4130254340577212
2022-06-14,HDFCBANK.NS,TCS.NS,0.4032299499896332
2022-06-15,HDFCBANK.NS,TCS.NS,0.40018382705490024
2022-06-16,HDFCBANK.NS,TCS.NS,0.41456350134223346
2022-06-17,HDFCBANK.NS,TCS.NS,0.4042265511551625
2022-06-20,HDFCBANK.NS,TCS.NS,0.4144130551872109
2022-06-21,HDFCBANK.NS,TCS.NS,0.4383047754003198
2022-06-22,HDFCBANK.NS,TCS.NS,0.435057665788438
2022-06-23,HDFCBANK.NS,TCS.NS,0.4302233262223011
2022-06-24,HDFCBANK.NS,TCS.NS,0.42714752346740137
2022-06-27,HDFCBANK.NS,TCS.NS,0.4233672022115917
2022-06-28,HDFCBANK.NS,TCS.NS,0.42299826027730636
2022-06-29,HDFCBANK.NS,TCS.NS,0.420028841509575
2022-06-30,HDFCBANK.NS,TCS.NS,0.5104049277926954
2022-07-01,HDFCBANK.NS,TCS.NS,0.5509822028883159
2022-07-04,HDFCBANK.NS,TCS.NS,0.5334248267799094
2022-07-05,HDFCBANK.NS,TCS.NS,0.5233122495323513
2022-07-06,HDFCBANK.NS,TCS.NS,0.5308406073633888
2022-07-07,HDFCBANK.NS,TCS.NS,0.5407492364459892
2022-07-08,HDFCBANK.NS,TCS.NS,0.5397471370803797
2022-07-11,HDFCBANK.NS,TCS.NS,0.49150194127066654
2022-07-12,HDFCBANK.NS,TCS.NS,0.44393256808721243
2022-07-13,HDFCBANK.NS,TCS.NS,0.4467354100781782
2022-07-14,HDFCBANK.NS,TCS.NS,0.4420019366384816
2022-07-15,HDFCBANK.NS,TCS.NS,0.42738327639645624
2022-07-18,HDFCBANK.NS,TCS.NS,0.39831283252987465
2022-07-19,HDFCBANK.NS,TCS.NS,0.41053148424013114
2022-07-20,HDFCBANK.NS,TCS.NS,0.4249293101385762
2022-07-21,HDFCBANK.NS,TCS.NS,0.42331000985620526
2022-07-22,HDFCBANK.NS,TCS.NS,0.4136696282908772
2022-07-25,HDFCBANK.NS,TCS.NS,0.42194508649519075
2022-07-26,HDFCBANK.NS,TCS.NS,0.4250603402569386
2022-07-27,HDFCBANK.NS,TCS.NS,0.4172409477482448
2022-07-28,HDFCBANK.NS,TCS.NS,0.42770958231239103
2022-07-29,HDFCBANK.NS,TCS.NS,0.4102909059746223
2022-08-01,HDFCBANK.NS,TCS.NS,0.40915967763315114
2022-08-02,HDFCBANK.NS,TCS.NS,0.41366600514122404
2022-08-03,HDFCBANK.NS,TCS.NS,0.41605517842725204
2022-08-04,HDFCBANK.NS,TCS.NS,0.42725694649178214
2022-08-05,HDFCBANK.NS,TCS.NS,0.4298424343410825
2022-08-08,HDFCBANK.NS,TCS.NS,0.43247711722901483
2022-08-10,HDFCBANK.NS,TCS.NS,0.42920858699246195
2022-08-11,HDFCBANK.NS,TCS.NS,0.43924058274025307
2022-08-12,HDFCBANK.NS,TCS.NS,0.3850173068127794
2022-08-16,HDFCBANK.NS,TCS.NS,0.3763971392078427
2022-08-17,HDFCBANK.NS,TCS.NS,0.39446626716506505
2022-08-18,HDFCBANK.NS,TCS.NS,0.4074960978032626
2022-08-19,HDFCBANK.NS,TCS.NS,0.43062123462839874
2022-08-22,HDFCBANK.NS,TCS.NS,0.4172021272949672
2022-08-23,HDFCBANK.NS,TCS.NS,0.41231853390279527
2022-08-24,HDFCBANK.NS,TCS.NS,0.4046040118022842
2022-08-25,HDFCBANK.NS,TCS.NS,0.40911457533255274
2022-08-26,HDFCBANK.NS,TCS.NS,0.4100796371042679
2022-08-29,HDFCBANK.NS,TCS.NS,0.4641003084009452
2022-08-30,HDFCBANK.NS,TCS.NS,0.503702785766881
2022-09-01,HDFCBANK.NS,TCS.NS,0.5134764058753135
2022-09-02,HDFCBANK.NS,TCS.NS,0.5013751288085356
2022-09-05,HDFCBANK.NS,TCS.NS,0.5021601450694012
2022-09-06,HDFCBANK.NS,TCS.NS,0.49939032746593326
2022-09-07,HDFCBANK.NS,TCS.NS,0.47540345138487483
2022-09-08,HDFCBANK.NS,TCS.NS,0.43680528434884963
2022-09-09,HDFCBANK.NS,TCS.NS,0.4321162948245001
2022-09-12,HDFCBANK.NS,TCS.NS,0.4258399152072758
2022-09-13,HDFCBANK.NS,TCS.NS,0.3895920198312228
2022-09-14,HDFCBANK.NS,TCS.NS,0.3560697400642244
2022-09-15,HDFCBANK.NS,TCS.NS,0.3554651499909692
2022-09-16,HDFCBANK.NS,TCS.NS,0.38374738310823575
2022-09-19,HDFCBANK.NS,TCS.NS,0.39069190427061345
2022-09-20,HDFCBANK.NS,TCS.NS,0.39958243178923797
2022-09-21,HDFCBANK.NS,TCS.NS,0.41060267846062093
2022-09-22,HDFCBANK.NS,TCS.NS,0.38701590832777094
2022-09-23,HDFCBANK.NS,TCS.NS,0.38987871341250213
2022-09-26,HDFCBANK.NS,TCS.NS,0.3750283948432527
2022-09-27,HDFCBANK.NS,TCS.NS,0.3645669035173778
2022-09-28,HDFCBANK.NS,TCS.NS,0.3425038056054516
2022-09-29,HDFCBANK.NS,TCS.NS,0.3557501742959555
2022-09-30,HDFCBANK.NS,TCS.NS,0.34866547900141653
2022-10-03,HDFCBANK.NS,TCS.NS,0.3386025759810984
2022-10-04,HDFCBANK.NS,TCS.NS,0.3895371526740898
2022-10-06,HDFCBANK.NS,TCS.NS,0.3827821246813876
2022-10-07,HDFCBANK.NS,TCS.NS,0.44674459935610994
2022-10-10,HDFCBANK.NS,TCS.NS,0.4139798231853508
2022-10-11,HDFCBANK.NS,TCS.NS,0.4046574241465559
2022-10-12,HDFCBANK.NS,TCS.NS,0.4044949939681475
2022-10-13,HDFCBANK.NS,TCS.NS,0.4038999869729293
2022-10-14,HDFCBANK.NS,TCS.NS,0.4134583992773591
2022-10-17,HDFCBANK.NS,TCS.NS,0.4152499290366073
2022-10-18,HDFCBANK.NS,TCS.NS,0.39650875214875775
2022-10-19,HDFCBANK.NS,TCS.NS,0.3898162471831744
2022-10-20,HDFCBANK.NS,TCS.NS,0.3917628483925227
2022-10-21,HDFCBANK.NS,TCS.NS,0.3950796104162621
2022-10-24,HDFCBANK.NS,TCS.NS,0.401324548028925
2022-10-25,HDFCBANK.NS,TCS.NS,0.3957201138692689
2022-10-27,HDFCBANK.NS,TCS.NS,0.3878863532037348
2022-10-28,HDFCBANK.NS,TCS.NS,0.37820498327353924
2022-10-31,HDFCBANK.NS,TCS.NS,0.3916017304973556
2022-11-01,HDFCBANK.NS,TCS.NS,0.4026431011171336
2022-11-02,HDFCBANK.NS,TCS.NS,0.40484575732921296
2022-11-03,HDFCBANK.NS,TCS.NS,0.40936414140150373
2022-11-04,HDFCBANK.NS,TCS.NS,0.40693844839951476
2022-11-07,HDFCBANK.NS,TCS.NS,0.41287939273988616
2022-11-09,HDFCBANK.NS,TCS.NS,0.4148323114967203
2022-11-10,HDFCBANK.NS,TCS.NS,0.39475581189321585
2022-11-11,HDFCBANK.NS,TCS.NS,0.49178415182552776
2022-11-14,HDFCBANK.NS,TCS.NS,0.4955895042469526
2022-11-15,HDFCBANK.NS,TCS.NS,0.49504915976391384
2022-11-16,HDFCBANK.NS,TCS.NS,0.4979599163080917
2022-11-17,HDFCBANK.NS,TCS.NS,0.5028104575731597
2022-11-18,HDFCBANK.NS,TCS.NS,0.49710601279195404
2022-11-21,HDFCBANK.NS,TCS.NS,0.5076884404577837
2022-11-22,HDFCBANK.NS,TCS.NS,0.5079496961098906
2022-11-23,HDFCBANK.NS,TCS.NS,0.5047043095349975
2022-11-24,HDFCBANK.NS,TCS.NS,0.516434551004258
2022-11-25,HDFCBANK.NS,TCS.NS,0.4929770793768459
2022-11-28,HDFCBANK.NS,TCS.NS,0.45330349695155125
2022-11-29,HDFCBANK.NS,TCS.NS,0.44497910384701433
2022-11-30,HDFCBANK.NS,TCS.NS,0.44504210180094467
2022-12-01,HDFCBANK.NS,TCS.NS,0.44414619353984197
2022-12-02,HDFCBANK.NS,TCS.NS,0.4486848974197623
2022-12-05,HDFCBANK.NS,TCS.NS,0.4515649490330644
2022-12-06,HDFCBANK.NS,TCS.NS,0.4482662542478733
2022-12-07,HDFCBANK.NS,TCS.NS,0.45421070465658986
2022-12-08,HDFCBANK.NS,TCS.NS,0.4524432181338357
2022-12-09,HDFCBANK.NS,TCS.NS,0.44285575539055355
2022-12-12,HDFCBANK.NS,TCS.NS,0.5045015341398293
2022-12-13,HDFCBANK.NS,TCS.NS,0.4992822419744228
2022-12-14,HDFCBANK.NS,TCS.NS,0.47377914144438044
2022-12-15,HDFCBANK.NS,TCS.NS,0.4943322301317794
2022-12-16,HDFCBANK.NS,TCS.NS,0.4730496179856625
2022-12-19,HDFCBANK.NS,TCS.NS,0.4673350858515229
2022-12-20,HDFCBANK.NS,TCS.NS,0.4644296476259277
2022-12-21,HDFCBANK.NS,TCS.NS,0.44290542598829863
2022-12-22,HDFCBANK.NS,TCS.NS,0.45438444723564136
2022-12-23,HDFCBANK.NS,TCS.NS,0.4734378070309891
2022-12-26,HDFCBANK.NS,TCS.NS,0.49765586559534225
2022-12-27,HDFCBANK.NS,TCS.NS,0.4924336553731158
2022-12-28,HDFCBANK.NS,TCS.NS,0.5077781056457007
2022-12-29,HDFCBANK.NS,TCS.NS,0.5043218299055592
2022-12-30,HDFCBANK.NS,TCS.NS,0.4528057039216493
2023-01-02,HDFCBANK.NS,TCS.NS,0.46191824216499994
2023-01-03,HDFCBANK.NS,TCS.NS,0.45832757298609833
2023-01-04,HDFCBANK.NS,TCS.NS,0.4903921600099631
2023-01-05,HDFCBANK.NS,TCS.NS,0.47738596877348055
2023-01-06,HDFCBANK.NS,TCS.NS,0.464225471817428
2023-01-09,HDFCBANK.NS,TCS.NS,0.4370543231128518
2023-01-10,HDFCBANK.NS,TCS.NS,0.4866974513179229
2023-01-11,HDFCBANK.NS,TCS.NS,0.49485984644434244
2023-01-12,HDFCBANK.NS,TCS.NS,0.5018541327972317
2023-01-13,HDFCBANK.NS,TCS.NS,0.5105841413309097
2023-01-16,HDFCBANK.NS,TCS.NS,0.507015901825289
2023-01-17,HDFCBANK.NS,TCS.NS,0.5121165901187307
2023-01-18,HDFCBANK.NS,TCS.NS,0.5044689844999568
2023-01-19,HDFCBANK.NS,TCS.NS,0.5024884062110113
2023-01-20,HDFCBANK.NS,TCS.NS,0.4958255092469306
2023-01-23,HDFCBANK.NS,TCS.NS,0.4979279932407198
2023-01-24,HDFCBANK.NS,TCS.NS,0.4971227077076788
2023-01-25,HDFCBANK.NS,TCS.NS,0.4735659464578253
2023-01-27,HDFCBANK.NS,TCS.NS,0.4773273083087394
2023-01-30,HDFCBANK.NS,TCS.NS,0.47218656039652107
2023-01-31,HDFCBANK.NS,TCS.NS,0.4803263791858481
2023-02-01,HDFCBANK.NS,TCS.NS,0.4899057069083225
2023-02-02,HDFCBANK.NS,TCS.NS,0.4537332754584752
2023-02-03,HDFCBANK.NS,TCS.NS,0.4511802707782486
2023-02-06,HDFCBANK.NS,TCS.NS,0.3368254899459451
2023-02-07,HDFCBANK.NS,TCS.NS,0.3363363453070543
2023-02-08,HDFCBANK.NS,TCS.NS,0.3329879162014874
2023-02-09,HDFCBANK.NS,TCS.NS,0.32724742102468013
2023-02-10,HDFCBANK.NS,TCS.NS,0.3239954299256566
2023-02-13,HDFCBANK.NS,TCS.NS,0.31717615176418895
2023-02-14,HDFCBANK.NS,TCS.NS,0.30124851971640065
2023-02-15,HDFCBANK.NS,TCS.NS,0.30285760092883257
2023-02-16,HDFCBANK.NS,TCS.NS,0.29675510157087315
2023-02-17,HDFCBANK.NS,TCS.NS,0.2730903877396619
2023-02-20,HDFCBANK.NS,TCS.NS,0.2790479342660499
2023-02-21,HDFCBANK.NS,TCS.NS,0.2754669911286683
2023-02-22,HDFCBANK.NS,TCS.NS,0.30285628712327733
2023-02-23,HDFCBANK.NS,TCS.NS,0.301975474306169
2023-02-24,HDFCBANK.NS,TCS.NS,0.2942242850629504
2023-02-27,HDFCBANK.NS,TCS.NS,0.2722864389291877
2023-02-28,HDFCBANK.NS,TCS.NS,0.2705751039003772
2023-03-01,HDFCBANK.NS,TCS.NS,0.26110194033275136
2023-03-02,HDFCBANK.NS,TCS.NS,0.27470201946743966
2023-03-03,HDFCBANK.NS,TCS.NS,0.2897505318361709
2023-03-06,HDFCBANK.NS,TCS.NS,0.3172418315434107
2023-03-08,HDFCBANK.NS,TCS.NS,0.32216942330687137
2023-03-09,HDFCBANK.NS,TCS.NS,0.3153876291025536
2023-03-10,HDFCBANK.NS,TCS.NS,0.3016358997086803
2023-03-13,HDFCBANK.NS,TCS.NS,0.28934533690583497
2023-03-14,HDFCBANK.NS,TCS.NS,0.30791118438653137
2023-03-15,HDFCBANK.NS,TCS.NS,0.321634740155944
2023-03-16,HDFCBANK.NS,TCS.NS,0.32930006816973995
2023-03-17,HDFCBANK.NS,TCS.NS,0.33327118107928533
2023-03-20,HDFCBANK.NS,TCS.NS,0.3381561715040107
2023-03-21,HDFCBANK.NS,TCS.NS,0.309585203926088
2023-03-22,HDFCBANK.NS,TCS.NS,0.29584825648741203
2023-03-23,HDFCBANK.NS,TCS.NS,0.29603410683953835
2023-03-24,HDFCBANK.NS,TCS.NS,0.29611792339331994
2023-03-27,HDFCBANK.NS,TCS.NS,0.2938485506765616
2023-03-28,HDFCBANK.NS,TCS.NS,0.2885888813839257
2023-03-29,HDFCBANK.NS,TCS.NS,0.2919068205612814
2023-03-31,HDFCBANK.NS,TCS.NS,0.3090036773320699
2023-04-03,HDFCBANK.NS,TCS.NS,0.317636007241394
2023-04-05,HDFCBANK.NS,TCS.NS,0.3400029917161787
2023-04-06,HDFCBANK.NS,TCS.NS,0.3374086612692692
2023-04-10,HDFCBANK.NS,TCS.NS,0.3444823484060635
2023-04-11,HDFCBANK.NS,TCS.NS,0.3187673225083698
2023-04-12,HDFCBANK.NS,TCS.NS,0.3123315061636871
2023-04-13,HDFCBANK.NS,TCS.NS,0.29844243714318996
2023-04-17,HDFCBANK.NS,TCS.NS,0.32366777960604826
2023-04-18,HDFCBANK.NS,TCS.NS,0.34481200999462247
2023-04-19,HDFCBANK.NS,TCS.NS,0.31856930892146046
2023-04-20,HDFCBANK.NS,TCS.NS,0.315546036330269
2023-04-21,HDFCBANK.NS,TCS.NS,0.3132137481158366
2023-04-24,HDFCBANK.NS,TCS.NS,0.3216345815149571
2023-04-25,HDFCBANK.NS,TCS.NS,0.30577533389310685
2023-04-26,HDFCBANK.NS,TCS.NS,0.30041820176368
2023-04-27,HDFCBANK.NS,TCS.NS,0.31169765067702254
2023-04-28,HDFCBANK.NS,TCS.NS,0.31145188253940786
2023-05-02,HDFCBANK.NS,TCS.NS,0.31456514968501126
2023-05-03,HDFCBANK.NS,TCS.NS,0.29476136045683776
2023-05-04,HDFCBANK.NS,TCS.NS,0.29886151661657745
2023-05-05,HDFCBANK.NS,TCS.NS,0.2485743180631618
2023-05-08,HDFCBANK.NS,TCS.NS,0.24063217134411907
2023-05-09,HDFCBANK.NS,TCS.NS,0.23636446345933626
2023-05-10,HDFCBANK.NS,TCS.NS,0.23669207281845805
2023-05-11,HDFCBANK.NS,TCS.NS,0.24085514675480954
2023-05-12,HDFCBANK.NS,TCS.NS,0.24149930712477177
2023-05-15,HDFCBANK.NS,TCS.NS,0.23810849333627954
2023-05-16,HDFCBANK.NS,TCS.NS,0.24076425347757607
2023-05-17,HDFCBANK.NS,TCS.NS,0.24089266456588063
2023-05-18,HDFCBANK.NS,TCS.NS,0.2429431750048473
2023-05-19,HDFCBANK.NS,TCS.NS,0.2517342446096485
2023-05-22,HDFCBANK.NS,TCS.NS,0.22290948091232538
2023-05-23,HDFCBANK.NS,TCS.NS,0.22021566242137514
2023-05-24,HDFCBANK.NS,TCS.NS,0.21961390299568734
2023-05-25,HDFCBANK.NS,TCS.NS,0.1923713540512547
2023-05-26,HDFCBANK.NS,TCS.NS,0.20030409427146223
2023-05-29,HDFCBANK.NS,TCS.NS,0.1919651607382232
2023-05-30,HDFCBANK.NS,TCS.NS,0.2029130027635747
2023-05-31,HDFCBANK.NS,TCS.NS,0.2199513026797838
2023-06-01,HDFCBANK.NS,TCS.NS,0.22394736702583481
2023-06-02,HDFCBANK.NS,TCS.NS,0.20641283561464419
2023-06-05,HDFCBANK.NS,TCS.NS,0.1942070885262709
2023-06-06,HDFCBANK.NS,TCS.NS,0.18955915456588604
2023-06-07,HDFCBANK.NS,TCS.NS,0.19529994192543984
2023-06-08,HDFCBANK.NS,TCS.NS,0.19629486737218085
2023-06-09,HDFCBANK.NS,TCS.NS,0.19778453403511495
2023-06-12,HDFCBANK.NS,TCS.NS,0.15956979098147767
2023-06-13,HDFCBANK.NS,TCS.NS,0.15496556316084945
2023-06-14,HDFCBANK.NS,TCS.NS,0.14432494524241327
2023-06-15,HDFCBANK.NS,TCS.NS,0.1549762515805929
2023-06-16,HDFCBANK.NS,TCS.NS,0.13097017768776123
2023-06-19,HDFCBANK.NS,TCS.NS,0.11818541464292348
2023-06-20,HDFCBANK.NS,TCS.NS,0.14327050296850288
2023-06-21,HDFCBANK.NS,TCS.NS,0.16658385957451055
2023-06-22,HDFCBANK.NS,TCS.NS,0.1585475676017482
2023-06-23,HDFCBANK.NS,TCS.NS,0.15834717986146207
2023-06-26,HDFCBANK.NS,TCS.NS,0.1651156476751578
2023-06-27,HDFCBANK.NS,TCS.NS,0.17047763052274942
2023-06-28,HDFCBANK.NS,TCS.NS,0.1734843012155395
2023-06-30,HDFCBANK.NS,TCS.NS,0.18505647811053716
2023-07-03,HDFCBANK.NS,TCS.NS,0.16866979952568437
2023-07-04,HDFCBANK.NS,TCS.NS,0.1352895880051355
2023-07-05,HDFCBANK.NS,TCS.NS,0.12068107795254984
2023-07-06,HDFCBANK.NS,TCS.NS,0.1322296555227559
2023-07-07,HDFCBANK.NS,TCS.NS,0.1390630055336427
2023-07-10,HDFCBANK.NS,TCS.NS,0.12825873814483937
2023-07-11,HDFCBANK.NS,TCS.NS,0.14353502499474508
2023-07-12,HDFCBANK.NS,TCS.NS,0.11628390846032435
2023-07-13,HDFCBANK.NS,TCS.NS,0.12575697942607278
2023-07-14,HDFCBANK.NS,TCS.NS,0.12555672683659147
2023-07-17,HDFCBANK.NS,TCS.NS,0.09842713177710812
2023-07-18,HDFCBANK.NS,TCS.NS,0.09752134147200939
2023-07-19,HDFCBANK.NS,TCS.NS,0.0896961685454911
2023-07-20,HDFCBANK.NS,TCS.NS,0.08824892812428432
2023-07-21,HDFCBANK.NS,TCS.NS,0.1088708956099366
2023-07-24,HDFCBANK.NS,TCS.NS,0.11267041153584514
2023-07-25,HDFCBANK.NS,TCS.NS,0.10885179687541673
2023-07-26,HDFCBANK.NS,TCS.NS,0.11052720036379403
2023-07-27,HDFCBANK.NS,TCS.NS,0.11470108264787356
2023-07-28,HDFCBANK.NS,TCS.NS,0.11415905233653542
2023-07-31,HDFCBANK.NS,TCS.NS,0.1797126422184155
2023-08-01,HDFCBANK.NS,TCS.NS,0.17993452175965033
2023-08-02,HDFCBANK.NS,TCS.NS,0.18664955671924585
2023-08-03,HDFCBANK.NS,TCS.NS,0.19834268157522658
2023-08-04,HDFCBANK.NS,TCS.NS,0.2181942345197781
2023-08-07,HDFCBANK.NS,TCS.NS,0.22206296411162413
2023-08-08,HDFCBANK.NS,TCS.NS,0.22858249014514243
2023-08-09,HDFCBANK.NS,TCS.NS,0.2287161101794871
2023-08-10,HDFCBANK.NS,TCS.NS,0.2266061115632234
2023-08-11,HDFCBANK.NS,TCS.NS,0.226621354426641
2023-08-14,HDFCBANK.NS,TCS.NS,0.22614807057057656
2023-08-16,HDFCBANK.NS,TCS.NS,0.24336336180331736
2023-08-17,HDFCBANK.NS,TCS.NS,0.2475325258728922
2023-08-18,HDFCBANK.NS,TCS.NS,0.25921907244031944
2023-08-21,HDFCBANK.NS,TCS.NS,0.2555648490300174
2023-08-22,HDFCBANK.NS,TCS.NS,0.2541141187308903
2023-08-23,HDFCBANK.NS,TCS.NS,0.26579890472040996
2023-08-24,HDFCBANK.NS,TCS.NS,0.2679021949956188
2023-08-25,HDFCBANK.NS,TCS.NS,0.25592396000549644
2023-08-28,HDFCBANK.NS,TCS.NS,0.2566880889740658
2023-08-29,HDFCBANK.NS,TCS.NS,0.25672110636608164
2023-08-30,HDFCBANK.NS,TCS.NS,0.25067254487538715
2023-08-31,HDFCBANK.NS,TCS.NS,0.2527311345840355
2023-09-01,HDFCBANK.NS,TCS.NS,0.24673462564376675
2023-09-04,HDFCBANK.NS,TCS.NS,0.25897271364973357
2023-09-05,HDFCBANK.NS,TCS.NS,0.25996826597343115
2023-09-06,HDFCBANK.NS,TCS.NS,0.26544595161320067
2023-09-07,HDFCBANK.NS,TCS.NS,0.27224933236559223
2023-09-08,HDFCBANK.NS,TCS.NS,0.2646742124830812
2023-09-11,HDFCBANK.NS,TCS.NS,0.26520120091983596
2023-09-12,HDFCBANK.NS,TCS.NS,0.3000344331976796
2023-09-13,HDFCBANK.NS,TCS.NS,0.29658247667050597
2023-09-14,HDFCBANK.NS,TCS.NS,0.2963054052241257
2023-09-15,HDFCBANK.NS,TCS.NS,0.2962156448931326
2023-09-18,HDFCBANK.NS,TCS.NS,0.29113140385970354
2023-09-20,HDFCBANK.NS,TCS.NS,0.2668269830497578
2023-09-21,HDFCBANK.NS,TCS.NS,0.2676669852978547
2023-09-22,HDFCBANK.NS,TCS.NS,0.26175136121534937
2023-09-25,HDFCBANK.NS,TCS.NS,0.254755151824944
2023-09-26,HDFCBANK.NS,TCS.NS,0.21141795350448628
2023-09-27,HDFCBANK.NS,TCS.NS,0.23466770644239063
2023-09-28,HDFCBANK.NS,TCS.NS,0.22385963381202334
2023-09-29,HDFCBANK.NS,TCS.NS,0.2499578181897026
2023-10-03,HDFCBANK.NS,TCS.NS,0.25552350575519894
2023-10-04,HDFCBANK.NS,TCS.NS,0.2647532910693302
2023-10-05,HDFCBANK.NS,TCS.NS,0.2743548849442544
2023-10-06,HDFCBANK.NS,TCS.NS,0.2730460261901758
2023-10-09,HDFCBANK.NS,TCS.NS,0.26113718248784173
2023-10-10,HDFCBANK.NS,TCS.NS,0.24330921957791088
2023-10-11,HDFCBANK.NS,TCS.NS,0.25439791217817825
2023-10-12,HDFCBANK.NS,TCS.NS,0.25706025192331605
2023-10-13,HDFCBANK.NS,TCS.NS,0.24310873314328307
2023-10-16,HDFCBANK.NS,TCS.NS,0.2564451796372719
2023-10-17,HDFCBANK.NS,TCS.NS,0.24534991982631066
2023-10-18,HDFCBANK.NS,TCS.NS,0.24232543828255423
2023-10-19,HDFCBANK.NS,TCS.NS,0.2401185589751541
2023-10-20,HDFCBANK.NS,TCS.NS,0.25211579884048846
2023-10-23,HDFCBANK.NS,TCS.NS,0.2764209555648957
2023-10-25,HDFCBANK.NS,TCS.NS,0.28573105327958714
2023-10-26,HDFCBANK.NS,TCS.NS,0.3016363881370912
2023-10-27,HDFCBANK.NS,TCS.NS,0.2931517669572136
2023-10-30,HDFCBANK.NS,TCS.NS,0.29665713361759627
2023-10-31,HDFCBANK.NS,TCS.NS,0.2952390614134223
2023-11-01,HDFCBANK.NS,TCS.NS,0.2836802193503952
2023-11-02,HDFCBANK.NS,TCS.NS,0.25748232150086847
2023-11-03,HDFCBANK.NS,TCS.NS,0.2544349042680974
2023-11-06,HDFCBANK.NS,TCS.NS,0.2671255275924379
2023-11-07,HDFCBANK.NS,TCS.NS,0.269238614445872
2023-11-08,HDFCBANK.NS,TCS.NS,0.2657657530153764
2023-11-09,HDFCBANK.NS,TCS.NS,0.2738778535313707
2023-11-10,HDFCBANK.NS,TCS.NS,0.26987336729303063
2023-11-13,HDFCBANK.NS,TCS.NS,0.2711591226723378
2023-11-15,HDFCBANK.NS,TCS.NS,0.2987916039252672
2023-11-16,HDFCBANK.NS,TCS.NS,0.29568323997796203
2023-11-17,HDFCBANK.NS,TCS.NS,0.2977395450610896
2023-11-20,HDFCBANK.NS,TCS.NS,0.29535610975376453
2023-11-21,HDFCBANK.NS,TCS.NS,0.2856250651470833
2023-11-22,HDFCBANK.NS,TCS.NS,0.28033435273147406
2023-11-23,HDFCBANK.NS,TCS.NS,0.26830658600311746
2023-11-24,HDFCBANK.NS,TCS.NS,0.248901820120516
2023-11-28,HDFCBANK.NS,TCS.NS,0.24981525288513576
2023-11-29,HDFCBANK.NS,TCS.NS,0.28481004788781306
2023-11-30,HDFCBANK.NS,TCS.NS,0.27838335913516743
2023-12-01,HDFCBANK.NS,TCS.NS,0.27393847115252956
2023-12-04,HDFCBANK.NS,TCS.NS,0.23909134874837934
2023-12-05,HDFCBANK.NS,TCS.NS,0.2473948669189355
2023-12-06,HDFCBANK.NS,TCS.NS,0.24976413568935596
2023-12-07,HDFCBANK.NS,TCS.NS,0.24316219278651216
2023-12-08,HDFCBANK.NS,TCS.NS,0.25156650634912064
2023-12-11,HDFCBANK.NS,TCS.NS,0.24515324539652708
2023-12-12,HDFCBANK.NS,TCS.NS,0.23348839433303242
2023-12-13,HDFCBANK.NS,TCS.NS,0.23489030053419444
2023-12-14,HDFCBANK.NS,TCS.NS,0.2606590597635528
2023-12-15,HDFCBANK.NS,TCS.NS,0.23225480005523252
2023-12-18,HDFCBANK.NS,TCS.NS,0.24178223272301042
2023-12-19,HDFCBANK.NS,TCS.NS,0.2753783910850636
2023-12-20,HDFCBANK.NS,TCS.NS,0.26580815149548587
2023-12-21,HDFCBANK.NS,TCS.NS,0.2792205988462176
2023-12-22,HDFCBANK.NS,TCS.NS,0.26063799461261855
2023-12-26,HDFCBANK.NS,TCS.NS,0.25152315595469876
2023-12-27,HDFCBANK.NS,TCS.NS,0.2551350847668974
2023-12-28,HDFCBANK.NS,TCS.NS,0.24982075256102784
2023-12-29,HDFCBANK.NS,TCS.NS,0.24955961614452166
2024-01-01,HDFCBANK.NS,TCS.NS,0.23682635537535388
2024-01-02,HDFCBANK.NS,TCS.NS,0.23136804309130737
2024-01-03,HDFCBANK.NS,TCS.NS,0.27738772704991504
2024-01-04,HDFCBANK.NS,TCS.NS,0.2691421909073513
2024-01-05,HDFCBANK.NS,TCS.NS,0.25728416773663326
2024-01-08,HDFCBANK.NS,TCS.NS,0.28162855717823304
2024-01-09,HDFCBANK.NS,TCS.NS,0.284717528243184
2024-01-10,HDFCBANK.NS,TCS.NS,0.30757508822163127
2024-01-11,HDFCBANK.NS,TCS.NS,0.31695961374888354
2024-01-12,HDFCBANK.NS,TCS.NS,0.25651064911108623
2024-01-15,HDFCBANK.NS,TCS.NS,0.2639248045878188
2024-01-16,HDFCBANK.NS,TCS.NS,0.24906068640996631
2024-01-17,HDFCBANK.NS,TCS.NS,0.12537549933244577
2024-01-18,HDFCBANK.NS,TCS.NS,0.10919225105426306
2024-01-19,HDFCBANK.NS,TCS.NS,0.07442658137693765
2024-01-23,HDFCBANK.NS,TCS.NS,0.12286316664902293
2024-01-24,HDFCBANK.NS,TCS.NS,0.08094686985697504
2024-01-25,HDFCBANK.NS,TCS.NS,0.09177826937287452
2024-01-29,HDFCBANK.NS,TCS.NS,0.0808800921214941
2024-01-30,HDFCBANK.NS,TCS.NS,0.07990580905683677
2024-01-31,HDFCBANK.NS,TCS.NS,0.08056675703718086
2024-02-01,HDFCBANK.NS,TCS.NS,0.08129332662516518
2024-02-02,HDFCBANK.NS,TCS.NS,0.05235138349977199
2024-02-05,HDFCBANK.NS,TCS.NS,0.049108688668191514
2024-02-06,HDFCBANK.NS,TCS.NS,0.04397248070931232
2024-02-07,HDFCBANK.NS,TCS.NS,0.0545391788242468
2024-02-08,HDFCBANK.NS,TCS.NS,0.03927462423336288
2024-02-09,HDFCBANK.NS,TCS.NS,0.041810063075307026
2024-02-12,HDFCBANK.NS,TCS.NS,0.045791453880808845
2024-02-13,HDFCBANK.NS,TCS.NS,0.032078140670613306
2024-02-14,HDFCBANK.NS,TCS.NS,0.03259263872376378
2024-02-15,HDFCBANK.NS,TCS.NS,0.0283840455301022
2024-02-16,HDFCBANK.NS,TCS.NS,0.029413230336678173
2024-02-19,HDFCBANK.NS,TCS.NS,0.0339392614316174
2024-02-20,HDFCBANK.NS,TCS.NS,-0.005917814460140087
2024-02-21,HDFCBANK.NS,TCS.NS,0.006356497772637054
2024-02-22,HDFCBANK.NS,TCS.NS,-0.0027797295679789194
2024-02-23,HDFCBANK.NS,TCS.NS,-0.00416954778682539
2024-02-26,HDFCBANK.NS,TCS.NS,-0.02160922682333352
2024-02-27,HDFCBANK.NS,TCS.NS,-0.020600147286330896
2024-02-28,HDFCBANK.NS,TCS.NS,-0.020655740629490986
2024-02-29,HDFCBANK.NS,TCS.NS,-0.013171858219712146
2024-03-01,HDFCBANK.NS,TCS.NS,-0.019599853534007276
2024-03-04,HDFCBANK.NS,TCS.NS,-0.027071001198648324
2024-03-05,HDFCBANK.NS,TCS.NS,-0.03713980187440074
2024-03-06,HDFCBANK.NS,TCS.NS,-0.03613622069588462
2024-03-07,HDFCBANK.NS,TCS.NS,-0.033343945155554895
2024-03-11,HDFCBANK.NS,TCS.NS,-0.030962518294094604
2024-03-12,HDFCBANK.NS,TCS.NS,-0.006754809173654345
2024-03-13,HDFCBANK.NS,TCS.NS,-0.026432373463068027
2024-03-14,HDFCBANK.NS,TCS.NS,-0.05419300387157164
2024-03-15,HDFCBANK.NS,TCS.NS,-0.05393913321133508
2024-03-18,HDFCBANK.NS,TCS.NS,-0.04980171799380652
2024-03-19,HDFCBANK.NS,TCS.NS,-0.056401367247125425
2024-03-20,HDFCBANK.NS,TCS.NS,-0.056359444025725805
2024-03-21,HDFCBANK.NS,TCS.NS,-0.052262906472818664
2024-03-22,HDFCBANK.NS,TCS.NS,-0.046830724916971454
2024-03-26,HDFCBANK.NS,TCS.NS,-0.044438347857259156
2024-03-27,HDFCBANK.NS,TCS.NS,-0.05274652226894687
2024-03-28,HDFCBANK.NS,TCS.NS,-0.04692508172857508
2024-04-01,HDFCBANK.NS,TCS.NS,-0.03251971821788991
2024-04-02,HDFCBANK.NS,TCS.NS,-0.03649315717009297
2024-04-03,HDFCBANK.NS,TCS.NS,-0.057851254978912366
2024-04-04,HDFCBANK.NS,TCS.NS,-0.020051077609213774
2024-04-05,HDFCBANK.NS,TCS.NS,-0.023724372391365708
2024-04-08,HDFCBANK.NS,TCS.NS,-0.03629926851185282
2024-04-09,HDFCBANK.NS,TCS.NS,-0.03670107164795862
2024-04-10,HDFCBANK.NS,TCS.NS,-0.04216213139899113
2024-04-12,HDFCBANK.NS,TCS.NS,-0.043095205837566465
2024-04-15,HDFCBANK.NS,TCS.NS,-0.01799091906367529
2024-04-16,HDFCBANK.NS,TCS.NS,-0.040538101548268375
2024-04-18,HDFCBANK.NS,TCS.NS,-0.034455032993427066
2024-04-19,HDFCBANK.NS,TCS.NS,-0.0193719935671398
2024-04-22,HDFCBANK.NS,TCS.NS,-0.017479241465911174
2024-04-23,HDFCBANK.NS,TCS.NS,0.0005898619590949137
2024-04-24,HDFCBANK.NS,TCS.NS,-0.07249101429050263
2024-04-25,HDFCBANK.NS,TCS.NS,-0.06584593220332298
2024-04-26,HDFCBANK.NS,TCS.NS,-0.08001593533749048
2024-04-29,HDFCBANK.NS,TCS.NS,-0.058407473853531344
2024-04-30,HDFCBANK.NS,TCS.NS,-0.04799867168037312
2024-05-02,HDFCBANK.NS,TCS.NS,-0.04435885810659216
2024-05-03,HDFCBANK.NS,TCS.NS,-0.04092222352135742
2024-05-06,HDFCBANK.NS,TCS.NS,0.009838263763134727
2024-05-07,HDFCBANK.NS,TCS.NS,-0.009661320813577231
2024-05-08,HDFCBANK.NS,TCS.NS,-0.004042551533515502
2024-05-09,HDFCBANK.NS,TCS.NS,-0.008126632813926716
2024-05-10,HDFCBANK.NS,TCS.NS,0.009796374062723743
2024-05-13,HDFCBANK.NS,TCS.NS,0.02924413781144424
2024-05-14,HDFCBANK.NS,TCS.NS,0.02241490341766314
2024-05-15,HDFCBANK.NS,TCS.NS,0.028417296829243134
2024-05-16,HDFCBANK.NS,TCS.NS,0.03923570487959382
2024-05-17,HDFCBANK.NS,TCS.NS,0.032960420196021155
2024-05-21,HDFCBANK.NS,TCS.NS,0.03158408064780734
2024-05-22,HDFCBANK.NS,TCS.NS,0.029797415020512245
2024-05-23,HDFCBANK.NS,TCS.NS,0.12628594201837912
2024-05-24,HDFCBANK.NS,TCS.NS,0.09264860227247894
2024-05-27,HDFCBANK.NS,TCS.NS,0.14228409557651409
2024-05-28,HDFCBANK.NS,TCS.NS,0.14196407016111257
2024-05-29,HDFCBANK.NS,TCS.NS,0.1568091048609653
2024-05-30,HDFCBANK.NS,TCS.NS,0.1639781018383706
2024-05-31,HDFCBANK.NS,TCS.NS,0.1488013952089764
2024-06-03,HDFCBANK.NS,TCS.NS,0.16973683389562996
2024-06-04,HDFCBANK.NS,TCS.NS,0.11427533368321649
2024-06-05,HDFCBANK.NS,TCS.NS,0.14528305841855008
2024-06-06,HDFCBANK.NS,TCS.NS,0.15607604659231594
2024-06-07,HDFCBANK.NS,TCS.NS,0.16634562442894363
2024-06-10,HDFCBANK.NS,TCS.NS,0.17268200402807085
2024-06-11,HDFCBANK.NS,TCS.NS,0.1797143577499079
2024-06-12,HDFCBANK.NS,TCS.NS,0.14916162822328655
2024-06-13,HDFCBANK.NS,TCS.NS,0.15066226585249354
2024-06-14,HDFCBANK.NS,TCS.NS,0.1502600463651143
2024-06-18,HDFCBANK.NS,TCS.NS,0.15043361345853762
2024-06-19,HDFCBANK.NS,TCS.NS,0.13290781204831736
2024-06-20,HDFCBANK.NS,TCS.NS,0.1451994678058353
2024-06-21,HDFCBANK.NS,TCS.NS,0.14077562736099736
2024-06-24,HDFCBANK.NS,TCS.NS,0.14049967360780027
2024-06-25,HDFCBANK.NS,TCS.NS,0.1451737901860991
2024-06-26,HDFCBANK.NS,TCS.NS,0.12863090948674866
2024-06-27,HDFCBANK.NS,TCS.NS,0.1205541590572962
2024-06-28,HDFCBANK.NS,TCS.NS,0.12680909954921296
2024-07-01,HDFCBANK.NS,TCS.NS,0.13050550564615496
2024-07-02,HDFCBANK.NS,TCS.NS,0.14427682011763973
2024-07-03,HDFCBANK.NS,TCS.NS,0.1205268859021684
2024-07-04,HDFCBANK.NS,TCS.NS,0.04638783774139517
2024-07-05,HDFCBANK.NS,TCS.NS,0.06195968056258726
2024-07-08,HDFCBANK.NS,TCS.NS,0.06528177495633222
2024-07-09,HDFCBANK.NS,TCS.NS,0.06557550941597778
2024-07-10,HDFCBANK.NS,TCS.NS,0.08580375734876122
2024-07-11,HDFCBANK.NS,TCS.NS,0.08987027653571422
2024-07-12,HDFCBANK.NS,TCS.NS,0.04724746155576899
2024-07-15,HDFCBANK.NS,TCS.NS,0.060182287020944525
2024-07-16,HDFCBANK.NS,TCS.NS,0.05663109705848982
2024-07-18,HDFCBANK.NS,TCS.NS,0.06425042712105847
2024-07-19,HDFCBANK.NS,TCS.NS,0.0741740599033083
2024-07-22,HDFCBANK.NS,TCS.NS,0.06505578852055295
2024-07-23,HDFCBANK.NS,TCS.NS,0.06431073369318742
2024-07-24,HDFCBANK.NS,TCS.NS,0.06558176561826723
2024-07-25,HDFCBANK.NS,TCS.NS,0.06497391448413875
2024-07-26,HDFCBANK.NS,TCS.NS,0.05567551677877839
2024-07-29,HDFCBANK.NS,TCS.NS,0.05047054723434066
2024-07-30,HDFCBANK.NS,TCS.NS,0.04379494111280621
2024-07-31,HDFCBANK.NS,TCS.NS,0.03841166178200832
2024-08-01,HDFCBANK.NS,TCS.NS,0.03839893316792092
2024-08-02,HDFCBANK.NS,TCS.NS,0.027674173672805072
2024-08-05,HDFCBANK.NS,TCS.NS,0.08522951604463484
2024-08-06,HDFCBANK.NS,TCS.NS,0.07492250093277994
2024-08-07,HDFCBANK.NS,TCS.NS,0.08663997276883746
2024-08-08,HDFCBANK.NS,TCS.NS,0.07245631290724948
2024-08-09,HDFCBANK.NS,TCS.NS,0.07631314724641078
2024-08-12,HDFCBANK.NS,TCS.NS,0.06550058553100264
2024-08-13,HDFCBANK.NS,TCS.NS,0.056196609662876734
2024-08-14,HDFCBANK.NS,TCS.NS,0.058958330284090026
2024-08-16,HDFCBANK.NS,TCS.NS,0.07839639204720648
2024-08-19,HDFCBANK.NS,TCS.NS,0.07561465379995964
2024-08-20,HDFCBANK.NS,TCS.NS,0.0583700929166448
2024-08-21,HDFCBANK.NS,TCS.NS,0.07171340642531435
2024-08-22,HDFCBANK.NS,TCS.NS,0.07063299496673871
2024-08-23,HDFCBANK.NS,TCS.NS,0.07437527363860183
2024-08-26,HDFCBANK.NS,TCS.NS,0.06479513348538384
2024-08-27,HDFCBANK.NS,TCS.NS,0.07095495715761295
2024-08-28,HDFCBANK.NS,TCS.NS,0.0872153140693655
2024-08-29,HDFCBANK.NS,TCS.NS,0.0793759274048563
2024-08-30,HDFCBANK.NS,TCS.NS,0.08777466601474192
2024-09-02,HDFCBANK.NS,TCS.NS,0.08220774361441138
2024-09-03,HDFCBANK.NS,TCS.NS,0.07323206794114255
2024-09-04,HDFCBANK.NS,TCS.NS,0.06168905386457585
2024-09-05,HDFCBANK.NS,TCS.NS,0.05248837562545096
2024-09-06,HDFCBANK.NS,TCS.NS,0.0567969572238817
2024-09-09,HDFCBANK.NS,TCS.NS,0.058757643141710676
2024-09-10,HDFCBANK.NS,TCS.NS,0.0572150979042288
2024-09-11,HDFCBANK.NS,TCS.NS,0.07491073743000694
2024-09-12,HDFCBANK.NS,TCS.NS,0.08584231347026072
2024-09-13,HDFCBANK.NS,TCS.NS,0.1105551563904702
2024-09-16,HDFCBANK.NS,TCS.NS,0.11408945052181739
2024-09-17,HDFCBANK.NS,TCS.NS,0.11542244874251396
2024-09-18,HDFCBANK.NS,TCS.NS,0.05338924098243998
2024-09-19,HDFCBANK.NS,TCS.NS,0.03652679691356279
2024-09-20,HDFCBANK.NS,TCS.NS,0.029206558945384428
2024-09-23,HDFCBANK.NS,TCS.NS,0.03065846736351324
2024-09-24,HDFCBANK.NS,TCS.NS,0.02350253634661177
2024-09-25,HDFCBANK.NS,TCS.NS,0.0036343544556028057
2024-09-26,HDFCBANK.NS,TCS.NS,-0.007691228466631735
2024-09-27,HDFCBANK.NS,TCS.NS,0.019020662491076826
2024-09-30,HDFCBANK.NS,TCS.NS,0.06281816559714878
2024-10-01,HDFCBANK.NS,TCS.NS,0.052734053078827184
2024-10-03,HDFCBANK.NS,TCS.NS,0.08582292082081251
2024-10-04,HDFCBANK.NS,TCS.NS,0.0788213175146456
2024-10-07,HDFCBANK.NS,TCS.NS,0.05372313270781263
2024-10-08,HDFCBANK.NS,TCS.NS,0.03966245568881227
2024-10-09,HDFCBANK.NS,TCS.NS,0.04870802624566191
2024-10-10,HDFCBANK.NS,TCS.NS,0.033053246402882194
2024-10-11,HDFCBANK.NS,TCS.NS,0.04965187030007495
2024-10-14,HDFCBANK.NS,TCS.NS,0.060017765300138345
2024-10-15,HDFCBANK.NS,TCS.NS,0.06168218990297957
2024-10-16,HDFCBANK.NS,TCS.NS,0.06566578767423592
2024-10-17,HDFCBANK.NS,TCS.NS,0.06514563916681572
2024-10-18,HDFCBANK.NS,TCS.NS,0.07113720988172788
2024-10-21,HDFCBANK.NS,TCS.NS,0.03085227165356788
2024-10-22,HDFCBANK.NS,TCS.NS,0.04845242322600258
2024-10-23,HDFCBANK.NS,TCS.NS,0.06681164436636458
2024-10-24,HDFCBANK.NS,TCS.NS,0.06552948861685874
2024-10-25,HDFCBANK.NS,TCS.NS,0.0642390375570842
2024-10-28,HDFCBANK.NS,TCS.NS,0.050545828150001276
2024-10-29,HDFCBANK.NS,TCS.NS,0.08701914910329824
2024-10-30,HDFCBANK.NS,TCS.NS,-0.024832155839886936
2024-10-31,HDFCBANK.NS,TCS.NS,-0.014569743511996342
2024-11-01,HDFCBANK.NS,TCS.NS,-0.0287376470472585
2024-11-04,HDFCBANK.NS,TCS.NS,-0.01124247008700073
2024-11-05,HDFCBANK.NS,TCS.NS,-0.009122790752280244
2024-11-06,HDFCBANK.NS,TCS.NS,-0.01686152122909535
2024-11-07,HDFCBANK.NS,TCS.NS,-0.018596022742180057
2024-11-08,HDFCBANK.NS,TCS.NS,-0.023905197462991277
2024-11-11,HDFCBANK.NS,TCS.NS,-0.07143334118860868
2024-11-12,HDFCBANK.NS,TCS.NS,-0.06796657990391361
2024-11-13,HDFCBANK.NS,TCS.NS,-0.039557367534705276
2024-11-14,HDFCBANK.NS,TCS.NS,-0.03138491496805683
2024-11-18,HDFCBANK.NS,TCS.NS,-0.05059324695147538
2024-11-19,HDFCBANK.NS,TCS.NS,-0.036285533391774476
2024-11-21,HDFCBANK.NS,TCS.NS,-0.048821148177268736
2024-11-22,HDFCBANK.NS,TCS.NS,-0.03660940033276461
2024-11-25,HDFCBANK.NS,TCS.NS,0.005401718273166668
2024-11-26,HDFCBANK.NS,TCS.NS,0.003976109539257217
2024-11-27,HDFCBANK.NS,TCS.NS,0.0010322487328459891
2024-11-28,HDFCBANK.NS,TCS.NS,0.020616449502051874
2024-11-29,HDFCBANK.NS,TCS.NS,0.021078569726411124
2024-12-02,HDFCBANK.NS,TCS.NS,0.022535495527672252
2024-12-03,HDFCBANK.NS,TCS.NS,0.029416688435316574
2024-12-04,HDFCBANK.NS,TCS.NS,0.04672350343411945
2024-12-05,HDFCBANK.NS,TCS.NS,0.04798386270223273
2024-12-06,HDFCBANK.NS,TCS.NS,0.05096027551179989
2024-12-09,HDFCBANK.NS,TCS.NS,0.048152969853278466
2024-12-10,HDFCBANK.NS,TCS.NS,0.03987086429826963
2024-12-11,HDFCBANK.NS,TCS.NS,0.04057802641047873
2024-12-12,HDFCBANK.NS,TCS.NS,0.03817210377970257
2024-12-13,HDFCBANK.NS,TCS.NS,0.039634679394796264
2024-12-16,HDFCBANK.NS,TCS.NS,0.10141789337598864
2024-12-17,HDFCBANK.NS,TCS.NS,0.14458941366981265
2024-12-18,HDFCBANK.NS,TCS.NS,0.14539499937129843
2024-12-19,HDFCBANK.NS,TCS.NS,0.1655367449655245
2024-12-20,HDFCBANK.NS,TCS.NS,0.18877043182194087
2024-12-23,HDFCBANK.NS,TCS.NS,0.18177213870540096
2024-12-24,HDFCBANK.NS,TCS.NS,0.17976757523925102
2024-12-26,HDFCBANK.NS,TCS.NS,0.1906109365217431
2024-12-27,HDFCBANK.NS,TCS.NS,0.18143786540561635
2024-12-30,HDFCBANK.NS,TCS.NS,0.18373561357678664
2024-12-31,HDFCBANK.NS,TCS.NS,0.16168911549831005
2025-01-01,HDFCBANK.NS,TCS.NS,0.1740476988450231
2025-01-02,HDFCBANK.NS,TCS.NS,0.20051668561569544
2025-01-03,HDFCBANK.NS,TCS.NS,0.25044584567818573
2025-01-06,HDFCBANK.NS,TCS.NS,0.24707800032156402
2025-01-07,HDFCBANK.NS,TCS.NS,0.2566237614383915
2025-01-08,HDFCBANK.NS,TCS.NS,0.21723315559368556
2025-01-09,HDFCBANK.NS,TCS.NS,0.250903001427937
2025-01-10,HDFCBANK.NS,TCS.NS,0.1889131849092883
2025-01-13,HDFCBANK.NS,TCS.NS,0.18590769374143984
2025-01-14,HDFCBANK.NS,TCS.NS,0.17684516533914238
2025-01-15,HDFCBANK.NS,TCS.NS,0.17413090705155998
2025-01-16,HDFCBANK.NS,TCS.NS,0.2057937019632898
2025-01-17,HDFCBANK.NS,TCS.NS,0.1976297175337547
2025-01-20,HDFCBANK.NS,TCS.NS,0.1730207748518802
2025-01-21,HDFCBANK.NS,TCS.NS,0.1817873488380202
2025-01-22,HDFCBANK.NS,TCS.NS,0.21497088108886395
2025-01-23,HDFCBANK.NS,TCS.NS,0.21871076659298821
2025-01-24,HDFCBANK.NS,TCS.NS,0.22332349672737498
2025-01-27,HDFCBANK.NS,TCS.NS,0.2423212550508457
2025-01-28,HDFCBANK.NS,TCS.NS,0.22746576053455905
2025-01-29,HDFCBANK.NS,TCS.NS,0.23111189197483362
2025-01-30,HDFCBANK.NS,TCS.NS,0.22508003887799194
2025-01-31,HDFCBANK.NS,TCS.NS,0.23305840156868712
2025-02-01,HDFCBANK.NS,TCS.NS,0.2544216302366614
2025-02-03,HDFCBANK.NS,TCS.NS,0.25591093517893254
2025-02-04,HDFCBANK.NS,TCS.NS,0.2680641203992704
2025-02-05,HDFCBANK.NS,TCS.NS,0.25685637920360704
2025-02-06,HDFCBANK.NS,TCS.NS,0.26710505203226825
2025-02-07,HDFCBANK.NS,TCS.NS,0.2587946864068139
2025-02-10,HDFCBANK.NS,TCS.NS,0.25634039939267644
2025-02-11,HDFCBANK.NS,TCS.NS,0.2997815504542679
2025-02-12,HDFCBANK.NS,TCS.NS,0.2973103249344253
2025-02-13,HDFCBANK.NS,TCS.NS,0.3019211646704565
2025-02-14,HDFCBANK.NS,TCS.NS,0.3102125734003904
2025-02-17,HDFCBANK.NS,TCS.NS,0.2631184068129266
2025-02-18,HDFCBANK.NS,TCS.NS,0.25989866786126425
2025-02-19,HDFCBANK.NS,TCS.NS,0.2570214315152096
2025-02-20,HDFCBANK.NS,TCS.NS,0.23132589678985893
2025-02-21,HDFCBANK.NS,TCS.NS,0.23097507079760182
2025-02-24,HDFCBANK.NS,TCS.NS,0.24542937878607055
2025-02-25,HDFCBANK.NS,TCS.NS,0.2303635087133091
2025-02-27,HDFCBANK.NS,TCS.NS,0.20024870725797037
2025-02-28,HDFCBANK.NS,TCS.NS,0.10660419526346185
2025-03-03,HDFCBANK.NS,TCS.NS,0.09260541572355342
2025-03-04,HDFCBANK.NS,TCS.NS,0.09735791888353408
2025-03-05,HDFCBANK.NS,TCS.NS,0.08815424727455151
2025-03-06,HDFCBANK.NS,TCS.NS,0.09163512207380696
2025-03-07,HDFCBANK.NS,TCS.NS,0.09258562151626756
2025-03-10,HDFCBANK.NS,TCS.NS,0.08643759596573047
2025-03-11,HDFCBANK.NS,TCS.NS,0.08479099435711088
2025-03-12,HDFCBANK.NS,TCS.NS,0.027946004637702016
2025-03-13,HDFCBANK.NS,TCS.NS,0.03671414749140537
2025-03-17,HDFCBANK.NS,TCS.NS,0.02323384183454369
2025-03-18,HDFCBANK.NS,TCS.NS,-0.003548288871328586
2025-03-19,HDFCBANK.NS,TCS.NS,0.0024723925569909155
2025-03-20,HDFCBANK.NS,TCS.NS,0.03677854788928883
2025-03-21,HDFCBANK.NS,TCS.NS,0.03737493834678848
2025-03-24,HDFCBANK.NS,TCS.NS,0.06450801570230073
2025-03-25,HDFCBANK.NS,TCS.NS,0.07658250240925904
2025-03-26,HDFCBANK.NS,TCS.NS,0.07601492783612063
2025-03-27,HDFCBANK.NS,TCS.NS,0.07854167194407134
2025-03-28,HDFCBANK.NS,TCS.NS,0.06759674176740157
2025-04-01,HDFCBANK.NS,TCS.NS,0.0697075969048292
2025-04-02,HDFCBANK.NS,TCS.NS,0.07290250561041825
2025-04-03,HDFCBANK.NS,TCS.NS,0.07806173487101531
2025-04-04,HDFCBANK.NS,TCS.NS,0.07337219915094453
2025-04-07,HDFCBANK.NS,TCS.NS,0.06277001159127533
2025-04-08,HDFCBANK.NS,TCS.NS,0.12938310115715193
2025-04-09,HDFCBANK.NS,TCS.NS,0.15456511949555843
2025-04-11,HDFCBANK.NS,TCS.NS,0.15866980428392874
2025-04-15,HDFCBANK.NS,TCS.NS,0.18354583295256655
2025-04-16,HDFCBANK.NS,TCS.NS,0.1904895863478725
2025-04-17,HDFCBANK.NS,TCS.NS,0.20674432743195764
2025-04-21,HDFCBANK.NS,TCS.NS,0.21948731369086535
2025-04-22,HDFCBANK.NS,TCS.NS,0.21403784310982196
2025-04-23,HDFCBANK.NS,TCS.NS,0.09916101167315755
2025-04-24,HDFCBANK.NS,TCS.NS,0.09927567536930737
2025-04-25,HDFCBANK.NS,TCS.NS,0.0949754801276874
2025-04-28,HDFCBANK.NS,TCS.NS,0.07051910984648081
2025-04-29,HDFCBANK.NS,TCS.NS,0.07024432670892763
2025-04-30,HDFCBANK.NS,TCS.NS,0.06611758867061886
2025-05-02,HDFCBANK.NS,TCS.NS,0.06583797962535032
2025-05-05,HDFCBANK.NS,TCS.NS,0.06985607119652444
2025-05-06,HDFCBANK.NS,TCS.NS,0.06286132081240389
2025-05-07,HDFCBANK.NS,TCS.NS,0.06395045663631413
2025-05-08,HDFCBANK.NS,TCS.NS,0.030387472513288123
2025-05-09,HDFCBANK.NS,TCS.NS,0.029887812055390976
2025-05-12,HDFCBANK.NS,TCS.NS,0.18682835818113439
2025-05-13,HDFCBANK.NS,TCS.NS,0.2166285075701606
2025-05-14,HDFCBANK.NS,TCS.NS,0.21228143338070213
2025-05-15,HDFCBANK.NS,TCS.NS,0.2082484195471651
2025-05-16,HDFCBANK.NS,TCS.NS,0.2088228680987102
2025-05-19,HDFCBANK.NS,TCS.NS,0.20382147441870607
2025-05-20,HDFCBANK.NS,TCS.NS,0.20997073394089535
2025-05-21,HDFCBANK.NS,TCS.NS,0.21955579361140098
2025-05-22,HDFCBANK.NS,TCS.NS,0.22473916548283607
2025-05-23,HDFCBANK.NS,TCS.NS,0.23346655079573705
2025-05-26,HDFCBANK.NS,TCS.NS,0.24054925247447054
2025-05-27,HDFCBANK.NS,TCS.NS,0.2465232880245939
2025-05-28,HDFCBANK.NS,TCS.NS,0.22682683489358357
2025-05-29,HDFCBANK.NS,TCS.NS,0.22896565987145853
2025-05-30,HDFCBANK.NS,TCS.NS,0.2261624545941818
2025-06-02,HDFCBANK.NS,TCS.NS,0.3003595121035155
2025-06-03,HDFCBANK.NS,TCS.NS,0.3168446024930219
2025-06-04,HDFCBANK.NS,TCS.NS,0.31633265677754374
2025-06-05,HDFCBANK.NS,TCS.NS,0.3259541806642281
2025-06-06,HDFCBANK.NS,TCS.NS,0.3356071289603719
2025-06-09,HDFCBANK.NS,TCS.NS,0.3319655841537871
2025-06-10,HDFCBANK.NS,TCS.NS,0.315137504618237
2025-06-11,HDFCBANK.NS,TCS.NS,0.30957589645383804
2025-06-12,HDFCBANK.NS,TCS.NS,0.3459099318241036
2025-06-13,HDFCBANK.NS,TCS.NS,0.3375032313838001
2025-06-16,HDFCBANK.NS,TCS.NS,0.3437158736182188
2025-06-17,HDFCBANK.NS,TCS.NS,0.3403251509331736
2025-06-18,HDFCBANK.NS,TCS.NS,0.3406920588455556
2025-06-19,HDFCBANK.NS,TCS.NS,0.3255762495846332
2025-06-20,HDFCBANK.NS,TCS.NS,0.3280290848835702
2025-06-23,HDFCBANK.NS,TCS.NS,0.3207277966391274
2025-06-24,HDFCBANK.NS,TCS.NS,0.3140411213451298
2025-06-25,HDFCBANK.NS,TCS.NS,0.31972413226599183
2025-06-26,HDFCBANK.NS,TCS.NS,0.3106696337916102
2025-06-27,HDFCBANK.NS,TCS.NS,0.31203670695163044
2025-06-30,HDFCBANK.NS,TCS.NS,0.27425855208787253
2025-07-01,HDFCBANK.NS,TCS.NS,0.27592566938834184
2025-07-02,HDFCBANK.NS,TCS.NS,0.28395602578615997
2025-07-03,HDFCBANK.NS,TCS.NS,0.34189056204507684
2025-07-04,HDFCBANK.NS,TCS.NS,0.3313380145137546
2025-07-07,HDFCBANK.NS,TCS.NS,0.33042700382201934
2025-07-08,HDFCBANK.NS,TCS.NS,0.3242400131381603
2025-07-09,HDFCBANK.NS,TCS.NS,0.3479343740142034
2025-07-10,HDFCBANK.NS,TCS.NS,0.35614244785558796
2025-07-11,HDFCBANK.NS,TCS.NS,0.3823167076202036
2025-07-14,HDFCBANK.NS,TCS.NS,0.3739634699055226
2025-07-15,HDFCBANK.NS,TCS.NS,0.37286173662232514
2025-07-16,HDFCBANK.NS,TCS.NS,0.3878785237135215
2025-07-17,HDFCBANK.NS,TCS.NS,0.5190661088021921
2025-07-18,HDFCBANK.NS,TCS.NS,0.5180023307196956
2025-07-21,HDFCBANK.NS,TCS.NS,0.4824206692402587
2025-07-22,HDFCBANK.NS,TCS.NS,0.4833141408640293
2025-07-23,HDFCBANK.NS,TCS.NS,0.5018945984998512
2025-07-24,HDFCBANK.NS,TCS.NS,0.5129636879822834
2025-07-25,HDFCBANK.NS,TCS.NS,0.5126969708478033
2025-07-28,HDFCBANK.NS,TCS.NS,0.4979221067731364
2025-07-29,HDFCBANK.NS,TCS.NS,0.4935304396263058
2025-07-30,HDFCBANK.NS,TCS.NS,0.4977264258999778
2025-07-31,HDFCBANK.NS,TCS.NS,0.5074201416796621
2025-08-01,HDFCBANK.NS,TCS.NS,0.5295895977154325
2025-08-04,HDFCBANK.NS,TCS.NS,0.26639451829265315
2025-08-05,HDFCBANK.NS,TCS.NS,0.1884572301001957
2025-08-06,HDFCBANK.NS,TCS.NS,0.20345201417559697
2025-08-07,HDFCBANK.NS,TCS.NS,0.18641195493651963
2025-08-08,HDFCBANK.NS,TCS.NS,0.18581963528174375
2025-08-11,HDFCBANK.NS,TCS.NS,0.19608072015258143
2025-08-12,HDFCBANK.NS,TCS.NS,0.18435954638366864
2025-08-13,HDFCBANK.NS,TCS.NS,0.17652408679649667
2025-08-14,HDFCBANK.NS,TCS.NS,0.1647824660292322
2025-08-18,HDFCBANK.NS,TCS.NS,0.14735001999520134
2025-08-19,HDFCBANK.NS,TCS.NS,0.13573727040910422
2025-08-20,HDFCBANK.NS,TCS.NS,0.09830525640235992
2025-08-21,HDFCBANK.NS,TCS.NS,0.099465788201858
2025-08-22,HDFCBANK.NS,TCS.NS,0.134579828442335
2025-08-25,HDFCBANK.NS,TCS.NS,0.13621109748594018
2025-08-26,HDFCBANK.NS,TCS.NS,0.12010346977672906
2025-08-28,HDFCBANK.NS,TCS.NS,0.16206722901080062
2025-08-29,HDFCBANK.NS,TCS.NS,0.1597509933627173
2025-09-01,HDFCBANK.NS,TCS.NS,0.1584251781565223
2025-09-02,HDFCBANK.NS,TCS.NS,0.14678851783394212
2025-09-03,HDFCBANK.NS,TCS.NS,0.1386565586680954
2025-09-04,HDFCBANK.NS,TCS.NS,0.15901525359362895
2025-09-05,HDFCBANK.NS,TCS.NS,0.1588273082223357
2025-09-08,HDFCBANK.NS,TCS.NS,0.1493581485216969
2025-09-09,HDFCBANK.NS,TCS.NS,0.16262757293650668
2025-09-10,HDFCBANK.NS,TCS.NS,0.1356579134610481
2025-09-11,HDFCBANK.NS,TCS.NS,0.1425163841411289
2025-09-12,HDFCBANK.NS,TCS.NS,0.15067036570677944
2025-09-15,HDFCBANK.NS,TCS.NS,0.1519348307129209
2025-09-16,HDFCBANK.NS,TCS.NS,0.13992522669712643
2025-09-17,HDFCBANK.NS,TCS.NS,0.12214825595081737
2025-09-18,HDFCBANK.NS,TCS.NS,0.12548558879976396
2025-09-19,HDFCBANK.NS,TCS.NS,0.09642469046620354
2025-09-22,HDFCBANK.NS,TCS.NS,0.10874204302357048
2025-09-23,HDFCBANK.NS,TCS.NS,0.10905836642340665
2025-09-24,HDFCBANK.NS,TCS.NS,0.12688519203926757
2025-09-25,HDFCBANK.NS,TCS.NS,0.13432711929043017
2025-09-26,HDFCBANK.NS,TCS.NS,0.15089350380305727
2025-09-29,HDFCBANK.NS,TCS.NS,0.1530382595018865
2025-09-30,HDFCBANK.NS,TCS.NS,0.15074407082009864
2025-10-01,HDFCBANK.NS,TCS.NS,0.17824082569377922
2025-10-03,HDFCBANK.NS,TCS.NS,0.17833501204955887
2025-10-06,HDFCBANK.NS,TCS.NS,0.2241008540844914
2025-10-07,HDFCBANK.NS,TCS.NS,0.21648075696354843
2025-10-08,HDFCBANK.NS,TCS.NS,0.14725540349352656
2025-10-09,HDFCBANK.NS,TCS.NS,0.14335283514325514
2025-10-10,HDFCBANK.NS,TCS.NS,0.12378884392005275
2025-10-13,HDFCBANK.NS,TCS.NS,0.1275988621751727
2025-10-14,HDFCBANK.NS,TCS.NS,0.12050910030442277
2025-10-15,HDFCBANK.NS,TCS.NS,0.11250505619378275
2025-10-16,HDFCBANK.NS,TCS.NS,0.16127875166676023
2025-10-17,HDFCBANK.NS,TCS.NS,0.15553943859288588
2025-10-20,HDFCBANK.NS,TCS.NS,0.14454169808859338
2025-10-21,HDFCBANK.NS,TCS.NS,0.13414842793975143
2025-10-23,HDFCBANK.NS,TCS.NS,0.13345435920427012
2025-10-24,HDFCBANK.NS,TCS.NS,0.14643140653163592
2025-10-27,HDFCBANK.NS,TCS.NS,0.16672694803538116
2025-10-28,HDFCBANK.NS,TCS.NS,0.16533262121404618
2025-10-29,HDFCBANK.NS,TCS.NS,0.16121472572678391
2025-10-30,HDFCBANK.NS,TCS.NS,0.16702870804613051
2025-10-31,HDFCBANK.NS,TCS.NS,0.20141195953936078
2025-11-03,HDFCBANK.NS,TCS.NS,0.18150786651993844
2025-11-04,HDFCBANK.NS,TCS.NS,0.20061826366294103
2025-11-06,HDFCBANK.NS,TCS.NS,0.19565472902587222
2025-11-07,HDFCBANK.NS,TCS.NS,0.1946045979871997
2025-11-10,HDFCBANK.NS,TCS.NS,0.1992211664349783
2025-11-11,HDFCBANK.NS,TCS.NS,0.20824510950166236
2025-11-12,HDFCBANK.NS,TCS.NS,0.18889997063826608
2025-11-13,HDFCBANK.NS,TCS.NS,0.19965810298532913
2025-11-14,HDFCBANK.NS,TCS.NS,0.2061060092511393
2025-11-17,HDFCBANK.NS,TCS.NS,0.20426395440073356
2025-11-18,HDFCBANK.NS,TCS.NS,0.22372844309324239
2025-11-19,HDFCBANK.NS,TCS.NS,0.22716450508456726
2025-11-20,HDFCBANK.NS,TCS.NS,0.18176680316010843
2025-11-21,HDFCBANK.NS,TCS.NS,0.1861447425494712
2025-11-24,HDFCBANK.NS,TCS.NS,0.1985504939566254
2025-11-25,HDFCBANK.NS,TCS.NS,0.15170899412153466
2025-11-26,HDFCBANK.NS,TCS.NS,0.1802660983240685
2025-11-27,HDFCBANK.NS,TCS.NS,0.17488485999265577
2025-11-28,HDFCBANK.NS,TCS.NS,0.1754347246966798
2025-12-01,HDFCBANK.NS,TCS.NS,0.18942503713894818
2025-12-02,HDFCBANK.NS,TCS.NS,0.18517998351001605
2025-12-03,HDFCBANK.NS,TCS.NS,0.21676901285981384
2025-12-04,HDFCBANK.NS,TCS.NS,0.2081273237661021
2025-12-05,HDFCBANK.NS,TCS.NS,0.2126017128044421
2025-12-08,HDFCBANK.NS,TCS.NS,0.21715005715374344
2025-12-09,HDFCBANK.NS,TCS.NS,0.22632748628557078
2025-12-10,HDFCBANK.NS,TCS.NS,0.23435384653551164
2025-12-11,HDFCBANK.NS,TCS.NS,0.2308563994335502
2025-12-12,HDFCBANK.NS,TCS.NS,0.23410795381036334
2025-12-15,HDFCBANK.NS,TCS.NS,0.23216467306493324
2025-12-16,HDFCBANK.NS,TCS.NS,0.23692565440260843
2025-12-17,HDFCBANK.NS,TCS.NS,0.22295693470680686
2025-12-18,HDFCBANK.NS,TCS.NS,0.19246276987019614
2025-12-19,HDFCBANK.NS,TCS.NS,0.1845144577089593
2025-12-22,HDFCBANK.NS,TCS.NS,0.17418942789007327
2025-12-23,HDFCBANK.NS,TCS.NS,0.1574285237972238
2025-12-24,HDFCBANK.NS,TCS.NS,0.13398963327236676
2025-12-26,HDFCBANK.NS,TCS.NS,0.1545494917228616
2025-12-29,HDFCBANK.NS,TCS.NS,0.15618731458527607
2025-12-30,HDFCBANK.NS,TCS.NS,0.13971499894642225
2025-12-31,HDFCBANK.NS,TCS.NS,0.13762511776508257
2026-01-01,HDFCBANK.NS,TCS.NS,0.0892435381493277
2026-01-02,HDFCBANK.NS,TCS.NS,0.11814867521245045
2026-01-05,HDFCBANK.NS,TCS.NS,0.19192438700484507
2026-01-06,HDFCBANK.NS,TCS.NS,0.1495155226880523
2026-01-07,HDFCBANK.NS,TCS.NS,0.12633781521830093
2026-01-08,HDFCBANK.NS,TCS.NS,0.12433038674393893
2026-01-09,HDFCBANK.NS,TCS.NS,0.12894580601767366
2026-01-12,HDFCBANK.NS,TCS.NS,0.12380956530270479
2026-01-13,HDFCBANK.NS,TCS.NS,0.13514896532142856
2026-01-14,HDFCBANK.NS,TCS.NS,0.1950030379666176
2026-01-15,HDFCBANK.NS,TCS.NS,0.1928939822910211
2026-01-16,HDFCBANK.NS,TCS.NS,0.22320160110411916
2026-01-19,HDFCBANK.NS,TCS.NS,0.22291863645701437
2026-01-20,HDFCBANK.NS,TCS.NS,0.19127422048609982
2026-01-21,HDFCBANK.NS,TCS.NS,0.16558614830326712
2026-01-22,HDFCBANK.NS,TCS.NS,0.16922823832585518
2026-01-23,HDFCBANK.NS,TCS.NS,0.1702942297620674
2026-01-27,HDFCBANK.NS,TCS.NS,0.14881725086062617
2026-01-28,HDFCBANK.NS,TCS.NS,0.1806646954903207
2026-01-29,HDFCBANK.NS,TCS.NS,0.18364839794063115
2026-01-30,HDFCBANK.NS,TCS.NS,0.18020704492513134
2026-02-02,HDFCBANK.NS,TCS.NS,0.17720928596255678
2026-02-03,HDFCBANK.NS,TCS.NS,0.22858247325095532
2026-02-04,HDFCBANK.NS,TCS.NS,0.12082432971913883
2026-02-05,HDFCBANK.NS,TCS.NS,0.11503120234156738
2026-02-06,HDFCBANK.NS,TCS.NS,0.14239842415975193
2026-02-09,HDFCBANK.NS,TCS.NS,0.13891507911009968
2026-02-10,HDFCBANK.NS,TCS.NS,0.12978182856148474
2026-02-11,HDFCBANK.NS,TCS.NS,0.14436633525789858
2026-02-12,HDFCBANK.NS,TCS.NS,0.16842746253100446
2026-02-13,HDFCBANK.NS,TCS.NS,0.1939392584488217
2026-02-16,HDFCBANK.NS,TCS.NS,0.20524725378251682
2026-02-17,HDFCBANK.NS,TCS.NS,0.2122841154893178
2026-02-18,HDFCBANK.NS,TCS.NS,0.21229286878256146
2026-02-19,HDFCBANK.NS,TCS.NS,0.2117180696468591
2026-02-20,HDFCBANK.NS,TCS.NS,0.18612618024574715
2026-02-23,HDFCBANK.NS,TCS.NS,0.18573534526859603
2026-02-24,HDFCBANK.NS,TCS.NS,0.2271939064594203
2026-02-25,HDFCBANK.NS,TCS.NS,0.21989793986204578
2026-02-26,HDFCBANK.NS,TCS.NS,0.21542297988452858
2026-02-27,HDFCBANK.NS,TCS.NS,0.1960779144306753
2026-03-02,HDFCBANK.NS,TCS.NS,0.20465663391995106
2026-03-04,HDFCBANK.NS,TCS.NS,0.20584470931983045
2026-03-05,HDFCBANK.NS,TCS.NS,0.2015535033283725
2026-03-06,HDFCBANK.NS,TCS.NS,0.20195340961853592
2026-03-09,HDFCBANK.NS,TCS.NS,0.21019739832552278
2026-03-10,HDFCBANK.NS,TCS.NS,0.20136080425459896
2026-03-11,HDFCBANK.NS,TCS.NS,0.21605311936876193
2026-03-12,HDFCBANK.NS,TCS.NS,0.2172716593482632
2026-03-13,HDFCBANK.NS,TCS.NS,0.22668528949105926
2026-03-16,HDFCBANK.NS,TCS.NS,0.2277072983633815
2026-03-17,HDFCBANK.NS,TCS.NS,0.23295444978669072
2026-03-18,HDFCBANK.NS,TCS.NS,0.2253393841199401
2026-03-19,HDFCBANK.NS,TCS.NS,0.30016292988021853
2026-03-20,HDFCBANK.NS,TCS.NS,0.26515987948119113
2026-03-23,HDFCBANK.NS,TCS.NS,0.23491185995212907
2026-03-24,HDFCBANK.NS,TCS.NS,0.24842620566263574
2026-03-25,HDFCBANK.NS,TCS.NS,0.23520796412838652
2026-03-27,HDFCBANK.NS,TCS.NS,0.20824628301964684
2026-03-30,HDFCBANK.NS,TCS.NS,0.21948664829520248
2026-04-01,HDFCBANK.NS,TCS.NS,0.24035808539201317
2026-04-02,HDFCBANK.NS,TCS.NS,0.2487450803171793
2026-04-06,HDFCBANK.NS,TCS.NS,0.26014497507743506
2026-04-07,HDFCBANK.NS,TCS.NS,0.2764737662726306
2026-04-08,HDFCBANK.NS,TCS.NS,0.2949456289305185
2026-04-09,HDFCBANK.NS,TCS.NS,0.2790417116164127
2026-04-10,HDFCBANK.NS,TCS.NS,0.25471347833471497
2026-04-13,HDFCBANK.NS,TCS.NS,0.26635739636409
2026-04-15,HDFCBANK.NS,TCS.NS,0.2926086591163195
2026-04-16,HDFCBANK.NS,TCS.NS,0.27436284695325025
2026-04-17,HDFCBANK.NS,TCS.NS,0.27540951356210874
2026-04-20,HDFCBANK.NS,TCS.NS,0.2691452150712948
2026-04-21,HDFCBANK.NS,TCS.NS,0.28125037674971715
2026-04-22,HDFCBANK.NS,TCS.NS,0.2972743698775151
2026-04-23,HDFCBANK.NS,TCS.NS,0.3035305544405939
2026-04-24,HDFCBANK.NS,TCS.NS,0.2831352837555025
2026-04-27,HDFCBANK.NS,TCS.NS,0.2891484879453465
2026-04-28,HDFCBANK.NS,TCS.NS,0.2875823183102801
2026-04-29,HDFCBANK.NS,TCS.NS,0.27950541608366236
2026-04-30,HDFCBANK.NS,TCS.NS,0.2830822079228778
2026-05-01,HDFCBANK.NS,TCS.NS,0.28311297487571707
2026-05-04,HDFCBANK.NS,TCS.NS,0.27400711291617325
2026-05-05,HDFCBANK.NS,TCS.NS,0.25422456763581314
2026-05-06,HDFCBANK.NS,TCS.NS,0.3149741631170574
2026-05-07,HDFCBANK.NS,TCS.NS,0.3128440704372699
2026-05-08,HDFCBANK.NS,TCS.NS,0.30822226936848446
2026-05-11,HDFCBANK.NS,TCS.NS,0.3036962099820332
2026-05-12,HDFCBANK.NS,TCS.NS,0.3197199276918275
2026-05-13,HDFCBANK.NS,TCS.NS,0.3197903482093947
2026-05-14,HDFCBANK.NS,TCS.NS,0.3154900600456916
2026-05-15,HDFCBANK.NS,TCS.NS,0.3044262985825747
2026-05-18,HDFCBANK.NS,TCS.NS,0.29941370998148176
2026-05-19,HDFCBANK.NS,TCS.NS,0.2883143629422111
2026-05-20,HDFCBANK.NS,TCS.NS,0.28910808328961823
2026-05-21,HDFCBANK.NS,TCS.NS,0.2882986394987433
2026-05-22,HDFCBANK.NS,TCS.NS,0.2864912713365887
2026-05-25,HDFCBANK.NS,TCS.NS,0.30042791196182794
2026-05-26,HDFCBANK.NS,TCS.NS,0.29464447507001124
2026-05-27,HDFCBANK.NS,TCS.NS,0.290464571307905
2026-05-28,HDFCBANK.NS,TCS.NS,0.2954106807522349
2026-05-29,HDFCBANK.NS,TCS.NS,0.3004122684863769
2026-06-01,HDFCBANK.NS,TCS.NS,0.29506470165267545
2026-06-02,HDFCBANK.NS,TCS.NS,0.2860223326408937
2026-06-03,HDFCBANK.NS,TCS.NS,0.2146739110799496
2026-06-04,HDFCBANK.NS,TCS.NS,0.211471341815265
2026-06-05,HDFCBANK.NS,TCS.NS,0.21003530752592783
2026-06-08,HDFCBANK.NS,TCS.NS,0.21809173098849596
2026-06-09,HDFCBANK.NS,TCS.NS,0.2091776958021709
2026-06-10,HDFCBANK.NS,TCS.NS,0.2103265170367967
2026-06-11,HDFCBANK.NS,TCS.NS,0.20423844101621452
2026-06-12,HDFCBANK.NS,TCS.NS,0.22114661041629197
2026-06-15,HDFCBANK.NS,TCS.NS,0.22339299088495887
2026-06-16,HDFCBANK.NS,TCS.NS,0.23298109510410653
2026-06-17,HDFCBANK.NS,TCS.NS,0.1759395885054411
2026-06-18,HDFCBANK.NS,TCS.NS,0.18788603657266445
2026-06-19,HDFCBANK.NS,TCS.NS,0.2045160648599015
2026-06-22,HDFCBANK.NS,TCS.NS,0.1996912250079804
2026-06-23,HDFCBANK.NS,TCS.NS,0.22722627725244063
2026-06-24,HDFCBANK.NS,TCS.NS,0.2681922952241969
2026-06-25,HDFCBANK.NS,TCS.NS,0.25903509856473805
2026-06-26,HDFCBANK.NS,TCS.NS,0.24826058691286515
2026-06-29,HDFCBANK.NS,TCS.NS,0.24115859362326458
2026-06-30,HDFCBANK.NS,TCS.NS,0.23127997053427318
2026-07-01,HDFCBANK.NS,TCS.NS,0.2360411563793618
2026-07-02,HDFCBANK.NS,TCS.NS,0.2209608242257704
2026-07-03,HDFCBANK.NS,TCS.NS,0.2501803968214384
2026-07-06,HDFCBANK.NS,TCS.NS,0.23136062570465024
2026-07-07,HDFCBANK.NS,TCS.NS,0.21298280502236222
2026-07-08,HDFCBANK.NS,TCS.NS,0.19869333871988168
2026-07-09,HDFCBANK.NS,TCS.NS,0.21366303642974388
2026-07-10,HDFCBANK.NS,TCS.NS,0.21727653474877245
2026-07-13,HDFCBANK.NS,TCS.NS,0.17719093131084832
2026-07-14,HDFCBANK.NS,TCS.NS,0.15758244055252085
2026-07-15,HDFCBANK.NS,TCS.NS,0.14033195058868825
2026-07-16,HDFCBANK.NS,TCS.NS,0.13310025256022
2026-07-17,HDFCBANK.NS,TCS.NS,0.15770590930162848
2026-07-20,HDFCBANK.NS,TCS.NS,0.15549288396558522
2026-07-21,HDFCBANK.NS,TCS.NS,0.16599192065668608
2026-07-22,HDFCBANK.NS,TCS.NS,0.1713672706787404
2026-07-23,HDFCBANK.NS,TCS.NS,0.1645772893133053
2026-07-24,HDFCBANK.NS,TCS.NS,0.16250260632350796
2026-07-27,HDFCBANK.NS,TCS.NS,0.16752325803472626
2026-07-28,HDFCBANK.NS,TCS.NS,0.15038974167048408
2026-07-29,HDFCBANK.NS,TCS.NS,0.16645269588366352
2026-07-30,HDFCBANK.NS,TCS.NS,0.16367896196747742
2026-07-31,HDFCBANK.NS,TCS.NS,0.17029275358128915
2026-08-03,HDFCBANK.NS,TCS.NS,0.18088157920017103
2026-08-04,HDFCBANK.NS,TCS.NS,0.15592450495985474
2026-08-05,HDFCBANK.NS,TCS.NS,0.16379448291884022
2026-08-06,HDFCBANK.NS,TCS.NS,0.1872984857734077
2026-08-07,HDFCBANK.NS,TCS.NS,0.17861860667942173
2026-08-10,HDFCBANK.NS,TCS.NS,0.1773803607297474
2026-08-11,HDFCBANK.NS,TCS.NS,0.18456590566792447
2026-08-12,HDFCBANK.NS,TCS.NS,0.17943792002914394
2026-08-13,HDFCBANK.NS,TCS.NS,0.1764719062963432
2026-08-14,HDFCBANK.NS,TCS.NS,0.17879860202250303
2026-08-17,HDFCBANK.NS,TCS.NS,0.16770009170477176
2026-08-18,HDFCBANK.NS,TCS.NS,0.16672457750334144
2026-08-19,HDFCBANK.NS,TCS.NS,0.17519084237323507
2026-08-20,HDFCBANK.NS,TCS.NS,0.17606013396431908
2026-08-21,HDFCBANK.NS,TCS.NS,0.16803100122438064
2026-08-24,HDFCBANK.NS,TCS.NS,0.1694641337405497
2026-08-25,HDFCBANK.NS,TCS.NS,0.15262530852118025
2026-08-26,HDFCBANK.NS,TCS.NS,0.21418014028934648
2026-08-27,HDFCBANK.NS,TCS.NS,0.22260650003489096
2026-08-28,HDFCBANK.NS,TCS.NS,0.2387978045817459
2026-08-31,HDFCBANK.NS,TCS.NS,0.20056499715723405
2026-09-01,HDFCBANK.NS,TCS.NS,0.19564388181767903
2026-09-02,HDFCBANK.NS,TCS.NS,0.2045492957221782
2026-09-03,HDFCBANK.NS,TCS.NS,0.1947248727488796
2026-09-04,HDFCBANK.NS,TCS.NS,0.1781160752669797
2026-09-07,HDFCBANK.NS,TCS.NS,0.1794069511792628
2026-09-08,HDFCBANK.NS,TCS.NS,0.17330212985990134
2026-09-09,HDFCBANK.NS,TCS.NS,0.19374368548255336
2026-09-10,HDFCBANK.NS,TCS.NS,0.20397155616262178
2026-09-11,HDFCBANK.NS,TCS.NS,0.18724526816198403
2026-09-14,HDFCBANK.NS,TCS.NS,0.18778860627240532
2026-09-15,HDFCBANK.NS,TCS.NS,0.17954609689924922
2026-09-16,HDFCBANK.NS,TCS.NS,0.12982141488114735
2026-09-17,HDFCBANK.NS,TCS.NS,0.13260673552403518
2026-09-18,HDFCBANK.NS,TCS.NS,0.058550527128561757
2026-09-21,HDFCBANK.NS,TCS.NS,0.06623236182438157
2026-09-22,HDFCBANK.NS,TCS.NS,0.06746147881307264
2026-09-23,HDFCBANK.NS,TCS.NS,0.0668916049696552
2026-09-24,HDFCBANK.NS,TCS.NS,0.06781119661244717
2026-09-25,HDFCBANK.NS,TCS.NS,0.05988503504795024
2026-09-28,HDFCBANK.NS,TCS.NS,0.11690542315659386
2026-09-29,HDFCBANK.NS,TCS.NS,0.10518393881803964
2026-09-30,HDFCBANK.NS,TCS.NS,0.06922466296052784
2026-10-01,HDFCBANK.NS,TCS.NS,0.08689301881493139
2021-12-31,HDFCBANK.NS,INFY.NS,0.21218327255021316
2022-01-03,HDFCBANK.NS,INFY.NS,0.23294628789306937
2022-01-04,HDFCBANK.NS,INFY.NS,0.23322805411673392
2022-01-05,HDFCBANK.NS,INFY.NS,0.1592375834707357
2022-01-06,HDFCBANK.NS,INFY.NS,0.22314811643208854
2022-01-07,HDFCBANK.NS,INFY.NS,0.21927445044746935
2022-01-10,HDFCBANK.NS,INFY.NS,0.22060590517535555
2022-01-11,HDFCBANK.NS,INFY.NS,0.22596041787330962
2022-01-12,HDFCBANK.NS,INFY.NS,0.28005191764196863
2022-01-13,HDFCBANK.NS,INFY.NS,0.24253445640464996
2022-01-14,HDFCBANK.NS,INFY.NS,0.2516535907988994
2022-01-17,HDFCBANK.NS,INFY.NS,0.26219040029825685
2022-01-18,HDFCBANK.NS,INFY.NS,0.26731344414132463
2022-01-19,HDFCBANK.NS,INFY.NS,0.2643608619133931
2022-01-20,HDFCBANK.NS,INFY.NS,0.2697353785375009
2022-01-21,HDFCBANK.NS,INFY.NS,0.25069849325183224
2022-01-24,HDFCBANK.NS,INFY.NS,0.2676433182546895
2022-01-25,HDFCBANK.NS,INFY.NS,0.2581340868749184
2022-01-27,HDFCBANK.NS,INFY.NS,0.24780542205085676
2022-01-28,HDFCBANK.NS,INFY.NS,0.2442827427780777
2022-01-31,HDFCBANK.NS,INFY.NS,0.2861584058472793
2022-02-01,HDFCBANK.NS,INFY.NS,0.29587400981363443
2022-02-02,HDFCBANK.NS,INFY.NS,0.29906794634643713
2022-02-03,HDFCBANK.NS,INFY.NS,0.3226926899266038
2022-02-04,HDFCBANK.NS,INFY.NS,0.323415062015651
2022-02-07,HDFCBANK.NS,INFY.NS,0.34428713884031426
2022-02-08,HDFCBANK.NS,INFY.NS,0.34408484005156414
2022-02-09,HDFCBANK.NS,INFY.NS,0.3566346754721001
2022-02-10,HDFCBANK.NS,INFY.NS,0.37740417502027596
2022-02-11,HDFCBANK.NS,INFY.NS,0.3761903289565683
2022-02-14,HDFCBANK.NS,INFY.NS,0.40809493586077505
2022-02-15,HDFCBANK.NS,INFY.NS,0.445097129697125
2022-02-16,HDFCBANK.NS,INFY.NS,0.44758259107035336
2022-02-17,HDFCBANK.NS,INFY.NS,0.45999733588804215
2022-02-18,HDFCBANK.NS,INFY.NS,0.45311994778490383
2022-02-21,HDFCBANK.NS,INFY.NS,0.4391940644975259
2022-02-22,HDFCBANK.NS,INFY.NS,0.4368616460098151
2022-02-23,HDFCBANK.NS,INFY.NS,0.43894699593121933
2022-02-24,HDFCBANK.NS,INFY.NS,0.5067161922928413
2022-02-25,HDFCBANK.NS,INFY.NS,0.501387924965005
2022-02-28,HDFCBANK.NS,INFY.NS,0.47498733326652837
2022-03-02,HDFCBANK.NS,INFY.NS,0.4730906982553004
2022-03-03,HDFCBANK.NS,INFY.NS,0.4664339531822319
2022-03-04,HDFCBANK.NS,INFY.NS,0.449520602682978
2022-03-07,HDFCBANK.NS,INFY.NS,0.42884127081388
2022-03-08,HDFCBANK.NS,INFY.NS,0.42796986771049217
2022-03-09,HDFCBANK.NS,INFY.NS,0.44658243435092293
2022-03-10,HDFCBANK.NS,INFY.NS,0.449978331105258
2022-03-11,HDFCBANK.NS,INFY.NS,0.45032856986713277
2022-03-14,HDFCBANK.NS,INFY.NS,0.49261466819336003
2022-03-15,HDFCBANK.NS,INFY.NS,0.5402372582063586
2022-03-16,HDFCBANK.NS,INFY.NS,0.544850568567131
2022-03-17,HDFCBANK.NS,INFY.NS,0.5079463997353306
2022-03-21,HDFCBANK.NS,INFY.NS,0.5075039126483244
2022-03-22,HDFCBANK.NS,INFY.NS,0.512903676374817
2022-03-23,HDFCBANK.NS,INFY.NS,0.5162561879813647
2022-03-24,HDFCBANK.NS,INFY.NS,0.49727697999541337
2022-03-25,HDFCBANK.NS,INFY.NS,0.4965848446396836
2022-03-28,HDFCBANK.NS,INFY.NS,0.4963749564657528
2022-03-29,HDFCBANK.NS,INFY.NS,0.49761174188335117
2022-03-30,HDFCBANK.NS,INFY.NS,0.5051622875735303
2022-03-31,HDFCBANK.NS,INFY.NS,0.5068370411767601
2022-04-01,HDFCBANK.NS,INFY.NS,0.49672616835015554
2022-04-04,HDFCBANK.NS,INFY.NS,0.3962196270577974
2022-04-05,HDFCBANK.NS,INFY.NS,0.39783667520279353
2022-04-06,HDFCBANK.NS,INFY.NS,0.4147027749145632
2022-04-07,HDFCBANK.NS,INFY.NS,0.4199829949845663
2022-04-08,HDFCBANK.NS,INFY.NS,0.4194751008830404
2022-04-11,HDFCBANK.NS,INFY.NS,0.4285885444640091
2022-04-12,HDFCBANK.NS,INFY.NS,0.44024257034989234
2022-04-13,HDFCBANK.NS,INFY.NS,0.4294658709964333
2022-04-18,HDFCBANK.NS,INFY.NS,0.4928491449432182
2022-04-19,HDFCBANK.NS,INFY.NS,0.5172792142012664
2022-04-20,HDFCBANK.NS,INFY.NS,0.5221899985725051
2022-04-21,HDFCBANK.NS,INFY.NS,0.529030536982416
2022-04-22,HDFCBANK.NS,INFY.NS,0.5435305367680617
2022-04-25,HDFCBANK.NS,INFY.NS,0.5279237085568397
2022-04-26,HDFCBANK.NS,INFY.NS,0.5293565122445393
2022-04-27,HDFCBANK.NS,INFY.NS,0.5257755358056996
2022-04-28,HDFCBANK.NS,INFY.NS,0.5231394576999204
2022-04-29,HDFCBANK.NS,INFY.NS,0.513268434273832
2022-05-02,HDFCBANK.NS,INFY.NS,0.5003061124105902
2022-05-04,HDFCBANK.NS,INFY.NS,0.49011426764107
2022-05-05,HDFCBANK.NS,INFY.NS,0.4759764826229404
2022-05-06,HDFCBANK.NS,INFY.NS,0.48664979092659205
2022-05-09,HDFCBANK.NS,INFY.NS,0.4786145187944015
2022-05-10,HDFCBANK.NS,INFY.NS,0.46991380942863525
2022-05-11,HDFCBANK.NS,INFY.NS,0.4573951050323422
2022-05-12,HDFCBANK.NS,INFY.NS,0.45263449041266457
2022-05-13,HDFCBANK.NS,INFY.NS,0.4571911409682641
2022-05-16,HDFCBANK.NS,INFY.NS,0.4397386456652286
2022-05-17,HDFCBANK.NS,INFY.NS,0.41817515075645134
2022-05-18,HDFCBANK.NS,INFY.NS,0.4177290585197089
2022-05-19,HDFCBANK.NS,INFY.NS,0.42534957570207416
2022-05-20,HDFCBANK.NS,INFY.NS,0.44058000705545636
2022-05-23,HDFCBANK.NS,INFY.NS,0.43210202669128106
2022-05-24,HDFCBANK.NS,INFY.NS,0.42241431346792446
2022-05-25,HDFCBANK.NS,INFY.NS,0.41525478816804345
2022-05-26,HDFCBANK.NS,INFY.NS,0.3833725658373864
2022-05-27,HDFCBANK.NS,INFY.NS,0.38798210537330063
2022-05-30,HDFCBANK.NS,INFY.NS,0.3968893238102519
2022-05-31,HDFCBANK.NS,INFY.NS,0.3988681595646238
2022-06-01,HDFCBANK.NS,INFY.NS,0.3978306828314239
2022-06-02,HDFCBANK.NS,INFY.NS,0.38843932682254867
2022-06-03,HDFCBANK.NS,INFY.NS,0.40640174664939915
2022-06-06,HDFCBANK.NS,INFY.NS,0.40874703052521033
2022-06-07,HDFCBANK.NS,INFY.NS,0.3970031501963776
2022-06-08,HDFCBANK.NS,INFY.NS,0.3934653604801692
2022-06-09,HDFCBANK.NS,INFY.NS,0.3953652662206065
2022-06-10,HDFCBANK.NS,INFY.NS,0.37392630779988684
2022-06-13,HDFCBANK.NS,INFY.NS,0.3797360876101465
2022-06-14,HDFCBANK.NS,INFY.NS,0.3590096421823698
2022-06-15,HDFCBANK.NS,INFY.NS,0.3778680038411174
2022-06-16,HDFCBANK.NS,INFY.NS,0.3832776533186629
2022-06-17,HDFCBANK.NS,INFY.NS,0.3798361437134645
2022-06-20,HDFCBANK.NS,INFY.NS,0.3948251390927567
2022-06-21,HDFCBANK.NS,INFY.NS,0.4165073424396119
2022-06-22,HDFCBANK.NS,INFY.NS,0.41695965491630255
2022-06-23,HDFCBANK.NS,INFY.NS,0.4174333496630694
2022-06-24,HDFCBANK.NS,INFY.NS,0.4102124596253147
2022-06-27,HDFCBANK.NS,INFY.NS,0.4015377703743757
2022-06-28,HDFCBANK.NS,INFY.NS,0.3998482840226904
2022-06-29,HDFCBANK.NS,INFY.NS,0.4023438349016472
2022-06-30,HDFCBANK.NS,INFY.NS,0.5587042449569117
2022-07-01,HDFCBANK.NS,INFY.NS,0.563759912298454
2022-07-04,HDFCBANK.NS,INFY.NS,0.5640705163365755
2022-07-05,HDFCBANK.NS,INFY.NS,0.5656832353594425
2022-07-06,HDFCBANK.NS,INFY.NS,0.5701289727591191
2022-07-07,HDFCBANK.NS,INFY.NS,0.5641166457887745
2022-07-08,HDFCBANK.NS,INFY.NS,0.5643710695007556
2022-07-11,HDFCBANK.NS,INFY.NS,0.5600696554506883
2022-07-12,HDFCBANK.NS,INFY.NS,0.47070057120953135
2022-07-13,HDFCBANK.NS,INFY.NS,0.4012354045885803
2022-07-14,HDFCBANK.NS,INFY.NS,0.39727348693238373
2022-07-15,HDFCBANK.NS,INFY.NS,0.3841918007648585
2022-07-18,HDFCBANK.NS,INFY.NS,0.32162682295458594
2022-07-19,HDFCBANK.NS,INFY.NS,0.33160003279435074
2022-07-20,HDFCBANK.NS,INFY.NS,0.3413890043280698
2022-07-21,HDFCBANK.NS,INFY.NS,0.34022703762049983
2022-07-22,HDFCBANK.NS,INFY.NS,0.30743043136732534
2022-07-25,HDFCBANK.NS,INFY.NS,0.3145717011906709
2022-07-26,HDFCBANK.NS,INFY.NS,0.33057071946837063
2022-07-27,HDFCBANK.NS,INFY.NS,0.348408088617965
2022-07-28,HDFCBANK.NS,INFY.NS,0.3728623406205555
2022-07-29,HDFCBANK.NS,INFY.NS,0.351820567733053
2022-08-01,HDFCBANK.NS,INFY.NS,0.3538062561331741
2022-08-02,HDFCBANK.NS,INFY.NS,0.3723997091197394
2022-08-03,HDFCBANK.NS,INFY.NS,0.3803591458502501
2022-08-04,HDFCBANK.NS,INFY.NS,0.36348048541979144
2022-08-05,HDFCBANK.NS,INFY.NS,0.3578669005972229
2022-08-08,HDFCBANK.NS,INFY.NS,0.3575390715685844
2022-08-10,HDFCBANK.NS,INFY.NS,0.35206577809992906
2022-08-11,HDFCBANK.NS,INFY.NS,0.3560829595765698
2022-08-12,HDFCBANK.NS,INFY.NS,0.2931737946715399
2022-08-16,HDFCBANK.NS,INFY.NS,0.26838015901712564
2022-08-17,HDFCBANK.NS,INFY.NS,0.2833772559668723
2022-08-18,HDFCBANK.NS,INFY.NS,0.3043359341455594
2022-08-19,HDFCBANK.NS,INFY.NS,0.3071493328603702
2022-08-22,HDFCBANK.NS,INFY.NS,0.32077349989434784
2022-08-23,HDFCBANK.NS,INFY.NS,0.2972942671334658
2022-08-24,HDFCBANK.NS,INFY.NS,0.28859174547521477
2022-08-25,HDFCBANK.NS,INFY.NS,0.291611115160351
2022-08-26,HDFCBANK.NS,INFY.NS,0.3001801713551096
2022-08-29,HDFCBANK.NS,INFY.NS,0.3659775167504177
2022-08-30,HDFCBANK.NS,INFY.NS,0.40174827188151907
2022-09-01,HDFCBANK.NS,INFY.NS,0.4137575876369548
2022-09-02,HDFCBANK.NS,INFY.NS,0.39737169317959925
2022-09-05,HDFCBANK.NS,INFY.NS,0.3999115802250247
2022-09-06,HDFCBANK.NS,INFY.NS,0.39751885260451525
2022-09-07,HDFCBANK.NS,INFY.NS,0.36732094513306685
2022-09-08,HDFCBANK.NS,INFY.NS,0.3306737620495744
2022-09-09,HDFCBANK.NS,INFY.NS,0.33974628524886896
2022-09-12,HDFCBANK.NS,INFY.NS,0.32357146105589635
2022-09-13,HDFCBANK.NS,INFY.NS,0.2980603021949536
2022-09-14,HDFCBANK.NS,INFY.NS,0.24933024353001124
2022-09-15,HDFCBANK.NS,INFY.NS,0.23653458893176207
2022-09-16,HDFCBANK.NS,INFY.NS,0.2767140540424584
2022-09-19,HDFCBANK.NS,INFY.NS,0.2762226858415811
2022-09-20,HDFCBANK.NS,INFY.NS,0.27291848263085394
2022-09-21,HDFCBANK.NS,INFY.NS,0.28586249366333316
2022-09-22,HDFCBANK.NS,INFY.NS,0.2909901737736946
2022-09-23,HDFCBANK.NS,INFY.NS,0.2828006638821922
2022-09-26,HDFCBANK.NS,INFY.NS,0.26206233457902467
2022-09-27,HDFCBANK.NS,INFY.NS,0.25124351146446416
2022-09-28,HDFCBANK.NS,INFY.NS,0.24168007855171564
2022-09-29,HDFCBANK.NS,INFY.NS,0.2392297634075533
2022-09-30,HDFCBANK.NS,INFY.NS,0.2513524153344472
2022-10-03,HDFCBANK.NS,INFY.NS,0.24783812746155812
2022-10-04,HDFCBANK.NS,INFY.NS,0.28477559512596484
2022-10-06,HDFCBANK.NS,INFY.NS,0.26477831277240893
2022-10-07,HDFCBANK.NS,INFY.NS,0.28331849762104383
2022-10-10,HDFCBANK.NS,INFY.NS,0.26110773383273483
2022-10-11,HDFCBANK.NS,INFY.NS,0.29253087636203057
2022-10-12,HDFCBANK.NS,INFY.NS,0.2901089458954787
2022-10-13,HDFCBANK.NS,INFY.NS,0.29365835055268563
2022-10-14,HDFCBANK.NS,INFY.NS,0.40813308197462606
2022-10-17,HDFCBANK.NS,INFY.NS,0.4096357833617121
2022-10-18,HDFCBANK.NS,INFY.NS,0.3961807849938303
2022-10-19,HDFCBANK.NS,INFY.NS,0.3904681677986015
2022-10-20,HDFCBANK.NS,INFY.NS,0.4246893714763284
2022-10-21,HDFCBANK.NS,INFY.NS,0.4240883450463421
2022-10-24,HDFCBANK.NS,INFY.NS,0.4388284941795238
2022-10-25,HDFCBANK.NS,INFY.NS,0.43061928576309144
2022-10-27,HDFCBANK.NS,INFY.NS,0.42464489310514
2022-10-28,HDFCBANK.NS,INFY.NS,0.41096624472403315
2022-10-31,HDFCBANK.NS,INFY.NS,0.42780965401073967
2022-11-01,HDFCBANK.NS,INFY.NS,0.4352669526870848
2022-11-02,HDFCBANK.NS,INFY.NS,0.43467215126690756
2022-11-03,HDFCBANK.NS,INFY.NS,0.44766434105050834
2022-11-04,HDFCBANK.NS,INFY.NS,0.4571279622622176
2022-11-07,HDFCBANK.NS,INFY.NS,0.4620650674031088
2022-11-09,HDFCBANK.NS,INFY.NS,0.4650253241074007
2022-11-10,HDFCBANK.NS,INFY.NS,0.45127509552377587
2022-11-11,HDFCBANK.NS,INFY.NS,0.5415842557430269
2022-11-14,HDFCBANK.NS,INFY.NS,0.5420651668855421
2022-11-15,HDFCBANK.NS,INFY.NS,0.5413322365346722
2022-11-16,HDFCBANK.NS,INFY.NS,0.5456808594754098
2022-11-17,HDFCBANK.NS,INFY.NS,0.5620702883487162
2022-11-18,HDFCBANK.NS,INFY.NS,0.5540548804130441
2022-11-21,HDFCBANK.NS,INFY.NS,0.561120770811844
2022-11-22,HDFCBANK.NS,INFY.NS,0.558591422553645
2022-11-23,HDFCBANK.NS,INFY.NS,0.5559629615092571
2022-11-24,HDFCBANK.NS,INFY.NS,0.5663554066750803
2022-11-25,HDFCBANK.NS,INFY.NS,0.5457258262525609
2022-11-28,HDFCBANK.NS,INFY.NS,0.5334513051315394
2022-11-29,HDFCBANK.NS,INFY.NS,0.5260969868746556
2022-11-30,HDFCBANK.NS,INFY.NS,0.534804782569272
2022-12-01,HDFCBANK.NS,INFY.NS,0.5360304826109628
2022-12-02,HDFCBANK.NS,INFY.NS,0.539043102176727
2022-12-05,HDFCBANK.NS,INFY.NS,0.5393670649232344
2022-12-06,HDFCBANK.NS,INFY.NS,0.5335083254416179
2022-12-07,HDFCBANK.NS,INFY.NS,0.5438190409749137
2022-12-08,HDFCBANK.NS,INFY.NS,0.5549796922269303
2022-12-09,HDFCBANK.NS,INFY.NS,0.5211361267951853
2022-12-12,HDFCBANK.NS,INFY.NS,0.5813520374958272
2022-12-13,HDFCBANK.NS,INFY.NS,0.5830713746872477
2022-12-14,HDFCBANK.NS,INFY.NS,0.5621216973049981
2022-12-15,HDFCBANK.NS,INFY.NS,0.5801603234850325
2022-12-16,HDFCBANK.NS,INFY.NS,0.5774168727139947
2022-12-19,HDFCBANK.NS,INFY.NS,0.5725681671396117
2022-12-20,HDFCBANK.NS,INFY.NS,0.5704628045271201
2022-12-21,HDFCBANK.NS,INFY.NS,0.5808950944897505
2022-12-22,HDFCBANK.NS,INFY.NS,0.5975375223868101
2022-12-23,HDFCBANK.NS,INFY.NS,0.6172797422405127
2022-12-26,HDFCBANK.NS,INFY.NS,0.6217403274623301
2022-12-27,HDFCBANK.NS,INFY.NS,0.6224399009793237
2022-12-28,HDFCBANK.NS,INFY.NS,0.6255249106581873
2022-12-29,HDFCBANK.NS,INFY.NS,0.6222912518486677
2022-12-30,HDFCBANK.NS,INFY.NS,0.6020051653636591
2023-01-02,HDFCBANK.NS,INFY.NS,0.6343789598413223
2023-01-03,HDFCBANK.NS,INFY.NS,0.6321743489986695
2023-01-04,HDFCBANK.NS,INFY.NS,0.6630983176099933
2023-01-05,HDFCBANK.NS,INFY.NS,0.6598238274398192
2023-01-06,HDFCBANK.NS,INFY.NS,0.6588331467833773
2023-01-09,HDFCBANK.NS,INFY.NS,0.6415155558054577
2023-01-10,HDFCBANK.NS,INFY.NS,0.5987734506108734
2023-01-11,HDFCBANK.NS,INFY.NS,0.5929280503202373
2023-01-12,HDFCBANK.NS,INFY.NS,0.60026117798503
2023-01-13,HDFCBANK.NS,INFY.NS,0.6108976220179486
2023-01-16,HDFCBANK.NS,INFY.NS,0.5978696694943658
2023-01-17,HDFCBANK.NS,INFY.NS,0.6035325142504065
2023-01-18,HDFCBANK.NS,INFY.NS,0.5935545651020853
2023-01-19,HDFCBANK.NS,INFY.NS,0.6004516682808432
2023-01-20,HDFCBANK.NS,INFY.NS,0.5901334065673037
2023-01-23,HDFCBANK.NS,INFY.NS,0.5932910820906553
2023-01-24,HDFCBANK.NS,INFY.NS,0.5783401605613502
2023-01-25,HDFCBANK.NS,INFY.NS,0.5586264994411143
2023-01-27,HDFCBANK.NS,INFY.NS,0.5749380893883823
2023-01-30,HDFCBANK.NS,INFY.NS,0.5653870584279279
2023-01-31,HDFCBANK.NS,INFY.NS,0.561934733520494
2023-02-01,HDFCBANK.NS,INFY.NS,0.5735785293758966
2023-02-02,HDFCBANK.NS,INFY.NS,0.5215908064695174
2023-02-03,HDFCBANK.NS,INFY.NS,0.5289053222431064
2023-02-06,HDFCBANK.NS,INFY.NS,0.38961010167272137
2023-02-07,HDFCBANK.NS,INFY.NS,0.38825820756041185
2023-02-08,HDFCBANK.NS,INFY.NS,0.3795509121200804
2023-02-09,HDFCBANK.NS,INFY.NS,0.3660149812633799
2023-02-10,HDFCBANK.NS,INFY.NS,0.3553865642081973
2023-02-13,HDFCBANK.NS,INFY.NS,0.34475662980008426
2023-02-14,HDFCBANK.NS,INFY.NS,0.34166847213869306
2023-02-15,HDFCBANK.NS,INFY.NS,0.3455570979856921
2023-02-16,HDFCBANK.NS,INFY.NS,0.3439315850441707
2023-02-17,HDFCBANK.NS,INFY.NS,0.3120647467758242
2023-02-20,HDFCBANK.NS,INFY.NS,0.30541677340999596
2023-02-21,HDFCBANK.NS,INFY.NS,0.2944410068060447
2023-02-22,HDFCBANK.NS,INFY.NS,0.311754101576353
2023-02-23,HDFCBANK.NS,INFY.NS,0.3132282115311132
2023-02-24,HDFCBANK.NS,INFY.NS,0.3025590904892085
2023-02-27,HDFCBANK.NS,INFY.NS,0.27742791441252257
2023-02-28,HDFCBANK.NS,INFY.NS,0.26722828585729863
2023-03-01,HDFCBANK.NS,INFY.NS,0.2669717421408157
2023-03-02,HDFCBANK.NS,INFY.NS,0.27746579893251977
2023-03-03,HDFCBANK.NS,INFY.NS,0.27904431725213846
2023-03-06,HDFCBANK.NS,INFY.NS,0.3294987345227663
2023-03-08,HDFCBANK.NS,INFY.NS,0.3430422271328871
2023-03-09,HDFCBANK.NS,INFY.NS,0.34141653604947264
2023-03-10,HDFCBANK.NS,INFY.NS,0.338078878583292
2023-03-13,HDFCBANK.NS,INFY.NS,0.32589449911230134
2023-03-14,HDFCBANK.NS,INFY.NS,0.3362839982244029
2023-03-15,HDFCBANK.NS,INFY.NS,0.3370494379915117
2023-03-16,HDFCBANK.NS,INFY.NS,0.32685042896426575
2023-03-17,HDFCBANK.NS,INFY.NS,0.3452741039285045
2023-03-20,HDFCBANK.NS,INFY.NS,0.35546516630892455
2023-03-21,HDFCBANK.NS,INFY.NS,0.331198002059288
2023-03-22,HDFCBANK.NS,INFY.NS,0.32873329452415584
2023-03-23,HDFCBANK.NS,INFY.NS,0.3341293242467252
2023-03-24,HDFCBANK.NS,INFY.NS,0.33281765804217645
2023-03-27,HDFCBANK.NS,INFY.NS,0.3319178300385814
2023-03-28,HDFCBANK.NS,INFY.NS,0.31985432085603605
2023-03-29,HDFCBANK.NS,INFY.NS,0.32379764974294434
2023-03-31,HDFCBANK.NS,INFY.NS,0.3545526520982115
2023-04-03,HDFCBANK.NS,INFY.NS,0.3287695180452908
2023-04-05,HDFCBANK.NS,INFY.NS,0.3355047532294273
2023-04-06,HDFCBANK.NS,INFY.NS,0.33167245618901403
2023-04-10,HDFCBANK.NS,INFY.NS,0.3359929947131397
2023-04-11,HDFCBANK.NS,INFY.NS,0.31686083528489617
2023-04-12,HDFCBANK.NS,INFY.NS,0.33331016984107
2023-04-13,HDFCBANK.NS,INFY.NS,0.3084103431977463
2023-04-17,HDFCBANK.NS,INFY.NS,0.34706509027911925
2023-04-18,HDFCBANK.NS,INFY.NS,0.36512873703831905
2023-04-19,HDFCBANK.NS,INFY.NS,0.3484635680576193
2023-04-20,HDFCBANK.NS,INFY.NS,0.3434494096679479
2023-04-21,HDFCBANK.NS,INFY.NS,0.34417949797932335
2023-04-24,HDFCBANK.NS,INFY.NS,0.35135296167299856
2023-04-25,HDFCBANK.NS,INFY.NS,0.3367596695823914
2023-04-26,HDFCBANK.NS,INFY.NS,0.33545043211903364
2023-04-27,HDFCBANK.NS,INFY.NS,0.3535540505719613
2023-04-28,HDFCBANK.NS,INFY.NS,0.34476413442307774
2023-05-02,HDFCBANK.NS,INFY.NS,0.34292453423382946
2023-05-03,HDFCBANK.NS,INFY.NS,0.34305331416270657
2023-05-04,HDFCBANK.NS,INFY.NS,0.33292643595744575
2023-05-05,HDFCBANK.NS,INFY.NS,0.33983403237307597
2023-05-08,HDFCBANK.NS,INFY.NS,0.3312031136726731
2023-05-09,HDFCBANK.NS,INFY.NS,0.3280565949031029
2023-05-10,HDFCBANK.NS,INFY.NS,0.3268992943914247
2023-05-11,HDFCBANK.NS,INFY.NS,0.3315396469775888
2023-05-12,HDFCBANK.NS,INFY.NS,0.3347235676712863
2023-05-15,HDFCBANK.NS,INFY.NS,0.3382646458254058
2023-05-16,HDFCBANK.NS,INFY.NS,0.33863408780666343
2023-05-17,HDFCBANK.NS,INFY.NS,0.3318798551868837
2023-05-18,HDFCBANK.NS,INFY.NS,0.3341220705654382
2023-05-19,HDFCBANK.NS,INFY.NS,0.3338771778724349
2023-05-22,HDFCBANK.NS,INFY.NS,0.31981278955088466
2023-05-23,HDFCBANK.NS,INFY.NS,0.3263481427523526
2023-05-24,HDFCBANK.NS,INFY.NS,0.32283546134810903
2023-05-25,HDFCBANK.NS,INFY.NS,0.31400495116771326
2023-05-26,HDFCBANK.NS,INFY.NS,0.3145384920472513
2023-05-29,HDFCBANK.NS,INFY.NS,0.31604187329819916
2023-05-30,HDFCBANK.NS,INFY.NS,0.3245199908342614
2023-05-31,HDFCBANK.NS,INFY.NS,0.328122425107923
2023-06-01,HDFCBANK.NS,INFY.NS,0.32802358085804545
2023-06-02,HDFCBANK.NS,INFY.NS,0.3208413072978345
2023-06-05,HDFCBANK.NS,INFY.NS,0.3161653746374328
2023-06-06,HDFCBANK.NS,INFY.NS,0.3102848876441706
2023-06-07,HDFCBANK.NS,INFY.NS,0.31524832015421483
2023-06-08,HDFCBANK.NS,INFY.NS,0.315441289577855
2023-06-09,HDFCBANK.NS,INFY.NS,0.31790394386323145
2023-06-12,HDFCBANK.NS,INFY.NS,0.2798803669515574
2023-06-13,HDFCBANK.NS,INFY.NS,0.27799982601059336
2023-06-14,HDFCBANK.NS,INFY.NS,0.2837683539754057
2023-06-15,HDFCBANK.NS,INFY.NS,0.29759419101259765
2023-06-16,HDFCBANK.NS,INFY.NS,0.2894759499046215
2023-06-19,HDFCBANK.NS,INFY.NS,0.2840367962655412
2023-06-20,HDFCBANK.NS,INFY.NS,0.29574576414326154
2023-06-21,HDFCBANK.NS,INFY.NS,0.2865864514007609
2023-06-22,HDFCBANK.NS,INFY.NS,0.2744515077479561
2023-06-23,HDFCBANK.NS,INFY.NS,0.2761873373883403
2023-06-26,HDFCBANK.NS,INFY.NS,0.2709113203956248
2023-06-27,HDFCBANK.NS,INFY.NS,0.282710592819522
2023-06-28,HDFCBANK.NS,INFY.NS,0.2887420400122759
2023-06-30,HDFCBANK.NS,INFY.NS,0.2924159003722916
2023-07-03,HDFCBANK.NS,INFY.NS,0.29063559007430323
2023-07-04,HDFCBANK.NS,INFY.NS,0.2836892362201797
2023-07-05,HDFCBANK.NS,INFY.NS,0.2599274113403691
2023-07-06,HDFCBANK.NS,INFY.NS,0.2624372652532146
2023-07-07,HDFCBANK.NS,INFY.NS,0.2730725644899192
2023-07-10,HDFCBANK.NS,INFY.NS,0.2592484434466525
2023-07-11,HDFCBANK.NS,INFY.NS,0.26809079256882595
2023-07-12,HDFCBANK.NS,INFY.NS,0.23256858396456515
2023-07-13,HDFCBANK.NS,INFY.NS,0.23860749440784945
2023-07-14,HDFCBANK.NS,INFY.NS,0.2410171450413143
2023-07-17,HDFCBANK.NS,INFY.NS,0.22788506038235762
2023-07-18,HDFCBANK.NS,INFY.NS,0.20866072107787986
2023-07-19,HDFCBANK.NS,INFY.NS,0.21134418643157665
2023-07-20,HDFCBANK.NS,INFY.NS,0.19789335758480678
2023-07-21,HDFCBANK.NS,INFY.NS,0.20811763556784335
2023-07-24,HDFCBANK.NS,INFY.NS,0.20363769379697455
2023-07-25,HDFCBANK.NS,INFY.NS,0.19855755143691534
2023-07-26,HDFCBANK.NS,INFY.NS,0.1976884216481505
2023-07-27,HDFCBANK.NS,INFY.NS,0.19742106435401904
2023-07-28,HDFCBANK.NS,INFY.NS,0.21060167920998055
2023-07-31,HDFCBANK.NS,INFY.NS,0.19657433616894512
2023-08-01,HDFCBANK.NS,INFY.NS,0.19757931424948008
2023-08-02,HDFCBANK.NS,INFY.NS,0.20527962749481762
2023-08-03,HDFCBANK.NS,INFY.NS,0.20536929741251306
2023-08-04,HDFCBANK.NS,INFY.NS,0.21508727938604527
2023-08-07,HDFCBANK.NS,INFY.NS,0.22674896074217066
2023-08-08,HDFCBANK.NS,INFY.NS,0.22349620673550283
2023-08-09,HDFCBANK.NS,INFY.NS,0.22609513485166202
2023-08-10,HDFCBANK.NS,INFY.NS,0.2227245884986706
2023-08-11,HDFCBANK.NS,INFY.NS,0.23724191888472182
2023-08-14,HDFCBANK.NS,INFY.NS,0.22763975427509614
2023-08-16,HDFCBANK.NS,INFY.NS,0.22941049013972714
2023-08-17,HDFCBANK.NS,INFY.NS,0.23339771125994382
2023-08-18,HDFCBANK.NS,INFY.NS,0.23831705088239102
2023-08-21,HDFCBANK.NS,INFY.NS,0.23835943876754262
2023-08-22,HDFCBANK.NS,INFY.NS,0.2361664982721229
2023-08-23,HDFCBANK.NS,INFY.NS,0.24580641635205153
2023-08-24,HDFCBANK.NS,INFY.NS,0.23972013246944165
2023-08-25,HDFCBANK.NS,INFY.NS,0.23770338399082505
2023-08-28,HDFCBANK.NS,INFY.NS,0.22901339289016787
2023-08-29,HDFCBANK.NS,INFY.NS,0.22824492484513373
2023-08-30,HDFCBANK.NS,INFY.NS,0.2181772136129811
2023-08-31,HDFCBANK.NS,INFY.NS,0.21490769667232446
2023-09-01,HDFCBANK.NS,INFY.NS,0.21302094676355274
2023-09-04,HDFCBANK.NS,INFY.NS,0.22128235343902425
2023-09-05,HDFCBANK.NS,INFY.NS,0.22000884249200628
2023-09-06,HDFCBANK.NS,INFY.NS,0.22584249425102632
2023-09-07,HDFCBANK.NS,INFY.NS,0.21173395835411493
2023-09-08,HDFCBANK.NS,INFY.NS,0.21018479699855985
2023-09-11,HDFCBANK.NS,INFY.NS,0.19704861133127777
2023-09-12,HDFCBANK.NS,INFY.NS,0.2012522706759289
2023-09-13,HDFCBANK.NS,INFY.NS,0.1989243239869725
2023-09-14,HDFCBANK.NS,INFY.NS,0.19777204789388253
2023-09-15,HDFCBANK.NS,INFY.NS,0.21340830934983146
2023-09-18,HDFCBANK.NS,INFY.NS,0.24943780356403097
2023-09-20,HDFCBANK.NS,INFY.NS,0.2355599593400382
2023-09-21,HDFCBANK.NS,INFY.NS,0.23284971585752845
2023-09-22,HDFCBANK.NS,INFY.NS,0.23620315413403042
2023-09-25,HDFCBANK.NS,INFY.NS,0.2229494212104519
2023-09-26,HDFCBANK.NS,INFY.NS,0.17392918940137317
2023-09-27,HDFCBANK.NS,INFY.NS,0.17826245437135793
2023-09-28,HDFCBANK.NS,INFY.NS,0.17188283861810968
2023-09-29,HDFCBANK.NS,INFY.NS,0.18535155876701934
2023-10-03,HDFCBANK.NS,INFY.NS,0.18728933726044034
2023-10-04,HDFCBANK.NS,INFY.NS,0.1855845725452641
2023-10-05,HDFCBANK.NS,INFY.NS,0.19076392794239583
2023-10-06,HDFCBANK.NS,INFY.NS,0.19683912244623095
2023-10-09,HDFCBANK.NS,INFY.NS,0.1898981835465737
2023-10-10,HDFCBANK.NS,INFY.NS,0.18576932012058586
2023-10-11,HDFCBANK.NS,INFY.NS,0.17883175385998656
2023-10-12,HDFCBANK.NS,INFY.NS,0.17166971873504647
2023-10-13,HDFCBANK.NS,INFY.NS,0.19624262802110398
2023-10-16,HDFCBANK.NS,INFY.NS,0.1958159787291554
2023-10-17,HDFCBANK.NS,INFY.NS,0.21119110102285119
2023-10-18,HDFCBANK.NS,INFY.NS,0.22669242000735362
2023-10-19,HDFCBANK.NS,INFY.NS,0.22645360680001486
2023-10-20,HDFCBANK.NS,INFY.NS,0.22721963223288316
2023-10-23,HDFCBANK.NS,INFY.NS,0.2499520342771689
2023-10-25,HDFCBANK.NS,INFY.NS,0.262410301148955
2023-10-26,HDFCBANK.NS,INFY.NS,0.26123085297099796
2023-10-27,HDFCBANK.NS,INFY.NS,0.26176955943541924
2023-10-30,HDFCBANK.NS,INFY.NS,0.24423905119294193
2023-10-31,HDFCBANK.NS,INFY.NS,0.23828202284954966
2023-11-01,HDFCBANK.NS,INFY.NS,0.24169765796528064
2023-11-02,HDFCBANK.NS,INFY.NS,0.22382010567595872
2023-11-03,HDFCBANK.NS,INFY.NS,0.23511485745640295
2023-11-06,HDFCBANK.NS,INFY.NS,0.24751447809702748
2023-11-07,HDFCBANK.NS,INFY.NS,0.2464105165606652
2023-11-08,HDFCBANK.NS,INFY.NS,0.23253576752876104
2023-11-09,HDFCBANK.NS,INFY.NS,0.21963392527716855
2023-11-10,HDFCBANK.NS,INFY.NS,0.22945242918901695
2023-11-13,HDFCBANK.NS,INFY.NS,0.24126640709740718
2023-11-15,HDFCBANK.NS,INFY.NS,0.2747065902345404
2023-11-16,HDFCBANK.NS,INFY.NS,0.2735713577823722
2023-11-17,HDFCBANK.NS,INFY.NS,0.27663772603186765
2023-11-20,HDFCBANK.NS,INFY.NS,0.2756864434528449
2023-11-21,HDFCBANK.NS,INFY.NS,0.2742415313644642
2023-11-22,HDFCBANK.NS,INFY.NS,0.2743553435154419
2023-11-23,HDFCBANK.NS,INFY.NS,0.26298215222385524
2023-11-24,HDFCBANK.NS,INFY.NS,0.2588341233623603
2023-11-28,HDFCBANK.NS,INFY.NS,0.25814678476464364
2023-11-29,HDFCBANK.NS,INFY.NS,0.3008122814178502
2023-11-30,HDFCBANK.NS,INFY.NS,0.3008772108621591
2023-12-01,HDFCBANK.NS,INFY.NS,0.30029151181984914
2023-12-04,HDFCBANK.NS,INFY.NS,0.30515230621252504
2023-12-05,HDFCBANK.NS,INFY.NS,0.3053014574116934
2023-12-06,HDFCBANK.NS,INFY.NS,0.3106137890230619
2023-12-07,HDFCBANK.NS,INFY.NS,0.3232472893882177
2023-12-08,HDFCBANK.NS,INFY.NS,0.3453534530432775
2023-12-11,HDFCBANK.NS,INFY.NS,0.3437191517547898
2023-12-12,HDFCBANK.NS,INFY.NS,0.35209089979664443
2023-12-13,HDFCBANK.NS,INFY.NS,0.3509508612624868
2023-12-14,HDFCBANK.NS,INFY.NS,0.37626072423678947
2023-12-15,HDFCBANK.NS,INFY.NS,0.3502826888544977
2023-12-18,HDFCBANK.NS,INFY.NS,0.3293234121944926
2023-12-19,HDFCBANK.NS,INFY.NS,0.37147269585457116
2023-12-20,HDFCBANK.NS,INFY.NS,0.37499434096623907
2023-12-21,HDFCBANK.NS,INFY.NS,0.36282651952232164
2023-12-22,HDFCBANK.NS,INFY.NS,0.3312171004327433
2023-12-26,HDFCBANK.NS,INFY.NS,0.32346040934784065
2023-12-27,HDFCBANK.NS,INFY.NS,0.3431009941943064
2023-12-28,HDFCBANK.NS,INFY.NS,0.3392198403045188
2023-12-29,HDFCBANK.NS,INFY.NS,0.3353741511561272
2024-01-01,HDFCBANK.NS,INFY.NS,0.32988324890739207
2024-01-02,HDFCBANK.NS,INFY.NS,0.3256931550177843
2024-01-03,HDFCBANK.NS,INFY.NS,0.36935841745575
2024-01-04,HDFCBANK.NS,INFY.NS,0.38553263763494283
2024-01-05,HDFCBANK.NS,INFY.NS,0.37203572526166573
2024-01-08,HDFCBANK.NS,INFY.NS,0.37342224720142575
2024-01-09,HDFCBANK.NS,INFY.NS,0.3696799360327283
2024-01-10,HDFCBANK.NS,INFY.NS,0.3890030759854328
2024-01-11,HDFCBANK.NS,INFY.NS,0.37594386331344487
2024-01-12,HDFCBANK.NS,INFY.NS,0.2529490932589392
2024-01-15,HDFCBANK.NS,INFY.NS,0.28156248478059903
2024-01-16,HDFCBANK.NS,INFY.NS,0.2765972209653722
2024-01-17,HDFCBANK.NS,INFY.NS,0.15802724170851357
2024-01-18,HDFCBANK.NS,INFY.NS,0.1565859059142188
2024-01-19,HDFCBANK.NS,INFY.NS,0.141635105224871
2024-01-23,HDFCBANK.NS,INFY.NS,0.15610742629464056
2024-01-24,HDFCBANK.NS,INFY.NS,0.1620656245907807
2024-01-25,HDFCBANK.NS,INFY.NS,0.16489647742782143
2024-01-29,HDFCBANK.NS,INFY.NS,0.1585532285306932
2024-01-30,HDFCBANK.NS,INFY.NS,0.15810907372143493
2024-01-31,HDFCBANK.NS,INFY.NS,0.15884703012136386
2024-02-01,HDFCBANK.NS,INFY.NS,0.1572423924398324
2024-02-02,HDFCBANK.NS,INFY.NS,0.13644284759143976
2024-02-05,HDFCBANK.NS,INFY.NS,0.13365107223394232
2024-02-06,HDFCBANK.NS,INFY.NS,0.13113075092465287
2024-02-07,HDFCBANK.NS,INFY.NS,0.14567293487890273
2024-02-08,HDFCBANK.NS,INFY.NS,0.14688708249290783
2024-02-09,HDFCBANK.NS,INFY.NS,0.14708452261228616
2024-02-12,HDFCBANK.NS,INFY.NS,0.1451296887934041
2024-02-13,HDFCBANK.NS,INFY.NS,0.1310936656918865
2024-02-14,HDFCBANK.NS,INFY.NS,0.13216702458564952
2024-02-15,HDFCBANK.NS,INFY.NS,0.13441443915304674
2024-02-16,HDFCBANK.NS,INFY.NS,0.1376883519818367
2024-02-19,HDFCBANK.NS,INFY.NS,0.1390029685692173
2024-02-20,HDFCBANK.NS,INFY.NS,0.11948525684891106
2024-02-21,HDFCBANK.NS,INFY.NS,0.13277294733061146
2024-02-22,HDFCBANK.NS,INFY.NS,0.12763811684449014
2024-02-23,HDFCBANK.NS,INFY.NS,0.12701833362434217
2024-02-26,HDFCBANK.NS,INFY.NS,0.11525364689081787
2024-02-27,HDFCBANK.NS,INFY.NS,0.1157262154159785
2024-02-28,HDFCBANK.NS,INFY.NS,0.11467586115485148
2024-02-29,HDFCBANK.NS,INFY.NS,0.10688119274932169
2024-03-01,HDFCBANK.NS,INFY.NS,0.09356418131100469
2024-03-04,HDFCBANK.NS,INFY.NS,0.08771596412007425
2024-03-05,HDFCBANK.NS,INFY.NS,0.07891484292431108
2024-03-06,HDFCBANK.NS,INFY.NS,0.06589493751732345
2024-03-07,HDFCBANK.NS,INFY.NS,0.06541155669433754
2024-03-11,HDFCBANK.NS,INFY.NS,0.06779596995411458
2024-03-12,HDFCBANK.NS,INFY.NS,0.07543862728466498
2024-03-13,HDFCBANK.NS,INFY.NS,0.04872652090643417
2024-03-14,HDFCBANK.NS,INFY.NS,0.029970756315399857
2024-03-15,HDFCBANK.NS,INFY.NS,0.030803323308918655
2024-03-18,HDFCBANK.NS,INFY.NS,0.03375177209028227
2024-03-19,HDFCBANK.NS,INFY.NS,0.030147492968588326
2024-03-20,HDFCBANK.NS,INFY.NS,0.034291870138304564
2024-03-21,HDFCBANK.NS,INFY.NS,0.04207033660213421
2024-03-22,HDFCBANK.NS,INFY.NS,0.047766179550162526
2024-03-26,HDFCBANK.NS,INFY.NS,0.03944590761483781
2024-03-27,HDFCBANK.NS,INFY.NS,0.035229994643761024
2024-03-28,HDFCBANK.NS,INFY.NS,0.04410330476359721
2024-04-01,HDFCBANK.NS,INFY.NS,0.0437103921865885
2024-04-02,HDFCBANK.NS,INFY.NS,0.04109069920602833
2024-04-03,HDFCBANK.NS,INFY.NS,0.01684610836184263
2024-04-04,HDFCBANK.NS,INFY.NS,0.012867474288182882
2024-04-05,HDFCBANK.NS,INFY.NS,0.011203298459161709
2024-04-08,HDFCBANK.NS,INFY.NS,0.0074888661791764595
2024-04-09,HDFCBANK.NS,INFY.NS,0.01129583319506453
2024-04-10,HDFCBANK.NS,INFY.NS,0.009362368876715139
2024-04-12,HDFCBANK.NS,INFY.NS,0.01559771028261214
2024-04-15,HDFCBANK.NS,INFY.NS,0.0558752265344932
2024-04-16,HDFCBANK.NS,INFY.NS,-0.021884247565818766
2024-04-18,HDFCBANK.NS,INFY.NS,-0.021177958014291377
2024-04-19,HDFCBANK.NS,INFY.NS,0.03128399260701823
2024-04-22,HDFCBANK.NS,INFY.NS,0.021982716530901433
2024-04-23,HDFCBANK.NS,INFY.NS,0.03357602440348383
2024-04-24,HDFCBANK.NS,INFY.NS,0.0057447755736355546
2024-04-25,HDFCBANK.NS,INFY.NS,-0.04856631223277038
2024-04-26,HDFCBANK.NS,INFY.NS,-0.05116806150274835
2024-04-29,HDFCBANK.NS,INFY.NS,-0.03462137743478054
2024-04-30,HDFCBANK.NS,INFY.NS,-0.028668904836212886
2024-05-02,HDFCBANK.NS,INFY.NS,-0.04274553641348033
2024-05-03,HDFCBANK.NS,INFY.NS,-0.0469028305213339
2024-05-06,HDFCBANK.NS,INFY.NS,-0.0007220862306212951
2024-05-07,HDFCBANK.NS,INFY.NS,-0.020725374311544437
2024-05-08,HDFCBANK.NS,INFY.NS,-0.002901657890782928
2024-05-09,HDFCBANK.NS,INFY.NS,-0.06191413883234152
2024-05-10,HDFCBANK.NS,INFY.NS,-0.06494398581962943
2024-05-13,HDFCBANK.NS,INFY.NS,-0.06296804148558696
2024-05-14,HDFCBANK.NS,INFY.NS,-0.04943662597967152
2024-05-15,HDFCBANK.NS,INFY.NS,-0.048979749272114105
2024-05-16,HDFCBANK.NS,INFY.NS,-0.009687428378901497
2024-05-17,HDFCBANK.NS,INFY.NS,-0.033163508033328834
2024-05-21,HDFCBANK.NS,INFY.NS,-0.03893339472183141
2024-05-22,HDFCBANK.NS,INFY.NS,-0.03876824805985874
2024-05-23,HDFCBANK.NS,INFY.NS,0.02279384994795547
2024-05-24,HDFCBANK.NS,INFY.NS,-0.005805943023738289
2024-05-27,HDFCBANK.NS,INFY.NS,0.034073306595733995
2024-05-28,HDFCBANK.NS,INFY.NS,0.03398776797466213
2024-05-29,HDFCBANK.NS,INFY.NS,0.051572351757897754
2024-05-30,HDFCBANK.NS,INFY.NS,0.047166022801635094
2024-05-31,HDFCBANK.NS,INFY.NS,0.06508118309966592
2024-06-03,HDFCBANK.NS,INFY.NS,0.07145455881815459
2024-06-04,HDFCBANK.NS,INFY.NS,0.11702147413699
2024-06-05,HDFCBANK.NS,INFY.NS,0.22291742431490713
2024-06-06,HDFCBANK.NS,INFY.NS,0.23080416169170762
2024-06-07,HDFCBANK.NS,INFY.NS,0.23637922320540014
2024-06-10,HDFCBANK.NS,INFY.NS,0.24708693883141442
2024-06-11,HDFCBANK.NS,INFY.NS,0.2391330988235162
2024-06-12,HDFCBANK.NS,INFY.NS,0.22643578047711338
2024-06-13,HDFCBANK.NS,INFY.NS,0.227372805209634
2024-06-14,HDFCBANK.NS,INFY.NS,0.24494731861192606
2024-06-18,HDFCBANK.NS,INFY.NS,0.2451111550270215
2024-06-19,HDFCBANK.NS,INFY.NS,0.2533837105339792
2024-06-20,HDFCBANK.NS,INFY.NS,0.26166727612928714
2024-06-21,HDFCBANK.NS,INFY.NS,0.25166175020819875
2024-06-24,HDFCBANK.NS,INFY.NS,0.25180484914003126
2024-06-25,HDFCBANK.NS,INFY.NS,0.2626226635023181
2024-06-26,HDFCBANK.NS,INFY.NS,0.2512106815497669
2024-06-27,HDFCBANK.NS,INFY.NS,0.23995875587018178
2024-06-28,HDFCBANK.NS,INFY.NS,0.24306974651307528
2024-07-01,HDFCBANK.NS,INFY.NS,0.2569508088208444
2024-07-02,HDFCBANK.NS,INFY.NS,0.2745103905574783
2024-07-03,HDFCBANK.NS,INFY.NS,0.27386816777231704
2024-07-04,HDFCBANK.NS,INFY.NS,0.24015473153986383
2024-07-05,HDFCBANK.NS,INFY.NS,0.24725844481555773
2024-07-08,HDFCBANK.NS,INFY.NS,0.24078987746037425
2024-07-09,HDFCBANK.NS,INFY.NS,0.2419912395489083
2024-07-10,HDFCBANK.NS,INFY.NS,0.2508784908586195
2024-07-11,HDFCBANK.NS,INFY.NS,0.23818657531445672
2024-07-12,HDFCBANK.NS,INFY.NS,0.2077040966832909
2024-07-15,HDFCBANK.NS,INFY.NS,0.25452011844996536
2024-07-16,HDFCBANK.NS,INFY.NS,0.2524687153628852
2024-07-18,HDFCBANK.NS,INFY.NS,0.2681361552000891
2024-07-19,HDFCBANK.NS,INFY.NS,0.2728260473003836
2024-07-22,HDFCBANK.NS,INFY.NS,0.27994950171969923
2024-07-23,HDFCBANK.NS,INFY.NS,0.2656957628205014
2024-07-24,HDFCBANK.NS,INFY.NS,0.26975057595134627
2024-07-25,HDFCBANK.NS,INFY.NS,0.26280571458065527
2024-07-26,HDFCBANK.NS,INFY.NS,0.25592860865441786
2024-07-29,HDFCBANK.NS,INFY.NS,0.25545473794841134
2024-07-30,HDFCBANK.NS,INFY.NS,0.2611630450824298
2024-07-31,HDFCBANK.NS,INFY.NS,0.25876357632294283
2024-08-01,HDFCBANK.NS,INFY.NS,0.24116940541425166
2024-08-02,HDFCBANK.NS,INFY.NS,0.22414203678094108
2024-08-05,HDFCBANK.NS,INFY.NS,0.274221042101923
2024-08-06,HDFCBANK.NS,INFY.NS,0.2916077912064253
2024-08-07,HDFCBANK.NS,INFY.NS,0.3101823761490218
2024-08-08,HDFCBANK.NS,INFY.NS,0.2808311786799997
2024-08-09,HDFCBANK.NS,INFY.NS,0.28176758665020357
2024-08-12,HDFCBANK.NS,INFY.NS,0.277176035772979
2024-08-13,HDFCBANK.NS,INFY.NS,0.2640299832370864
2024-08-14,HDFCBANK.NS,INFY.NS,0.2655715021469677
2024-08-16,HDFCBANK.NS,INFY.NS,0.27280146356596124
2024-08-19,HDFCBANK.NS,INFY.NS,0.27518645493568195
2024-08-20,HDFCBANK.NS,INFY.NS,0.2682625623160908
2024-08-21,HDFCBANK.NS,INFY.NS,0.28290783298756667
2024-08-22,HDFCBANK.NS,INFY.NS,0.2831813024130837
2024-08-23,HDFCBANK.NS,INFY.NS,0.28665559678550895
2024-08-26,HDFCBANK.NS,INFY.NS,0.27514434012221506
2024-08-27,HDFCBANK.NS,INFY.NS,0.2823374134119815
2024-08-28,HDFCBANK.NS,INFY.NS,0.27858386675035185
2024-08-29,HDFCBANK.NS,INFY.NS,0.2957904066421994
2024-08-30,HDFCBANK.NS,INFY.NS,0.2688699875078619
2024-09-02,HDFCBANK.NS,INFY.NS,0.20926141631094372
2024-09-03,HDFCBANK.NS,INFY.NS,0.19336892510190462
2024-09-04,HDFCBANK.NS,INFY.NS,0.1726879341839803
2024-09-05,HDFCBANK.NS,INFY.NS,0.15630035327707098
2024-09-06,HDFCBANK.NS,INFY.NS,0.1666858305144372
2024-09-09,HDFCBANK.NS,INFY.NS,0.1690699550487204
2024-09-10,HDFCBANK.NS,INFY.NS,0.16915644300400365
2024-09-11,HDFCBANK.NS,INFY.NS,0.18004522634077585
2024-09-12,HDFCBANK.NS,INFY.NS,0.19744257531067114
2024-09-13,HDFCBANK.NS,INFY.NS,0.1937220826118463
2024-09-16,HDFCBANK.NS,INFY.NS,0.19498149822036792
2024-09-17,HDFCBANK.NS,INFY.NS,0.19760910162175055
2024-09-18,HDFCBANK.NS,INFY.NS,0.13420895964929622
2024-09-19,HDFCBANK.NS,INFY.NS,0.12158237363316615
2024-09-20,HDFCBANK.NS,INFY.NS,0.12153712630473419
2024-09-23,HDFCBANK.NS,INFY.NS,0.12047155397449578
2024-09-24,HDFCBANK.NS,INFY.NS,0.11412249062511813
2024-09-25,HDFCBANK.NS,INFY.NS,0.09783443741263051
2024-09-26,HDFCBANK.NS,INFY.NS,0.07588688542497797
2024-09-27,HDFCBANK.NS,INFY.NS,0.07261563264489368
2024-09-30,HDFCBANK.NS,INFY.NS,0.12777690326663277
2024-10-01,HDFCBANK.NS,INFY.NS,0.11693394142855792
2024-10-03,HDFCBANK.NS,INFY.NS,0.14281231566908043
2024-10-04,HDFCBANK.NS,INFY.NS,0.12149323430881476
2024-10-07,HDFCBANK.NS,INFY.NS,0.0954573610674894
2024-10-08,HDFCBANK.NS,INFY.NS,0.10293218356962852
2024-10-09,HDFCBANK.NS,INFY.NS,0.10730650480563714
2024-10-10,HDFCBANK.NS,INFY.NS,0.06531666695812174
2024-10-11,HDFCBANK.NS,INFY.NS,0.06202195760828567
2024-10-14,HDFCBANK.NS,INFY.NS,0.09184576999067191
2024-10-15,HDFCBANK.NS,INFY.NS,0.10493591567297568
2024-10-16,HDFCBANK.NS,INFY.NS,0.0648385566888972
2024-10-17,HDFCBANK.NS,INFY.NS,0.043396892794036974
2024-10-18,HDFCBANK.NS,INFY.NS,0.017182142280196173
2024-10-21,HDFCBANK.NS,INFY.NS,-0.017450206632784446
2024-10-22,HDFCBANK.NS,INFY.NS,-0.016880802502229435
2024-10-23,HDFCBANK.NS,INFY.NS,-0.007741873224456029
2024-10-24,HDFCBANK.NS,INFY.NS,-0.01275125106694413
2024-10-25,HDFCBANK.NS,INFY.NS,-0.012981435047507301
2024-10-28,HDFCBANK.NS,INFY.NS,-0.0033003629865118607
2024-10-29,HDFCBANK.NS,INFY.NS,0.01338123457550423
2024-10-30,HDFCBANK.NS,INFY.NS,-0.07433865063945279
2024-10-31,HDFCBANK.NS,INFY.NS,-0.07186156534095822
2024-11-01,HDFCBANK.NS,INFY.NS,-0.10600302252345067
2024-11-04,HDFCBANK.NS,INFY.NS,-0.07827889055568323
2024-11-05,HDFCBANK.NS,INFY.NS,-0.09768188436867714
2024-11-06,HDFCBANK.NS,INFY.NS,-0.10946460763344536
2024-11-07,HDFCBANK.NS,INFY.NS,-0.11103519573692866
2024-11-08,HDFCBANK.NS,INFY.NS,-0.10815892472994669
2024-11-11,HDFCBANK.NS,INFY.NS,-0.12975099051757405
2024-11-12,HDFCBANK.NS,INFY.NS,-0.13571411441334016
2024-11-13,HDFCBANK.NS,INFY.NS,-0.13190163945474756
2024-11-14,HDFCBANK.NS,INFY.NS,-0.13348332859319065
2024-11-18,HDFCBANK.NS,INFY.NS,-0.14819964453720463
2024-11-19,HDFCBANK.NS,INFY.NS,-0.13420520256809895
2024-11-21,HDFCBANK.NS,INFY.NS,-0.14170461329103043
2024-11-22,HDFCBANK.NS,INFY.NS,-0.1271840066391296
2024-11-25,HDFCBANK.NS,INFY.NS,-0.13583288716268174
2024-11-26,HDFCBANK.NS,INFY.NS,-0.13685771869743601
2024-11-27,HDFCBANK.NS,INFY.NS,-0.13450933832117118
2024-11-28,HDFCBANK.NS,INFY.NS,-0.08397979521793192
2024-11-29,HDFCBANK.NS,INFY.NS,-0.07982592281171526
2024-12-02,HDFCBANK.NS,INFY.NS,-0.07543377882548613
2024-12-03,HDFCBANK.NS,INFY.NS,-0.06941753942342217
2024-12-04,HDFCBANK.NS,INFY.NS,-0.08154709702222292
2024-12-05,HDFCBANK.NS,INFY.NS,-0.07704752167407138
2024-12-06,HDFCBANK.NS,INFY.NS,-0.07274623309638392
2024-12-09,HDFCBANK.NS,INFY.NS,-0.07344564078669816
2024-12-10,HDFCBANK.NS,INFY.NS,-0.09874290893402052
2024-12-11,HDFCBANK.NS,INFY.NS,-0.1038967738573386
2024-12-12,HDFCBANK.NS,INFY.NS,-0.10594852900836828
2024-12-13,HDFCBANK.NS,INFY.NS,-0.10329257592334784
2024-12-16,HDFCBANK.NS,INFY.NS,-0.06399615111568958
2024-12-17,HDFCBANK.NS,INFY.NS,-0.05854561356823496
2024-12-18,HDFCBANK.NS,INFY.NS,-0.06757805412662406
2024-12-19,HDFCBANK.NS,INFY.NS,-0.046632238932180166
2024-12-20,HDFCBANK.NS,INFY.NS,-0.032309705635309806
2024-12-23,HDFCBANK.NS,INFY.NS,-0.029964353960681308
2024-12-24,HDFCBANK.NS,INFY.NS,-0.028969328532294787
2024-12-26,HDFCBANK.NS,INFY.NS,-0.024305363354159514
2024-12-27,HDFCBANK.NS,INFY.NS,-0.041389661230523
2024-12-30,HDFCBANK.NS,INFY.NS,-0.02985606302237355
2024-12-31,HDFCBANK.NS,INFY.NS,-0.04047167494851366
2025-01-01,HDFCBANK.NS,INFY.NS,-0.02219318374650282
2025-01-02,HDFCBANK.NS,INFY.NS,0.013530160398009505
2025-01-03,HDFCBANK.NS,INFY.NS,0.024869123557104102
2025-01-06,HDFCBANK.NS,INFY.NS,0.02763636278864571
2025-01-07,HDFCBANK.NS,INFY.NS,0.05478209955136261
2025-01-08,HDFCBANK.NS,INFY.NS,0.059028895970165994
2025-01-09,HDFCBANK.NS,INFY.NS,0.04750290228836417
2025-01-10,HDFCBANK.NS,INFY.NS,0.03180702983260638
2025-01-13,HDFCBANK.NS,INFY.NS,0.053539329120708135
2025-01-14,HDFCBANK.NS,INFY.NS,0.07817612780526485
2025-01-15,HDFCBANK.NS,INFY.NS,0.10799004621046153
2025-01-16,HDFCBANK.NS,INFY.NS,0.15064300659158225
2025-01-17,HDFCBANK.NS,INFY.NS,0.17753650305707833
2025-01-20,HDFCBANK.NS,INFY.NS,0.16407804386142402
2025-01-21,HDFCBANK.NS,INFY.NS,0.17150542573608119
2025-01-22,HDFCBANK.NS,INFY.NS,0.2051847738918095
2025-01-23,HDFCBANK.NS,INFY.NS,0.20592669878852624
2025-01-24,HDFCBANK.NS,INFY.NS,0.20589530638781597
2025-01-27,HDFCBANK.NS,INFY.NS,0.2148516873357436
2025-01-28,HDFCBANK.NS,INFY.NS,0.22150070301012034
2025-01-29,HDFCBANK.NS,INFY.NS,0.2267731793586995
2025-01-30,HDFCBANK.NS,INFY.NS,0.2183667533018136
2025-01-31,HDFCBANK.NS,INFY.NS,0.24516058849099867
2025-02-01,HDFCBANK.NS,INFY.NS,0.2634258281874195
2025-02-03,HDFCBANK.NS,INFY.NS,0.25539009424067644
2025-02-04,HDFCBANK.NS,INFY.NS,0.2792321196086317
2025-02-05,HDFCBANK.NS,INFY.NS,0.2697380254091517
2025-02-06,HDFCBANK.NS,INFY.NS,0.29448435954906965
2025-02-07,HDFCBANK.NS,INFY.NS,0.30530415954184853
2025-02-10,HDFCBANK.NS,INFY.NS,0.3157382835298432
2025-02-11,HDFCBANK.NS,INFY.NS,0.3455633896578111
2025-02-12,HDFCBANK.NS,INFY.NS,0.3401563134030012
2025-02-13,HDFCBANK.NS,INFY.NS,0.3438939674150855
2025-02-14,HDFCBANK.NS,INFY.NS,0.348285861325532
2025-02-17,HDFCBANK.NS,INFY.NS,0.3621507355216565
2025-02-18,HDFCBANK.NS,INFY.NS,0.36717299784896257
2025-02-19,HDFCBANK.NS,INFY.NS,0.3592398127413748
2025-02-20,HDFCBANK.NS,INFY.NS,0.30774271101157724
2025-02-21,HDFCBANK.NS,INFY.NS,0.3046050297256871
2025-02-24,HDFCBANK.NS,INFY.NS,0.3124118654114176
2025-02-25,HDFCBANK.NS,INFY.NS,0.3075217585387293
2025-02-27,HDFCBANK.NS,INFY.NS,0.31305294529837846
2025-02-28,HDFCBANK.NS,INFY.NS,0.19868178501969186
2025-03-03,HDFCBANK.NS,INFY.NS,0.16905552950399388
2025-03-04,HDFCBANK.NS,INFY.NS,0.1605942652134546
2025-03-05,HDFCBANK.NS,INFY.NS,0.14312493223392014
2025-03-06,HDFCBANK.NS,INFY.NS,0.14676681593428226
2025-03-07,HDFCBANK.NS,INFY.NS,0.14593292527555213
2025-03-10,HDFCBANK.NS,INFY.NS,0.1397625597317476
2025-03-11,HDFCBANK.NS,INFY.NS,0.1358673904171444
2025-03-12,HDFCBANK.NS,INFY.NS,0.07178029322645144
2025-03-13,HDFCBANK.NS,INFY.NS,0.07794766942505368
2025-03-17,HDFCBANK.NS,INFY.NS,0.07068652525563593
2025-03-18,HDFCBANK.NS,INFY.NS,0.06167663132265219
2025-03-19,HDFCBANK.NS,INFY.NS,0.05615932775911325
2025-03-20,HDFCBANK.NS,INFY.NS,0.0816880176279807
2025-03-21,HDFCBANK.NS,INFY.NS,0.08101146985771314
2025-03-24,HDFCBANK.NS,INFY.NS,0.08126282297819877
2025-03-25,HDFCBANK.NS,INFY.NS,0.102324781978203
2025-03-26,HDFCBANK.NS,INFY.NS,0.10980430804349946
2025-03-27,HDFCBANK.NS,INFY.NS,0.11189630659753343
2025-03-28,HDFCBANK.NS,INFY.NS,0.09322663185166565
2025-04-01,HDFCBANK.NS,INFY.NS,0.14567006132011137
2025-04-02,HDFCBANK.NS,INFY.NS,0.17922675510902467
2025-04-03,HDFCBANK.NS,INFY.NS,0.1796339982278298
2025-04-04,HDFCBANK.NS,INFY.NS,0.15806501069722992
2025-04-07,HDFCBANK.NS,INFY.NS,0.22679515096047387
2025-04-08,HDFCBANK.NS,INFY.NS,0.2582499892623552
2025-04-09,HDFCBANK.NS,INFY.NS,0.2687287966810801
2025-04-11,HDFCBANK.NS,INFY.NS,0.28122692987121184
2025-04-15,HDFCBANK.NS,INFY.NS,0.30607928447025
2025-04-16,HDFCBANK.NS,INFY.NS,0.3059999156439024
2025-04-17,HDFCBANK.NS,INFY.NS,0.2898306394102848
2025-04-21,HDFCBANK.NS,INFY.NS,0.2986393385428209
2025-04-22,HDFCBANK.NS,INFY.NS,0.2744364158449396
2025-04-23,HDFCBANK.NS,INFY.NS,0.1727964412164016
2025-04-24,HDFCBANK.NS,INFY.NS,0.1742521621095536
2025-04-25,HDFCBANK.NS,INFY.NS,0.17894955954478187
2025-04-28,HDFCBANK.NS,INFY.NS,0.1569038300602659
2025-04-29,HDFCBANK.NS,INFY.NS,0.13819045640874428
2025-04-30,HDFCBANK.NS,INFY.NS,0.13985158144367232
2025-05-02,HDFCBANK.NS,INFY.NS,0.14134138740755323
2025-05-05,HDFCBANK.NS,INFY.NS,0.14159751578561652
2025-05-06,HDFCBANK.NS,INFY.NS,0.13377592995253434
2025-05-07,HDFCBANK.NS,INFY.NS,0.14300231409933725
2025-05-08,HDFCBANK.NS,INFY.NS,0.09985094221046023
2025-05-09,HDFCBANK.NS,INFY.NS,0.09381657635967222
2025-05-12,HDFCBANK.NS,INFY.NS,0.25310413744490895
2025-05-13,HDFCBANK.NS,INFY.NS,0.2820750075600194
2025-05-14,HDFCBANK.NS,INFY.NS,0.2657804227871818
2025-05-15,HDFCBANK.NS,INFY.NS,0.27410241829405685
2025-05-16,HDFCBANK.NS,INFY.NS,0.2749111368143244
2025-05-19,HDFCBANK.NS,INFY.NS,0.2708843204292279
2025-05-20,HDFCBANK.NS,INFY.NS,0.26847319781369866
2025-05-21,HDFCBANK.NS,INFY.NS,0.27500548449554135
2025-05-22,HDFCBANK.NS,INFY.NS,0.2773195052091849
2025-05-23,HDFCBANK.NS,INFY.NS,0.28304265399001943
2025-05-26,HDFCBANK.NS,INFY.NS,0.30868753306105945
2025-05-27,HDFCBANK.NS,INFY.NS,0.3100943978760326
2025-05-28,HDFCBANK.NS,INFY.NS,0.2964294041735039
2025-05-29,HDFCBANK.NS,INFY.NS,0.2954748792215117
2025-05-30,HDFCBANK.NS,INFY.NS,0.2964991717276915
2025-06-02,HDFCBANK.NS,INFY.NS,0.3603207172643472
2025-06-03,HDFCBANK.NS,INFY.NS,0.3888940680225643
2025-06-04,HDFCBANK.NS,INFY.NS,0.39378207829749234
2025-06-05,HDFCBANK.NS,INFY.NS,0.414584182220838
2025-06-06,HDFCBANK.NS,INFY.NS,0.4176710887297912
2025-06-09,HDFCBANK.NS,INFY.NS,0.4143873170355191
2025-06-10,HDFCBANK.NS,INFY.NS,0.40381346370359233
2025-06-11,HDFCBANK.NS,INFY.NS,0.3808725912614693
2025-06-12,HDFCBANK.NS,INFY.NS,0.4445088844586317
2025-06-13,HDFCBANK.NS,INFY.NS,0.4426455591493652
2025-06-16,HDFCBANK.NS,INFY.NS,0.4465385565464698
2025-06-17,HDFCBANK.NS,INFY.NS,0.4417494470137533
2025-06-18,HDFCBANK.NS,INFY.NS,0.452556816213171
2025-06-19,HDFCBANK.NS,INFY.NS,0.44346732019726315
2025-06-20,HDFCBANK.NS,INFY.NS,0.4429625527687579
2025-06-23,HDFCBANK.NS,INFY.NS,0.4572006611859452
2025-06-24,HDFCBANK.NS,INFY.NS,0.44717432729925183
2025-06-25,HDFCBANK.NS,INFY.NS,0.44654751062535464
2025-06-26,HDFCBANK.NS,INFY.NS,0.43864971130660896
2025-06-27,HDFCBANK.NS,INFY.NS,0.4398113917697565
2025-06-30,HDFCBANK.NS,INFY.NS,0.401539878103848
2025-07-01,HDFCBANK.NS,INFY.NS,0.39245204758753743
2025-07-02,HDFCBANK.NS,INFY.NS,0.39110095693199864
2025-07-03,HDFCBANK.NS,INFY.NS,0.4341497055211818
2025-07-04,HDFCBANK.NS,INFY.NS,0.35567552068026903
2025-07-07,HDFCBANK.NS,INFY.NS,0.3544185640921463
2025-07-08,HDFCBANK.NS,INFY.NS,0.3521553331443919
2025-07-09,HDFCBANK.NS,INFY.NS,0.3589043671456786
2025-07-10,HDFCBANK.NS,INFY.NS,0.36008012686866603
2025-07-11,HDFCBANK.NS,INFY.NS,0.38272267411409405
2025-07-14,HDFCBANK.NS,INFY.NS,0.3842001434229336
2025-07-15,HDFCBANK.NS,INFY.NS,0.37386165685676287
2025-07-16,HDFCBANK.NS,INFY.NS,0.4304834789882137
2025-07-17,HDFCBANK.NS,INFY.NS,0.5565280615281416
2025-07-18,HDFCBANK.NS,INFY.NS,0.5429651584774196
2025-07-21,HDFCBANK.NS,INFY.NS,0.5176456551835917
2025-07-22,HDFCBANK.NS,INFY.NS,0.5135321097265132
2025-07-23,HDFCBANK.NS,INFY.NS,0.5231689010296722
2025-07-24,HDFCBANK.NS,INFY.NS,0.5293763597277307
2025-07-25,HDFCBANK.NS,INFY.NS,0.5280417251766846
2025-07-28,HDFCBANK.NS,INFY.NS,0.5295913764848634
2025-07-29,HDFCBANK.NS,INFY.NS,0.5281430036535792
2025-07-30,HDFCBANK.NS,INFY.NS,0.5319618539803237
2025-07-31,HDFCBANK.NS,INFY.NS,0.5401005717600297
2025-08-01,HDFCBANK.NS,INFY.NS,0.5550916242931198
2025-08-04,HDFCBANK.NS,INFY.NS,0.3370488716899935
2025-08-05,HDFCBANK.NS,INFY.NS,0.27110877428817554
2025-08-06,HDFCBANK.NS,INFY.NS,0.28655090797994304
2025-08-07,HDFCBANK.NS,INFY.NS,0.2641764042167247
2025-08-08,HDFCBANK.NS,INFY.NS,0.27880877971221724
2025-08-11,HDFCBANK.NS,INFY.NS,0.29582837156888314
2025-08-12,HDFCBANK.NS,INFY.NS,0.30407358410595015
2025-08-13,HDFCBANK.NS,INFY.NS,0.3010154721290931
2025-08-14,HDFCBANK.NS,INFY.NS,0.30259079917323883
2025-08-18,HDFCBANK.NS,INFY.NS,0.28236676918599135
2025-08-19,HDFCBANK.NS,INFY.NS,0.2716149012752937
2025-08-20,HDFCBANK.NS,INFY.NS,0.22185656530130393
2025-08-21,HDFCBANK.NS,INFY.NS,0.2227444951956499
2025-08-22,HDFCBANK.NS,INFY.NS,0.22897735115873236
2025-08-25,HDFCBANK.NS,INFY.NS,0.21485882057384986
2025-08-26,HDFCBANK.NS,INFY.NS,0.21002426450103096
2025-08-28,HDFCBANK.NS,INFY.NS,0.24522199119746907
2025-08-29,HDFCBANK.NS,INFY.NS,0.2537269822064758
2025-09-01,HDFCBANK.NS,INFY.NS,0.2438856603444609
2025-09-02,HDFCBANK.NS,INFY.NS,0.23408529390042937
2025-09-03,HDFCBANK.NS,INFY.NS,0.20807672830526616
2025-09-04,HDFCBANK.NS,INFY.NS,0.21472821438488962
2025-09-05,HDFCBANK.NS,INFY.NS,0.24572351277582907
2025-09-08,HDFCBANK.NS,INFY.NS,0.23760182330939628
2025-09-09,HDFCBANK.NS,INFY.NS,0.20088406806558032
2025-09-10,HDFCBANK.NS,INFY.NS,0.18379244900198188
2025-09-11,HDFCBANK.NS,INFY.NS,0.185222515704691
2025-09-12,HDFCBANK.NS,INFY.NS,0.18386094790421742
2025-09-15,HDFCBANK.NS,INFY.NS,0.18483080046784278
2025-09-16,HDFCBANK.NS,INFY.NS,0.18174473090859655
2025-09-17,HDFCBANK.NS,INFY.NS,0.15683648310878526
2025-09-18,HDFCBANK.NS,INFY.NS,0.17516871566790126
2025-09-19,HDFCBANK.NS,INFY.NS,0.1453903632360731
2025-09-22,HDFCBANK.NS,INFY.NS,0.155689599946404
2025-09-23,HDFCBANK.NS,INFY.NS,0.16167157847135916
2025-09-24,HDFCBANK.NS,INFY.NS,0.15993935150807181
2025-09-25,HDFCBANK.NS,INFY.NS,0.15696968343297174
2025-09-26,HDFCBANK.NS,INFY.NS,0.18008123908743479
2025-09-29,HDFCBANK.NS,INFY.NS,0.17461701023054865
2025-09-30,HDFCBANK.NS,INFY.NS,0.1722401862558751
2025-10-01,HDFCBANK.NS,INFY.NS,0.17701161128828996
2025-10-03,HDFCBANK.NS,INFY.NS,0.16838495614342028
2025-10-06,HDFCBANK.NS,INFY.NS,0.19592815244173245
2025-10-07,HDFCBANK.NS,INFY.NS,0.17505287411443668
2025-10-08,HDFCBANK.NS,INFY.NS,0.14022110218509107
2025-10-09,HDFCBANK.NS,INFY.NS,0.13801792553364678
2025-10-10,HDFCBANK.NS,INFY.NS,0.1314256882015025
2025-10-13,HDFCBANK.NS,INFY.NS,0.13753365085040478
2025-10-14,HDFCBANK.NS,INFY.NS,0.1291602309323822
2025-10-15,HDFCBANK.NS,INFY.NS,0.1377781666853454
2025-10-16,HDFCBANK.NS,INFY.NS,0.14070868941380618
2025-10-17,HDFCBANK.NS,INFY.NS,0.11549175743285049
2025-10-20,HDFCBANK.NS,INFY.NS,0.11219176535982184
2025-10-21,HDFCBANK.NS,INFY.NS,0.10885396401164069
2025-10-23,HDFCBANK.NS,INFY.NS,0.1025331654311255
2025-10-24,HDFCBANK.NS,INFY.NS,0.10401411039741124
2025-10-27,HDFCBANK.NS,INFY.NS,0.10682389717143743
2025-10-28,HDFCBANK.NS,INFY.NS,0.10546991016195957
2025-10-29,HDFCBANK.NS,INFY.NS,0.10585864396020889
2025-10-30,HDFCBANK.NS,INFY.NS,0.1115323223467961
2025-10-31,HDFCBANK.NS,INFY.NS,0.1351399996441971
2025-11-03,HDFCBANK.NS,INFY.NS,0.12218961095098965
2025-11-04,HDFCBANK.NS,INFY.NS,0.1465162994533306
2025-11-06,HDFCBANK.NS,INFY.NS,0.1477290710710331
2025-11-07,HDFCBANK.NS,INFY.NS,0.1310303190758937
2025-11-10,HDFCBANK.NS,INFY.NS,0.13565212275682653
2025-11-11,HDFCBANK.NS,INFY.NS,0.14048005348412834
2025-11-12,HDFCBANK.NS,INFY.NS,0.13568088184107552
2025-11-13,HDFCBANK.NS,INFY.NS,0.128635995587665
2025-11-14,HDFCBANK.NS,INFY.NS,0.12307874999090512
2025-11-17,HDFCBANK.NS,INFY.NS,0.12687006359044764
2025-11-18,HDFCBANK.NS,INFY.NS,0.15175173284758628
2025-11-19,HDFCBANK.NS,INFY.NS,0.1573440184563866
2025-11-20,HDFCBANK.NS,INFY.NS,0.13376313798497397
2025-11-21,HDFCBANK.NS,INFY.NS,0.1291317053235287
2025-11-24,HDFCBANK.NS,INFY.NS,0.1280457765199658
2025-11-25,HDFCBANK.NS,INFY.NS,0.09778177663135039
2025-11-26,HDFCBANK.NS,INFY.NS,0.10809525092163864
2025-11-27,HDFCBANK.NS,INFY.NS,0.11887066330780033
2025-11-28,HDFCBANK.NS,INFY.NS,0.12041000779126128
2025-12-01,HDFCBANK.NS,INFY.NS,0.144391744607239
2025-12-02,HDFCBANK.NS,INFY.NS,0.16227551875202958
2025-12-03,HDFCBANK.NS,INFY.NS,0.18040102873008018
2025-12-04,HDFCBANK.NS,INFY.NS,0.17714150954152308
2025-12-05,HDFCBANK.NS,INFY.NS,0.21661117764840176
2025-12-08,HDFCBANK.NS,INFY.NS,0.21992468379866903
2025-12-09,HDFCBANK.NS,INFY.NS,0.23487403105202004
2025-12-10,HDFCBANK.NS,INFY.NS,0.24827614805065476
2025-12-11,HDFCBANK.NS,INFY.NS,0.2568159532159862
2025-12-12,HDFCBANK.NS,INFY.NS,0.2567842532697623
2025-12-15,HDFCBANK.NS,INFY.NS,0.2522124646541437
2025-12-16,HDFCBANK.NS,INFY.NS,0.24014477179389018
2025-12-17,HDFCBANK.NS,INFY.NS,0.22818145433528172
2025-12-18,HDFCBANK.NS,INFY.NS,0.20604009121303038
2025-12-19,HDFCBANK.NS,INFY.NS,0.20807478658296488
2025-12-22,HDFCBANK.NS,INFY.NS,0.20462489426725888
2025-12-23,HDFCBANK.NS,INFY.NS,0.1757729774402619
2025-12-24,HDFCBANK.NS,INFY.NS,0.15383267654986904
2025-12-26,HDFCBANK.NS,INFY.NS,0.16792192715019838
2025-12-29,HDFCBANK.NS,INFY.NS,0.16916032489989605
2025-12-30,HDFCBANK.NS,INFY.NS,0.17618040125469117
2025-12-31,HDFCBANK.NS,INFY.NS,0.17590036664899628
2026-01-01,HDFCBANK.NS,INFY.NS,0.15108389215315088
2026-01-02,HDFCBANK.NS,INFY.NS,0.18486267555351169
2026-01-05,HDFCBANK.NS,INFY.NS,0.2821901826719347
2026-01-06,HDFCBANK.NS,INFY.NS,0.2698588882235465
2026-01-07,HDFCBANK.NS,INFY.NS,0.22618567480927512
2026-01-08,HDFCBANK.NS,INFY.NS,0.22238514546189653
2026-01-09,HDFCBANK.NS,INFY.NS,0.2227476317710672
2026-01-12,HDFCBANK.NS,INFY.NS,0.22931236504617258
2026-01-13,HDFCBANK.NS,INFY.NS,0.249965110511848
2026-01-14,HDFCBANK.NS,INFY.NS,0.2948551720695264
2026-01-15,HDFCBANK.NS,INFY.NS,0.2930793083475776
2026-01-16,HDFCBANK.NS,INFY.NS,0.3109665549449187
2026-01-19,HDFCBANK.NS,INFY.NS,0.316746393043219
2026-01-20,HDFCBANK.NS,INFY.NS,0.3001936855965018
2026-01-21,HDFCBANK.NS,INFY.NS,0.3070950868235885
2026-01-22,HDFCBANK.NS,INFY.NS,0.30866160702368656
2026-01-23,HDFCBANK.NS,INFY.NS,0.3050515877853592
2026-01-27,HDFCBANK.NS,INFY.NS,0.2962912327865343
2026-01-28,HDFCBANK.NS,INFY.NS,0.2665590350419813
2026-01-29,HDFCBANK.NS,INFY.NS,0.2628942748721947
2026-01-30,HDFCBANK.NS,INFY.NS,0.261078521187333
2026-02-02,HDFCBANK.NS,INFY.NS,0.2607833243941583
2026-02-03,HDFCBANK.NS,INFY.NS,0.2918598543603011
2026-02-04,HDFCBANK.NS,INFY.NS,0.18684191175428025
2026-02-05,HDFCBANK.NS,INFY.NS,0.18117943743486398
2026-02-06,HDFCBANK.NS,INFY.NS,0.19183774479939217
2026-02-09,HDFCBANK.NS,INFY.NS,0.19266314482700755
2026-02-10,HDFCBANK.NS,INFY.NS,0.20875350151668767
2026-02-11,HDFCBANK.NS,INFY.NS,0.2147487370227464
2026-02-12,HDFCBANK.NS,INFY.NS,0.22970281073161533
2026-02-13,HDFCBANK.NS,INFY.NS,0.23593743953646018
2026-02-16,HDFCBANK.NS,INFY.NS,0.22516603573590063
2026-02-17,HDFCBANK.NS,INFY.NS,0.23525966571623708
2026-02-18,HDFCBANK.NS,INFY.NS,0.23357530833348672
2026-02-19,HDFCBANK.NS,INFY.NS,0.2259508096525708
2026-02-20,HDFCBANK.NS,INFY.NS,0.20155850391539126
2026-02-23,HDFCBANK.NS,INFY.NS,0.16366660418332252
2026-02-24,HDFCBANK.NS,INFY.NS,0.20400689105945527
2026-02-25,HDFCBANK.NS,INFY.NS,0.20319328365581468
2026-02-26,HDFCBANK.NS,INFY.NS,0.2034320671265655
2026-02-27,HDFCBANK.NS,INFY.NS,0.17267398139946988
2026-03-02,HDFCBANK.NS,INFY.NS,0.1789784800633149
2026-03-04,HDFCBANK.NS,INFY.NS,0.1455688501020082
2026-03-05,HDFCBANK.NS,INFY.NS,0.14595696559403334
2026-03-06,HDFCBANK.NS,INFY.NS,0.1269148246128959
2026-03-09,HDFCBANK.NS,INFY.NS,0.10802522201053441
2026-03-10,HDFCBANK.NS,INFY.NS,0.07819347330312726
2026-03-11,HDFCBANK.NS,INFY.NS,0.09194684408818851
2026-03-12,HDFCBANK.NS,INFY.NS,0.09357412799948904
2026-03-13,HDFCBANK.NS,INFY.NS,0.10680397529544172
2026-03-16,HDFCBANK.NS,INFY.NS,0.11978896864174793
2026-03-17,HDFCBANK.NS,INFY.NS,0.11682020778650178
2026-03-18,HDFCBANK.NS,INFY.NS,0.10567665517121227
2026-03-19,HDFCBANK.NS,INFY.NS,0.19582942841139045
2026-03-20,HDFCBANK.NS,INFY.NS,0.151327294390662
2026-03-23,HDFCBANK.NS,INFY.NS,0.12400072618210582
2026-03-24,HDFCBANK.NS,INFY.NS,0.16039023777096284
2026-03-25,HDFCBANK.NS,INFY.NS,0.16415159541693086
2026-03-27,HDFCBANK.NS,INFY.NS,0.1672084892219216
2026-03-30,HDFCBANK.NS,INFY.NS,0.17991098878541822
2026-04-01,HDFCBANK.NS,INFY.NS,0.19869045937887245
2026-04-02,HDFCBANK.NS,INFY.NS,0.2089174637076717
2026-04-06,HDFCBANK.NS,INFY.NS,0.2004411074886717
2026-04-07,HDFCBANK.NS,INFY.NS,0.20964210505336325
2026-04-08,HDFCBANK.NS,INFY.NS,0.2246377154903627
2026-04-09,HDFCBANK.NS,INFY.NS,0.23038469540618306
2026-04-10,HDFCBANK.NS,INFY.NS,0.20362921195692382
2026-04-13,HDFCBANK.NS,INFY.NS,0.20903046428977806
2026-04-15,HDFCBANK.NS,INFY.NS,0.2285205414561008
2026-04-16,HDFCBANK.NS,INFY.NS,0.21890767844360925
2026-04-17,HDFCBANK.NS,INFY.NS,0.21924436482093337
2026-04-20,HDFCBANK.NS,INFY.NS,0.2136166379416361
2026-04-21,HDFCBANK.NS,INFY.NS,0.21574995328945637
2026-04-22,HDFCBANK.NS,INFY.NS,0.23107216821592103
2026-04-23,HDFCBANK.NS,INFY.NS,0.24316814635472833
2026-04-24,HDFCBANK.NS,INFY.NS,0.21402888885192167
2026-04-27,HDFCBANK.NS,INFY.NS,0.21991280277955555
2026-04-28,HDFCBANK.NS,INFY.NS,0.21609289609511934
2026-04-29,HDFCBANK.NS,INFY.NS,0.21505761569440834
2026-04-30,HDFCBANK.NS,INFY.NS,0.2084793214703758
2026-05-01,HDFCBANK.NS,INFY.NS,0.20827974113914235
2026-05-04,HDFCBANK.NS,INFY.NS,0.20418437440265028
2026-05-05,HDFCBANK.NS,INFY.NS,0.18096699837139268
2026-05-06,HDFCBANK.NS,INFY.NS,0.21151267181086922
2026-05-07,HDFCBANK.NS,INFY.NS,0.2114963799983793
2026-05-08,HDFCBANK.NS,INFY.NS,0.1939279261483827
2026-05-11,HDFCBANK.NS,INFY.NS,0.19054467062507016
2026-05-12,HDFCBANK.NS,INFY.NS,0.2039090122191037
2026-05-13,HDFCBANK.NS,INFY.NS,0.20173752370251027
2026-05-14,HDFCBANK.NS,INFY.NS,0.17132448582434198
2026-05-15,HDFCBANK.NS,INFY.NS,0.1635103518677021
2026-05-18,HDFCBANK.NS,INFY.NS,0.1678613599286116
2026-05-19,HDFCBANK.NS,INFY.NS,0.14606352081719476
2026-05-20,HDFCBANK.NS,INFY.NS,0.14734042100582365
2026-05-21,HDFCBANK.NS,INFY.NS,0.1462875124419254
2026-05-22,HDFCBANK.NS,INFY.NS,0.14352116536916368
2026-05-25,HDFCBANK.NS,INFY.NS,0.15021374475246096
2026-05-26,HDFCBANK.NS,INFY.NS,0.13514153204043908
2026-05-27,HDFCBANK.NS,INFY.NS,0.13987080637512167
2026-05-28,HDFCBANK.NS,INFY.NS,0.140453904968793
2026-05-29,HDFCBANK.NS,INFY.NS,0.14280364924240152
2026-06-01,HDFCBANK.NS,INFY.NS,0.13672569132622847
2026-06-02,HDFCBANK.NS,INFY.NS,0.1573161625038708
2026-06-03,HDFCBANK.NS,INFY.NS,0.13951481331616633
2026-06-04,HDFCBANK.NS,INFY.NS,0.14089242131137206
2026-06-05,HDFCBANK.NS,INFY.NS,0.14666774852289408
2026-06-08,HDFCBANK.NS,INFY.NS,0.15659182538771022
2026-06-09,HDFCBANK.NS,INFY.NS,0.14855067350450257
2026-06-10,HDFCBANK.NS,INFY.NS,0.143981173377965
2026-06-11,HDFCBANK.NS,INFY.NS,0.13626651842611742
2026-06-12,HDFCBANK.NS,INFY.NS,0.13602268929312938
2026-06-15,HDFCBANK.NS,INFY.NS,0.14431316524402799
2026-06-16,HDFCBANK.NS,INFY.NS,0.15162974494104556
2026-06-17,HDFCBANK.NS,INFY.NS,0.08417704368151177
2026-06-18,HDFCBANK.NS,INFY.NS,0.09790994565143456
2026-06-19,HDFCBANK.NS,INFY.NS,0.1258140565700554
2026-06-22,HDFCBANK.NS,INFY.NS,0.1104639084351931
2026-06-23,HDFCBANK.NS,INFY.NS,0.127427783504317
2026-06-24,HDFCBANK.NS,INFY.NS,0.15101283691121664
2026-06-25,HDFCBANK.NS,INFY.NS,0.13561071192675003
2026-06-26,HDFCBANK.NS,INFY.NS,0.12367973444776899
2026-06-29,HDFCBANK.NS,INFY.NS,0.11425220880786396
2026-06-30,HDFCBANK.NS,INFY.NS,0.10931504177700116
2026-07-01,HDFCBANK.NS,INFY.NS,0.1117974061406716
2026-07-02,HDFCBANK.NS,INFY.NS,0.09091824355735713
2026-07-03,HDFCBANK.NS,INFY.NS,0.08725134279676279
2026-07-06,HDFCBANK.NS,INFY.NS,0.10148823411098257
2026-07-07,HDFCBANK.NS,INFY.NS,0.08968304193055487
2026-07-08,HDFCBANK.NS,INFY.NS,0.06636782479211371
2026-07-09,HDFCBANK.NS,INFY.NS,0.07379246721773293
2026-07-10,HDFCBANK.NS,INFY.NS,0.08068771140916761
2026-07-13,HDFCBANK.NS,INFY.NS,0.062164280903586736
2026-07-14,HDFCBANK.NS,INFY.NS,0.063685890167764
2026-07-15,HDFCBANK.NS,INFY.NS,0.03569936574947932
2026-07-16,HDFCBANK.NS,INFY.NS,0.011197246536707919
2026-07-17,HDFCBANK.NS,INFY.NS,0.02080050189389896
2026-07-20,HDFCBANK.NS,INFY.NS,0.03585997464508413
2026-07-21,HDFCBANK.NS,INFY.NS,0.04092572978426222
2026-07-22,HDFCBANK.NS,INFY.NS,0.053935906007604235
2026-07-23,HDFCBANK.NS,INFY.NS,0.061538630303625844
2026-07-24,HDFCBANK.NS,INFY.NS,0.06278240835797691
2026-07-27,HDFCBANK.NS,INFY.NS,0.059343091651262135
2026-07-28,HDFCBANK.NS,INFY.NS,0.05636993267182547
2026-07-29,HDFCBANK.NS,INFY.NS,0.10916912546822141
2026-07-30,HDFCBANK.NS,INFY.NS,0.10854253140040585
2026-07-31,HDFCBANK.NS,INFY.NS,0.12953935018946333
2026-08-03,HDFCBANK.NS,INFY.NS,0.13961106055899394
2026-08-04,HDFCBANK.NS,INFY.NS,0.12301105321462368
2026-08-05,HDFCBANK.NS,INFY.NS,0.12000486123457194
2026-08-06,HDFCBANK.NS,INFY.NS,0.16093631238212464
2026-08-07,HDFCBANK.NS,INFY.NS,0.1625868449641061
2026-08-10,HDFCBANK.NS,INFY.NS,0.1616715116509056
2026-08-11,HDFCBANK.NS,INFY.NS,0.1858586372164957
2026-08-12,HDFCBANK.NS,INFY.NS,0.18468494698793797
2026-08-13,HDFCBANK.NS,INFY.NS,0.18514411066510256
2026-08-14,HDFCBANK.NS,INFY.NS,0.18849605070312764
2026-08-17,HDFCBANK.NS,INFY.NS,0.195751765559325
2026-08-18,HDFCBANK.NS,INFY.NS,0.2028229569301094
2026-08-19,HDFCBANK.NS,INFY.NS,0.1988680330281661
2026-08-20,HDFCBANK.NS,INFY.NS,0.2017942781596787
2026-08-21,HDFCBANK.NS,INFY.NS,0.204355979077979
2026-08-24,HDFCBANK.NS,INFY.NS,0.21487332072831666
2026-08-25,HDFCBANK.NS,INFY.NS,0.1997094890351233
2026-08-26,HDFCBANK.NS,INFY.NS,0.22103724360635393
2026-08-27,HDFCBANK.NS,INFY.NS,0.22781738893588988
2026-08-28,HDFCBANK.NS,INFY.NS,0.2457281000643425
2026-08-31,HDFCBANK.NS,INFY.NS,0.24702800305526026
2026-09-01,HDFCBANK.NS,INFY.NS,0.2502126780605265
2026-09-02,HDFCBANK.NS,INFY.NS,0.26720169920166287
2026-09-03,HDFCBANK.NS,INFY.NS,0.2610559253447119
2026-09-04,HDFCBANK.NS,INFY.NS,0.2763864406061926
2026-09-07,HDFCBANK.NS,INFY.NS,0.26660926640287336
2026-09-08,HDFCBANK.NS,INFY.NS,0.2642829848464374
2026-09-09,HDFCBANK.NS,INFY.NS,0.2999766613256063
2026-09-10,HDFCBANK.NS,INFY.NS,0.3327916703875468
2026-09-11,HDFCBANK.NS,INFY.NS,0.3297161939346093
2026-09-14,HDFCBANK.NS,INFY.NS,0.3239025921843715
2026-09-15,HDFCBANK.NS,INFY.NS,0.32448848906251054
2026-09-16,HDFCBANK.NS,INFY.NS,0.2844397520836584
2026-09-17,HDFCBANK.NS,INFY.NS,0.29128878575189643
2026-09-18,HDFCBANK.NS,INFY.NS,0.26821331493266115
2026-09-21,HDFCBANK.NS,INFY.NS,0.25661112419803284
2026-09-22,HDFCBANK.NS,INFY.NS,0.26312831490161215
2026-09-23,HDFCBANK.NS,INFY.NS,0.26336745080886065
2026-09-24,HDFCBANK.NS,INFY.NS,0.282626347353309
2026-09-25,HDFCBANK.NS,INFY.NS,0.26738560916349885
2026-09-28,HDFCBANK.NS,INFY.NS,0.2875218927737399
2026-09-29,HDFCBANK.NS,INFY.NS,0.29530490828044303
2026-09-30,HDFCBANK.NS,INFY.NS,0.31763930384251776
2026-10-01,HDFCBANK.NS,INFY.NS,0.3728728893616346
2021-12-31,HDFCBANK.NS,LT.NS,0.28216850896522694
2022-01-03,HDFCBANK.NS,LT.NS,0.3229932368541828
2022-01-04,HDFCBANK.NS,LT.NS,0.3274869382141092
2022-01-05,HDFCBANK.NS,LT.NS,0.3279145415203706
2022-01-06,HDFCBANK.NS,LT.NS,0.3635736832856686
2022-01-07,HDFCBANK.NS,LT.NS,0.3516935994085787
2022-01-10,HDFCBANK.NS,LT.NS,0.3512120024633779
2022-01-11,HDFCBANK.NS,LT.NS,0.31961733841804046
2022-01-12,HDFCBANK.NS,LT.NS,0.31636852295313445
2022-01-13,HDFCBANK.NS,LT.NS,0.24924554304728389
2022-01-14,HDFCBANK.NS,LT.NS,0.2489401281799126
2022-01-17,HDFCBANK.NS,LT.NS,0.2330738277563053
2022-01-18,HDFCBANK.NS,LT.NS,0.21608438795311927
2022-01-19,HDFCBANK.NS,LT.NS,0.21146226598507298
2022-01-20,HDFCBANK.NS,LT.NS,0.2158152754162977
2022-01-21,HDFCBANK.NS,LT.NS,0.18398826638557117
2022-01-24,HDFCBANK.NS,LT.NS,0.2841638978035919
2022-01-25,HDFCBANK.NS,LT.NS,0.27840210482623423
2022-01-27,HDFCBANK.NS,LT.NS,0.2675532360457027
2022-01-28,HDFCBANK.NS,LT.NS,0.27004190673112644
2022-01-31,HDFCBANK.NS,LT.NS,0.35467081581565224
2022-02-01,HDFCBANK.NS,LT.NS,0.35809349613211294
2022-02-02,HDFCBANK.NS,LT.NS,0.3340450897231754
2022-02-03,HDFCBANK.NS,LT.NS,0.3682437582006166
2022-02-04,HDFCBANK.NS,LT.NS,0.3764547020792538
2022-02-07,HDFCBANK.NS,LT.NS,0.43297651880640237
2022-02-08,HDFCBANK.NS,LT.NS,0.4324315034100622
2022-02-09,HDFCBANK.NS,LT.NS,0.4359994609207925
2022-02-10,HDFCBANK.NS,LT.NS,0.4412421406603645
2022-02-11,HDFCBANK.NS,LT.NS,0.4441595994175161
2022-02-14,HDFCBANK.NS,LT.NS,0.5141667591733878
2022-02-15,HDFCBANK.NS,LT.NS,0.5482520374082162
2022-02-16,HDFCBANK.NS,LT.NS,0.550093725883404
2022-02-17,HDFCBANK.NS,LT.NS,0.5512065933578933
2022-02-18,HDFCBANK.NS,LT.NS,0.5559905083320106
2022-02-21,HDFCBANK.NS,LT.NS,0.5193636854235134
2022-02-22,HDFCBANK.NS,LT.NS,0.5281963764211647
2022-02-23,HDFCBANK.NS,LT.NS,0.5306608636013914
2022-02-24,HDFCBANK.NS,LT.NS,0.574226347078203
2022-02-25,HDFCBANK.NS,LT.NS,0.5797264226771587
2022-02-28,HDFCBANK.NS,LT.NS,0.5421845935948727
2022-03-02,HDFCBANK.NS,LT.NS,0.5524351562302894
2022-03-03,HDFCBANK.NS,LT.NS,0.5456828091613786
2022-03-04,HDFCBANK.NS,LT.NS,0.5320530017966244
2022-03-07,HDFCBANK.NS,LT.NS,0.6068329428933222
2022-03-08,HDFCBANK.NS,LT.NS,0.6062380960865121
2022-03-09,HDFCBANK.NS,LT.NS,0.6172931057308528
2022-03-10,HDFCBANK.NS,LT.NS,0.626165338179487
2022-03-11,HDFCBANK.NS,LT.NS,0.6277438870798501
2022-03-14,HDFCBANK.NS,LT.NS,0.6268221295480336
2022-03-15,HDFCBANK.NS,LT.NS,0.6207514060678759
2022-03-16,HDFCBANK.NS,LT.NS,0.606600719293889
2022-03-17,HDFCBANK.NS,LT.NS,0.6112186507689283
2022-03-21,HDFCBANK.NS,LT.NS,0.6100648728058712
2022-03-22,HDFCBANK.NS,LT.NS,0.6111980001953932
2022-03-23,HDFCBANK.NS,LT.NS,0.6104867888273882
2022-03-24,HDFCBANK.NS,LT.NS,0.5957119386574701
2022-03-25,HDFCBANK.NS,LT.NS,0.5968169333028557
2022-03-28,HDFCBANK.NS,LT.NS,0.5962513159658961
2022-03-29,HDFCBANK.NS,LT.NS,0.5977064884419562
2022-03-30,HDFCBANK.NS,LT.NS,0.6024328306300939
2022-03-31,HDFCBANK.NS,LT.NS,0.5961812697005182
2022-04-01,HDFCBANK.NS,LT.NS,0.6004819373693612
2022-04-04,HDFCBANK.NS,LT.NS,0.5698600418610913
2022-04-05,HDFCBANK.NS,LT.NS,0.5491664515895159
2022-04-06,HDFCBANK.NS,LT.NS,0.5260040059826594
2022-04-07,HDFCBANK.NS,LT.NS,0.5351427887874283
2022-04-08,HDFCBANK.NS,LT.NS,0.5343989255715006
2022-04-11,HDFCBANK.NS,LT.NS,0.5394059611871216
2022-04-12,HDFCBANK.NS,LT.NS,0.5653725406131582
2022-04-13,HDFCBANK.NS,LT.NS,0.5507005895028028
2022-04-18,HDFCBANK.NS,LT.NS,0.5627860189696601
2022-04-19,HDFCBANK.NS,LT.NS,0.5822862532764004
2022-04-20,HDFCBANK.NS,LT.NS,0.5792388879705599
2022-04-21,HDFCBANK.NS,LT.NS,0.5828854213486906
2022-04-22,HDFCBANK.NS,LT.NS,0.600662693994717
2022-04-25,HDFCBANK.NS,LT.NS,0.5796422593605266
2022-04-26,HDFCBANK.NS,LT.NS,0.5762800783740865
2022-04-27,HDFCBANK.NS,LT.NS,0.5729690977590092
2022-04-28,HDFCBANK.NS,LT.NS,0.5619021532148589
2022-04-29,HDFCBANK.NS,LT.NS,0.551729665185992
2022-05-02,HDFCBANK.NS,LT.NS,0.560570524683886
2022-05-04,HDFCBANK.NS,LT.NS,0.5799105489064432
2022-05-05,HDFCBANK.NS,LT.NS,0.5800164031036245
2022-05-06,HDFCBANK.NS,LT.NS,0.5797874613208039
2022-05-09,HDFCBANK.NS,LT.NS,0.5618288002382668
2022-05-10,HDFCBANK.NS,LT.NS,0.5572087742844174
2022-05-11,HDFCBANK.NS,LT.NS,0.541041262017423
2022-05-12,HDFCBANK.NS,LT.NS,0.5459847912215844
2022-05-13,HDFCBANK.NS,LT.NS,0.5433928097132873
2022-05-16,HDFCBANK.NS,LT.NS,0.5300170720402626
2022-05-17,HDFCBANK.NS,LT.NS,0.495681559815454
2022-05-18,HDFCBANK.NS,LT.NS,0.49057779824107284
2022-05-19,HDFCBANK.NS,LT.NS,0.4977569931006048
2022-05-20,HDFCBANK.NS,LT.NS,0.5149278310251466
2022-05-23,HDFCBANK.NS,LT.NS,0.5006897204288119
2022-05-24,HDFCBANK.NS,LT.NS,0.49289635835120604
2022-05-25,HDFCBANK.NS,LT.NS,0.4705503281596445
2022-05-26,HDFCBANK.NS,LT.NS,0.42173890008976483
2022-05-27,HDFCBANK.NS,LT.NS,0.4242293135382694
2022-05-30,HDFCBANK.NS,LT.NS,0.44663047803817635
2022-05-31,HDFCBANK.NS,LT.NS,0.4351376038196434
2022-06-01,HDFCBANK.NS,LT.NS,0.43562545689401333
2022-06-02,HDFCBANK.NS,LT.NS,0.4387013047727077
2022-06-03,HDFCBANK.NS,LT.NS,0.40511556545593336
2022-06-06,HDFCBANK.NS,LT.NS,0.4069665137109045
2022-06-07,HDFCBANK.NS,LT.NS,0.3950327580372986
2022-06-08,HDFCBANK.NS,LT.NS,0.38597257062602564
2022-06-09,HDFCBANK.NS,LT.NS,0.38745350042196103
2022-06-10,HDFCBANK.NS,LT.NS,0.38020959507769697
2022-06-13,HDFCBANK.NS,LT.NS,0.39332245600968474
2022-06-14,HDFCBANK.NS,LT.NS,0.38256071786376306
2022-06-15,HDFCBANK.NS,LT.NS,0.366379078931096
2022-06-16,HDFCBANK.NS,LT.NS,0.38329998988322167
2022-06-17,HDFCBANK.NS,LT.NS,0.36697654088093534
2022-06-20,HDFCBANK.NS,LT.NS,0.35009462108396494
2022-06-21,HDFCBANK.NS,LT.NS,0.36570032342024067
2022-06-22,HDFCBANK.NS,LT.NS,0.36453173589105525
2022-06-23,HDFCBANK.NS,LT.NS,0.36573035085719546
2022-06-24,HDFCBANK.NS,LT.NS,0.36430618584304975
2022-06-27,HDFCBANK.NS,LT.NS,0.3505602022188367
2022-06-28,HDFCBANK.NS,LT.NS,0.3452863240149696
2022-06-29,HDFCBANK.NS,LT.NS,0.3347635012594916
2022-06-30,HDFCBANK.NS,LT.NS,0.30687214194587276
2022-07-01,HDFCBANK.NS,LT.NS,0.3300152680774918
2022-07-04,HDFCBANK.NS,LT.NS,0.3695622033244476
2022-07-05,HDFCBANK.NS,LT.NS,0.3611281186463599
2022-07-06,HDFCBANK.NS,LT.NS,0.35512311436517074
2022-07-07,HDFCBANK.NS,LT.NS,0.3713554378655783
2022-07-08,HDFCBANK.NS,LT.NS,0.35780607602429215
2022-07-11,HDFCBANK.NS,LT.NS,0.36365232854638174
2022-07-12,HDFCBANK.NS,LT.NS,0.36470796291990465
2022-07-13,HDFCBANK.NS,LT.NS,0.34125464100427627
2022-07-14,HDFCBANK.NS,LT.NS,0.3472587985885463
2022-07-15,HDFCBANK.NS,LT.NS,0.3460185979126305
2022-07-18,HDFCBANK.NS,LT.NS,0.314389110790065
2022-07-19,HDFCBANK.NS,LT.NS,0.33007833848186713
2022-07-20,HDFCBANK.NS,LT.NS,0.3291753817734772
2022-07-21,HDFCBANK.NS,LT.NS,0.3195004171544172
2022-07-22,HDFCBANK.NS,LT.NS,0.31834824739480966
2022-07-25,HDFCBANK.NS,LT.NS,0.33166850951732985
2022-07-26,HDFCBANK.NS,LT.NS,0.34442517213270396
2022-07-27,HDFCBANK.NS,LT.NS,0.3087686824358097
2022-07-28,HDFCBANK.NS,LT.NS,0.3082983120027836
2022-07-29,HDFCBANK.NS,LT.NS,0.29856983708962875
2022-08-01,HDFCBANK.NS,LT.NS,0.2987623919889141
2022-08-02,HDFCBANK.NS,LT.NS,0.31960751449602653
2022-08-03,HDFCBANK.NS,LT.NS,0.33277005912342256
2022-08-04,HDFCBANK.NS,LT.NS,0.2944369505396852
2022-08-05,HDFCBANK.NS,LT.NS,0.29775778894380484
2022-08-08,HDFCBANK.NS,LT.NS,0.32113766377907627
2022-08-10,HDFCBANK.NS,LT.NS,0.31853462363277957
2022-08-11,HDFCBANK.NS,LT.NS,0.3199289056514684
2022-08-12,HDFCBANK.NS,LT.NS,0.29886200608639746
2022-08-16,HDFCBANK.NS,LT.NS,0.24021741512495298
2022-08-17,HDFCBANK.NS,LT.NS,0.2725216381707619
2022-08-18,HDFCBANK.NS,LT.NS,0.2818279257712521
2022-08-19,HDFCBANK.NS,LT.NS,0.2783738181918535
2022-08-22,HDFCBANK.NS,LT.NS,0.3542361895936723
2022-08-23,HDFCBANK.NS,LT.NS,0.33492798078164204
2022-08-24,HDFCBANK.NS,LT.NS,0.3301299074657237
2022-08-25,HDFCBANK.NS,LT.NS,0.33125567908273945
2022-08-26,HDFCBANK.NS,LT.NS,0.3316890414792091
2022-08-29,HDFCBANK.NS,LT.NS,0.3436070020574253
2022-08-30,HDFCBANK.NS,LT.NS,0.37491247263517635
2022-09-01,HDFCBANK.NS,LT.NS,0.3780445878326075
2022-09-02,HDFCBANK.NS,LT.NS,0.36103983652676364
2022-09-05,HDFCBANK.NS,LT.NS,0.36587931596863876
2022-09-06,HDFCBANK.NS,LT.NS,0.3674166710758325
2022-09-07,HDFCBANK.NS,LT.NS,0.3612627429766982
2022-09-08,HDFCBANK.NS,LT.NS,0.3147594553304397
2022-09-09,HDFCBANK.NS,LT.NS,0.3232165662353785
2022-09-12,HDFCBANK.NS,LT.NS,0.3259745505925396
2022-09-13,HDFCBANK.NS,LT.NS,0.29217658867549356
2022-09-14,HDFCBANK.NS,LT.NS,0.2875822202788657
2022-09-15,HDFCBANK.NS,LT.NS,0.34805963489789343
2022-09-16,HDFCBANK.NS,LT.NS,0.373829074343097
2022-09-19,HDFCBANK.NS,LT.NS,0.35966921971195637
2022-09-20,HDFCBANK.NS,LT.NS,0.363431266863685
2022-09-21,HDFCBANK.NS,LT.NS,0.3738983315386966
2022-09-22,HDFCBANK.NS,LT.NS,0.38590214843130877
2022-09-23,HDFCBANK.NS,LT.NS,0.4256216235574054
2022-09-26,HDFCBANK.NS,LT.NS,0.4274810380780832
2022-09-27,HDFCBANK.NS,LT.NS,0.4317319032412642
2022-09-28,HDFCBANK.NS,LT.NS,0.4322065353232008
2022-09-29,HDFCBANK.NS,LT.NS,0.4355493163405274
2022-09-30,HDFCBANK.NS,LT.NS,0.4505463474746802
2022-10-03,HDFCBANK.NS,LT.NS,0.47032662372079187
2022-10-04,HDFCBANK.NS,LT.NS,0.4791949852379331
2022-10-06,HDFCBANK.NS,LT.NS,0.485699600936673
2022-10-07,HDFCBANK.NS,LT.NS,0.5004706739073594
2022-10-10,HDFCBANK.NS,LT.NS,0.5021487882877821
2022-10-11,HDFCBANK.NS,LT.NS,0.5124583130112927
2022-10-12,HDFCBANK.NS,LT.NS,0.5143959108266837
2022-10-13,HDFCBANK.NS,LT.NS,0.5211688325611336
2022-10-14,HDFCBANK.NS,LT.NS,0.5787612962499521
2022-10-17,HDFCBANK.NS,LT.NS,0.5650659541199444
2022-10-18,HDFCBANK.NS,LT.NS,0.5533494882353073
2022-10-19,HDFCBANK.NS,LT.NS,0.5689502185478846
2022-10-20,HDFCBANK.NS,LT.NS,0.5827885154001421
2022-10-21,HDFCBANK.NS,LT.NS,0.5861336740465208
2022-10-24,HDFCBANK.NS,LT.NS,0.5999409979457497
2022-10-25,HDFCBANK.NS,LT.NS,0.5757235417062633
2022-10-27,HDFCBANK.NS,LT.NS,0.5769275418535015
2022-10-28,HDFCBANK.NS,LT.NS,0.5790446006852428
2022-10-31,HDFCBANK.NS,LT.NS,0.6010596717449884
2022-11-01,HDFCBANK.NS,LT.NS,0.5906473863797517
2022-11-02,HDFCBANK.NS,LT.NS,0.5903543670799134
2022-11-03,HDFCBANK.NS,LT.NS,0.5912772253171265
2022-11-04,HDFCBANK.NS,LT.NS,0.5901520145553424
2022-11-07,HDFCBANK.NS,LT.NS,0.5682108925944255
2022-11-09,HDFCBANK.NS,LT.NS,0.5683571524859433
2022-11-10,HDFCBANK.NS,LT.NS,0.5451121182753866
2022-11-11,HDFCBANK.NS,LT.NS,0.5438134802578037
2022-11-14,HDFCBANK.NS,LT.NS,0.544240798566258
2022-11-15,HDFCBANK.NS,LT.NS,0.5434112369235283
2022-11-16,HDFCBANK.NS,LT.NS,0.5534553166575715
2022-11-17,HDFCBANK.NS,LT.NS,0.5768941500990479
2022-11-18,HDFCBANK.NS,LT.NS,0.5645383024352444
2022-11-21,HDFCBANK.NS,LT.NS,0.5673356398033821
2022-11-22,HDFCBANK.NS,LT.NS,0.5628568238989123
2022-11-23,HDFCBANK.NS,LT.NS,0.5597983100522429
2022-11-24,HDFCBANK.NS,LT.NS,0.5737551373753074
2022-11-25,HDFCBANK.NS,LT.NS,0.5596802733211123
2022-11-28,HDFCBANK.NS,LT.NS,0.5312419645099737
2022-11-29,HDFCBANK.NS,LT.NS,0.5287092769235922
2022-11-30,HDFCBANK.NS,LT.NS,0.5267456227059957
2022-12-01,HDFCBANK.NS,LT.NS,0.5272508646252657
2022-12-02,HDFCBANK.NS,LT.NS,0.5303281842450378
2022-12-05,HDFCBANK.NS,LT.NS,0.5291810744673439
2022-12-06,HDFCBANK.NS,LT.NS,0.5251813537981717
2022-12-07,HDFCBANK.NS,LT.NS,0.5223563327395374
2022-12-08,HDFCBANK.NS,LT.NS,0.5228926416556448
2022-12-09,HDFCBANK.NS,LT.NS,0.5088770769865824
2022-12-12,HDFCBANK.NS,LT.NS,0.5414329806580497
2022-12-13,HDFCBANK.NS,LT.NS,0.5426207869151257
2022-12-14,HDFCBANK.NS,LT.NS,0.5252707728996552
2022-12-15,HDFCBANK.NS,LT.NS,0.5395006571471813
2022-12-16,HDFCBANK.NS,LT.NS,0.5329843074506223
2022-12-19,HDFCBANK.NS,LT.NS,0.5416839904617116
2022-12-20,HDFCBANK.NS,LT.NS,0.5448648724894938
2022-12-21,HDFCBANK.NS,LT.NS,0.524314719546462
2022-12-22,HDFCBANK.NS,LT.NS,0.5213799280737735
2022-12-23,HDFCBANK.NS,LT.NS,0.5251595494630651
2022-12-26,HDFCBANK.NS,LT.NS,0.5349313880886554
2022-12-27,HDFCBANK.NS,LT.NS,0.5225406229530374
2022-12-28,HDFCBANK.NS,LT.NS,0.5050265964214451
2022-12-29,HDFCBANK.NS,LT.NS,0.49351295415382096
2022-12-30,HDFCBANK.NS,LT.NS,0.45927927250418094
2023-01-02,HDFCBANK.NS,LT.NS,0.5108196544184258
2023-01-03,HDFCBANK.NS,LT.NS,0.5151136483026222
2023-01-04,HDFCBANK.NS,LT.NS,0.5179548268255966
2023-01-05,HDFCBANK.NS,LT.NS,0.4944526684272191
2023-01-06,HDFCBANK.NS,LT.NS,0.4950870817968381
2023-01-09,HDFCBANK.NS,LT.NS,0.46958529518431413
2023-01-10,HDFCBANK.NS,LT.NS,0.44533969807115065
2023-01-11,HDFCBANK.NS,LT.NS,0.4704733253494697
2023-01-12,HDFCBANK.NS,LT.NS,0.48894419202026185
2023-01-13,HDFCBANK.NS,LT.NS,0.5051353842670613
2023-01-16,HDFCBANK.NS,LT.NS,0.5122936774308007
2023-01-17,HDFCBANK.NS,LT.NS,0.5176559266461128
2023-01-18,HDFCBANK.NS,LT.NS,0.5247996486972264
2023-01-19,HDFCBANK.NS,LT.NS,0.5608131178258293
2023-01-20,HDFCBANK.NS,LT.NS,0.539647452875705
2023-01-23,HDFCBANK.NS,LT.NS,0.529278985960482
2023-01-24,HDFCBANK.NS,LT.NS,0.4620603054812282
2023-01-25,HDFCBANK.NS,LT.NS,0.49444314889249746
2023-01-27,HDFCBANK.NS,LT.NS,0.501853614578213
2023-01-30,HDFCBANK.NS,LT.NS,0.4896277789427235
2023-01-31,HDFCBANK.NS,LT.NS,0.48720965684903833
2023-02-01,HDFCBANK.NS,LT.NS,0.49526628062850303
2023-02-02,HDFCBANK.NS,LT.NS,0.49154707775726003
2023-02-03,HDFCBANK.NS,LT.NS,0.518681347251079
2023-02-06,HDFCBANK.NS,LT.NS,0.5152505636551956
2023-02-07,HDFCBANK.NS,LT.NS,0.5190183528618773
2023-02-08,HDFCBANK.NS,LT.NS,0.51146019329819
2023-02-09,HDFCBANK.NS,LT.NS,0.5076728258035539
2023-02-10,HDFCBANK.NS,LT.NS,0.5321809158031195
2023-02-13,HDFCBANK.NS,LT.NS,0.5223017020063656
2023-02-14,HDFCBANK.NS,LT.NS,0.5048614136783012
2023-02-15,HDFCBANK.NS,LT.NS,0.5100548502438885
2023-02-16,HDFCBANK.NS,LT.NS,0.5106332375620772
2023-02-17,HDFCBANK.NS,LT.NS,0.46831780482377255
2023-02-20,HDFCBANK.NS,LT.NS,0.4710138596295221
2023-02-21,HDFCBANK.NS,LT.NS,0.474472784321876
2023-02-22,HDFCBANK.NS,LT.NS,0.4968325398840565
2023-02-23,HDFCBANK.NS,LT.NS,0.49765230821582246
2023-02-24,HDFCBANK.NS,LT.NS,0.49923637153411116
2023-02-27,HDFCBANK.NS,LT.NS,0.4882825661922656
2023-02-28,HDFCBANK.NS,LT.NS,0.4867125600182077
2023-03-01,HDFCBANK.NS,LT.NS,0.48704525182777986
2023-03-02,HDFCBANK.NS,LT.NS,0.48785715208536745
2023-03-03,HDFCBANK.NS,LT.NS,0.5038013751844495
2023-03-06,HDFCBANK.NS,LT.NS,0.5054532497719069
2023-03-08,HDFCBANK.NS,LT.NS,0.501268035981457
2023-03-09,HDFCBANK.NS,LT.NS,0.49769615754355884
2023-03-10,HDFCBANK.NS,LT.NS,0.5139545486207805
2023-03-13,HDFCBANK.NS,LT.NS,0.5166944696860094
2023-03-14,HDFCBANK.NS,LT.NS,0.5161936091119638
2023-03-15,HDFCBANK.NS,LT.NS,0.47778632090726975
2023-03-16,HDFCBANK.NS,LT.NS,0.47140687041953944
2023-03-17,HDFCBANK.NS,LT.NS,0.47491521697691025
2023-03-20,HDFCBANK.NS,LT.NS,0.4808154244904547
2023-03-21,HDFCBANK.NS,LT.NS,0.48389732962373216
2023-03-22,HDFCBANK.NS,LT.NS,0.46844029090332234
2023-03-23,HDFCBANK.NS,LT.NS,0.47392600601006996
2023-03-24,HDFCBANK.NS,LT.NS,0.4656959941710749
2023-03-27,HDFCBANK.NS,LT.NS,0.467749364770302
2023-03-28,HDFCBANK.NS,LT.NS,0.4461865362660121
2023-03-29,HDFCBANK.NS,LT.NS,0.44829942003919904
2023-03-31,HDFCBANK.NS,LT.NS,0.45591805237612115
2023-04-03,HDFCBANK.NS,LT.NS,0.44628224243666714
2023-04-05,HDFCBANK.NS,LT.NS,0.5157437975012463
2023-04-06,HDFCBANK.NS,LT.NS,0.5176401807343145
2023-04-10,HDFCBANK.NS,LT.NS,0.5070104279057573
2023-04-11,HDFCBANK.NS,LT.NS,0.4995919957239394
2023-04-12,HDFCBANK.NS,LT.NS,0.47962480167488414
2023-04-13,HDFCBANK.NS,LT.NS,0.4674085709374589
2023-04-17,HDFCBANK.NS,LT.NS,0.48709219931738384
2023-04-18,HDFCBANK.NS,LT.NS,0.48141722101499096
2023-04-19,HDFCBANK.NS,LT.NS,0.46095744420388074
2023-04-20,HDFCBANK.NS,LT.NS,0.4347122898872439
2023-04-21,HDFCBANK.NS,LT.NS,0.43108295823651566
2023-04-24,HDFCBANK.NS,LT.NS,0.4527569707763415
2023-04-25,HDFCBANK.NS,LT.NS,0.4388298349809028
2023-04-26,HDFCBANK.NS,LT.NS,0.47147666074879685
2023-04-27,HDFCBANK.NS,LT.NS,0.44935786989642557
2023-04-28,HDFCBANK.NS,LT.NS,0.43743063194768234
2023-05-02,HDFCBANK.NS,LT.NS,0.44444227088285065
2023-05-03,HDFCBANK.NS,LT.NS,0.4399183325122874
2023-05-04,HDFCBANK.NS,LT.NS,0.41567185655337324
2023-05-05,HDFCBANK.NS,LT.NS,0.28671393130574024
2023-05-08,HDFCBANK.NS,LT.NS,0.26033168209248164
2023-05-09,HDFCBANK.NS,LT.NS,0.25798210552598155
2023-05-10,HDFCBANK.NS,LT.NS,0.25368107668607887
2023-05-11,HDFCBANK.NS,LT.NS,0.2179490750011079
2023-05-12,HDFCBANK.NS,LT.NS,0.2090469472305789
2023-05-15,HDFCBANK.NS,LT.NS,0.21070239002104038
2023-05-16,HDFCBANK.NS,LT.NS,0.21724783449400495
2023-05-17,HDFCBANK.NS,LT.NS,0.22551935412900584
2023-05-18,HDFCBANK.NS,LT.NS,0.21621937293233195
2023-05-19,HDFCBANK.NS,LT.NS,0.21695341847546662
2023-05-22,HDFCBANK.NS,LT.NS,0.2278287878076602
2023-05-23,HDFCBANK.NS,LT.NS,0.23005363677568635
2023-05-24,HDFCBANK.NS,LT.NS,0.23447381591037594
2023-05-25,HDFCBANK.NS,LT.NS,0.20491714690874033
2023-05-26,HDFCBANK.NS,LT.NS,0.1973496223049931
2023-05-29,HDFCBANK.NS,LT.NS,0.18824229851717278
2023-05-30,HDFCBANK.NS,LT.NS,0.1907943648952177
2023-05-31,HDFCBANK.NS,LT.NS,0.19475394955922337
2023-06-01,HDFCBANK.NS,LT.NS,0.1948017330642115
2023-06-02,HDFCBANK.NS,LT.NS,0.19786813838253955
2023-06-05,HDFCBANK.NS,LT.NS,0.17083639738429743
2023-06-06,HDFCBANK.NS,LT.NS,0.17504819821399822
2023-06-07,HDFCBANK.NS,LT.NS,0.18010478265918214
2023-06-08,HDFCBANK.NS,LT.NS,0.1805919588982327
2023-06-09,HDFCBANK.NS,LT.NS,0.13883407085820093
2023-06-12,HDFCBANK.NS,LT.NS,0.1294338108729588
2023-06-13,HDFCBANK.NS,LT.NS,0.1312559094480965
2023-06-14,HDFCBANK.NS,LT.NS,0.1595001622653935
2023-06-15,HDFCBANK.NS,LT.NS,0.15811977341774525
2023-06-16,HDFCBANK.NS,LT.NS,0.14680208257769903
2023-06-19,HDFCBANK.NS,LT.NS,0.1392232142033309
2023-06-20,HDFCBANK.NS,LT.NS,0.125531981567124
2023-06-21,HDFCBANK.NS,LT.NS,0.13133231497207182
2023-06-22,HDFCBANK.NS,LT.NS,0.13005590056378002
2023-06-23,HDFCBANK.NS,LT.NS,0.12703518950797302
2023-06-26,HDFCBANK.NS,LT.NS,0.1346678144773169
2023-06-27,HDFCBANK.NS,LT.NS,0.14838802516419053
2023-06-28,HDFCBANK.NS,LT.NS,0.15826367911027642
2023-06-30,HDFCBANK.NS,LT.NS,0.17932791169482926
2023-07-03,HDFCBANK.NS,LT.NS,0.1651261308639175
2023-07-04,HDFCBANK.NS,LT.NS,0.05800845687941386
2023-07-05,HDFCBANK.NS,LT.NS,0.04077880234009435
2023-07-06,HDFCBANK.NS,LT.NS,0.050844881934424296
2023-07-07,HDFCBANK.NS,LT.NS,0.07010544151697007
2023-07-10,HDFCBANK.NS,LT.NS,0.08333729902322821
2023-07-11,HDFCBANK.NS,LT.NS,0.08378249014471204
2023-07-12,HDFCBANK.NS,LT.NS,0.05628514031879367
2023-07-13,HDFCBANK.NS,LT.NS,0.05351565091826405
2023-07-14,HDFCBANK.NS,LT.NS,0.05542893322866349
2023-07-17,HDFCBANK.NS,LT.NS,0.04398425100707154
2023-07-18,HDFCBANK.NS,LT.NS,0.04575548223449626
2023-07-19,HDFCBANK.NS,LT.NS,0.04481864050979441
2023-07-20,HDFCBANK.NS,LT.NS,0.057077912304124415
2023-07-21,HDFCBANK.NS,LT.NS,0.012495439926711727
2023-07-24,HDFCBANK.NS,LT.NS,0.006699142027893335
2023-07-25,HDFCBANK.NS,LT.NS,-0.027173454897379306
2023-07-26,HDFCBANK.NS,LT.NS,-0.03894721212160003
2023-07-27,HDFCBANK.NS,LT.NS,-0.037865015298033676
2023-07-28,HDFCBANK.NS,LT.NS,-0.021719109516758
2023-07-31,HDFCBANK.NS,LT.NS,0.037587722672280444
2023-08-01,HDFCBANK.NS,LT.NS,0.0428204996639703
2023-08-02,HDFCBANK.NS,LT.NS,0.056798016348537934
2023-08-03,HDFCBANK.NS,LT.NS,0.07221669590447469
2023-08-04,HDFCBANK.NS,LT.NS,0.11097635178296902
2023-08-07,HDFCBANK.NS,LT.NS,0.13181485715472202
2023-08-08,HDFCBANK.NS,LT.NS,0.1260897649173974
2023-08-09,HDFCBANK.NS,LT.NS,0.11590544151526488
2023-08-10,HDFCBANK.NS,LT.NS,0.11886969068258284
2023-08-11,HDFCBANK.NS,LT.NS,0.14278400638606098
2023-08-14,HDFCBANK.NS,LT.NS,0.1391389324595972
2023-08-16,HDFCBANK.NS,LT.NS,0.14044075880886933
2023-08-17,HDFCBANK.NS,LT.NS,0.15023016723488572
2023-08-18,HDFCBANK.NS,LT.NS,0.13704667439164772
2023-08-21,HDFCBANK.NS,LT.NS,0.14053420864997743
2023-08-22,HDFCBANK.NS,LT.NS,0.1363988362443618
2023-08-23,HDFCBANK.NS,LT.NS,0.14453346054905836
2023-08-24,HDFCBANK.NS,LT.NS,0.15578596759402485
2023-08-25,HDFCBANK.NS,LT.NS,0.17850288254613228
2023-08-28,HDFCBANK.NS,LT.NS,0.20415374645682854
2023-08-29,HDFCBANK.NS,LT.NS,0.2081000731996666
2023-08-30,HDFCBANK.NS,LT.NS,0.21901497437658266
2023-08-31,HDFCBANK.NS,LT.NS,0.22288596908243138
2023-09-01,HDFCBANK.NS,LT.NS,0.21226967098890018
2023-09-04,HDFCBANK.NS,LT.NS,0.2117667960624457
2023-09-05,HDFCBANK.NS,LT.NS,0.20432672035480023
2023-09-06,HDFCBANK.NS,LT.NS,0.18278993951859984
2023-09-07,HDFCBANK.NS,LT.NS,0.2200988494424184
2023-09-08,HDFCBANK.NS,LT.NS,0.233126815067638
2023-09-11,HDFCBANK.NS,LT.NS,0.22924792356074622
2023-09-12,HDFCBANK.NS,LT.NS,0.2385230142107404
2023-09-13,HDFCBANK.NS,LT.NS,0.22555081628263743
2023-09-14,HDFCBANK.NS,LT.NS,0.22490447956339998
2023-09-15,HDFCBANK.NS,LT.NS,0.21214186271552107
2023-09-18,HDFCBANK.NS,LT.NS,0.19965379948031414
2023-09-20,HDFCBANK.NS,LT.NS,0.24525985197059555
2023-09-21,HDFCBANK.NS,LT.NS,0.24169544943997467
2023-09-22,HDFCBANK.NS,LT.NS,0.23495109675545936
2023-09-25,HDFCBANK.NS,LT.NS,0.21875453881183501
2023-09-26,HDFCBANK.NS,LT.NS,0.18459793725182527
2023-09-27,HDFCBANK.NS,LT.NS,0.19548496181692784
2023-09-28,HDFCBANK.NS,LT.NS,0.1949015181328442
2023-09-29,HDFCBANK.NS,LT.NS,0.21109766426316928
2023-10-03,HDFCBANK.NS,LT.NS,0.18700516136774575
2023-10-04,HDFCBANK.NS,LT.NS,0.12239247912525035
2023-10-05,HDFCBANK.NS,LT.NS,0.13271717932464938
2023-10-06,HDFCBANK.NS,LT.NS,0.13892004102669725
2023-10-09,HDFCBANK.NS,LT.NS,0.1398368602303124
2023-10-10,HDFCBANK.NS,LT.NS,0.14161797492661152
2023-10-11,HDFCBANK.NS,LT.NS,0.1384485119436011
2023-10-12,HDFCBANK.NS,LT.NS,0.15389430284887667
2023-10-13,HDFCBANK.NS,LT.NS,0.15474380850882408
2023-10-16,HDFCBANK.NS,LT.NS,0.15188296254408337
2023-10-17,HDFCBANK.NS,LT.NS,0.13241822027741532
2023-10-18,HDFCBANK.NS,LT.NS,0.1917108955180048
2023-10-19,HDFCBANK.NS,LT.NS,0.18997562772182142
2023-10-20,HDFCBANK.NS,LT.NS,0.2140564633447164
2023-10-23,HDFCBANK.NS,LT.NS,0.257584992579933
2023-10-25,HDFCBANK.NS,LT.NS,0.27022107162025916
2023-10-26,HDFCBANK.NS,LT.NS,0.30576991876337517
2023-10-27,HDFCBANK.NS,LT.NS,0.30530262017803667
2023-10-30,HDFCBANK.NS,LT.NS,0.3248802382296593
2023-10-31,HDFCBANK.NS,LT.NS,0.31725292930207444
2023-11-01,HDFCBANK.NS,LT.NS,0.3071063168466661
2023-11-02,HDFCBANK.NS,LT.NS,0.29520548804284547
2023-11-03,HDFCBANK.NS,LT.NS,0.28937183577249515
2023-11-06,HDFCBANK.NS,LT.NS,0.30751351616381123
2023-11-07,HDFCBANK.NS,LT.NS,0.30864687028323
2023-11-08,HDFCBANK.NS,LT.NS,0.30931846418687947
2023-11-09,HDFCBANK.NS,LT.NS,0.30255423403327564
2023-11-10,HDFCBANK.NS,LT.NS,0.30619813557143233
2023-11-13,HDFCBANK.NS,LT.NS,0.3099460429815562
2023-11-15,HDFCBANK.NS,LT.NS,0.3059307043563851
2023-11-16,HDFCBANK.NS,LT.NS,0.2989122884539751
2023-11-17,HDFCBANK.NS,LT.NS,0.29124172344234117
2023-11-20,HDFCBANK.NS,LT.NS,0.291020875715877
2023-11-21,HDFCBANK.NS,LT.NS,0.2757682897327827
2023-11-22,HDFCBANK.NS,LT.NS,0.271092449529138
2023-11-23,HDFCBANK.NS,LT.NS,0.2288198270689713
2023-11-24,HDFCBANK.NS,LT.NS,0.20347479724340037
2023-11-28,HDFCBANK.NS,LT.NS,0.19716551866172183
2023-11-29,HDFCBANK.NS,LT.NS,0.21194122685126446
2023-11-30,HDFCBANK.NS,LT.NS,0.2088499931952037
2023-12-01,HDFCBANK.NS,LT.NS,0.19538250973061674
2023-12-04,HDFCBANK.NS,LT.NS,0.3192206143291656
2023-12-05,HDFCBANK.NS,LT.NS,0.3196842421935959
2023-12-06,HDFCBANK.NS,LT.NS,0.32908605559860976
2023-12-07,HDFCBANK.NS,LT.NS,0.3051868357273805
2023-12-08,HDFCBANK.NS,LT.NS,0.29773037510132333
2023-12-11,HDFCBANK.NS,LT.NS,0.30223912012689375
2023-12-12,HDFCBANK.NS,LT.NS,0.31471238789368877
2023-12-13,HDFCBANK.NS,LT.NS,0.31956163208969174
2023-12-14,HDFCBANK.NS,LT.NS,0.3266380791584537
2023-12-15,HDFCBANK.NS,LT.NS,0.3431571075785008
2023-12-18,HDFCBANK.NS,LT.NS,0.3558325765717622
2023-12-19,HDFCBANK.NS,LT.NS,0.3299649832582058
2023-12-20,HDFCBANK.NS,LT.NS,0.31318630920759033
2023-12-21,HDFCBANK.NS,LT.NS,0.3205927608235346
2023-12-22,HDFCBANK.NS,LT.NS,0.29244008887569617
2023-12-26,HDFCBANK.NS,LT.NS,0.29195333635658755
2023-12-27,HDFCBANK.NS,LT.NS,0.33222285770981924
2023-12-28,HDFCBANK.NS,LT.NS,0.34229048220209796
2023-12-29,HDFCBANK.NS,LT.NS,0.3423857199797188
2024-01-01,HDFCBANK.NS,LT.NS,0.3846703761633415
2024-01-02,HDFCBANK.NS,LT.NS,0.41966240111629505
2024-01-03,HDFCBANK.NS,LT.NS,0.4130192469426114
2024-01-04,HDFCBANK.NS,LT.NS,0.41346889349451366
2024-01-05,HDFCBANK.NS,LT.NS,0.38039675626246466
2024-01-08,HDFCBANK.NS,LT.NS,0.3903500703887733
2024-01-09,HDFCBANK.NS,LT.NS,0.3655157818516641
2024-01-10,HDFCBANK.NS,LT.NS,0.36844399810027545
2024-01-11,HDFCBANK.NS,LT.NS,0.3789325141186797
2024-01-12,HDFCBANK.NS,LT.NS,0.3608278972212053
2024-01-15,HDFCBANK.NS,LT.NS,0.3403202262885901
2024-01-16,HDFCBANK.NS,LT.NS,0.3298192434784898
2024-01-17,HDFCBANK.NS,LT.NS,0.23722498910045503
2024-01-18,HDFCBANK.NS,LT.NS,0.2256671067875052
2024-01-19,HDFCBANK.NS,LT.NS,0.19891383145274882
2024-01-23,HDFCBANK.NS,LT.NS,0.2530964247328328
2024-01-24,HDFCBANK.NS,LT.NS,0.23076579795080354
2024-01-25,HDFCBANK.NS,LT.NS,0.23018500270225695
2024-01-29,HDFCBANK.NS,LT.NS,0.2494898437949967
2024-01-30,HDFCBANK.NS,LT.NS,0.25461873373713134
2024-01-31,HDFCBANK.NS,LT.NS,0.18684282957894402
2024-02-01,HDFCBANK.NS,LT.NS,0.17612444211641362
2024-02-02,HDFCBANK.NS,LT.NS,0.18560562412025797
2024-02-05,HDFCBANK.NS,LT.NS,0.1770418046150808
2024-02-06,HDFCBANK.NS,LT.NS,0.17154749780493705
2024-02-07,HDFCBANK.NS,LT.NS,0.17603099089737723
2024-02-08,HDFCBANK.NS,LT.NS,0.19874701436726885
2024-02-09,HDFCBANK.NS,LT.NS,0.19790240419217714
2024-02-12,HDFCBANK.NS,LT.NS,0.2026925484805756
2024-02-13,HDFCBANK.NS,LT.NS,0.20172697150720822
2024-02-14,HDFCBANK.NS,LT.NS,0.20556061255207433
2024-02-15,HDFCBANK.NS,LT.NS,0.19939519417267332
2024-02-16,HDFCBANK.NS,LT.NS,0.20422513584784907
2024-02-19,HDFCBANK.NS,LT.NS,0.2083434387315832
2024-02-20,HDFCBANK.NS,LT.NS,0.21012382713311178
2024-02-21,HDFCBANK.NS,LT.NS,0.2266350882454356
2024-02-22,HDFCBANK.NS,LT.NS,0.20689012673260174
2024-02-23,HDFCBANK.NS,LT.NS,0.20715334126884663
2024-02-26,HDFCBANK.NS,LT.NS,0.19803784914975026
2024-02-27,HDFCBANK.NS,LT.NS,0.19730089093750028
2024-02-28,HDFCBANK.NS,LT.NS,0.20619096654585173
2024-02-29,HDFCBANK.NS,LT.NS,0.12719855321001353
2024-03-01,HDFCBANK.NS,LT.NS,0.18110273003382163
2024-03-04,HDFCBANK.NS,LT.NS,0.17773413967985455
2024-03-05,HDFCBANK.NS,LT.NS,0.17546110390766467
2024-03-06,HDFCBANK.NS,LT.NS,0.17234803369909665
2024-03-07,HDFCBANK.NS,LT.NS,0.17432880477353013
2024-03-11,HDFCBANK.NS,LT.NS,0.17504416535261927
2024-03-12,HDFCBANK.NS,LT.NS,0.1625205068887442
2024-03-13,HDFCBANK.NS,LT.NS,0.14876247355713704
2024-03-14,HDFCBANK.NS,LT.NS,0.14046642089292258
2024-03-15,HDFCBANK.NS,LT.NS,0.13837428142535607
2024-03-18,HDFCBANK.NS,LT.NS,0.13708412919446072
2024-03-19,HDFCBANK.NS,LT.NS,0.14039747180964707
2024-03-20,HDFCBANK.NS,LT.NS,0.13909335925457117
2024-03-21,HDFCBANK.NS,LT.NS,0.15759677134587655
2024-03-22,HDFCBANK.NS,LT.NS,0.15541368273342104
2024-03-26,HDFCBANK.NS,LT.NS,0.13270430902695207
2024-03-27,HDFCBANK.NS,LT.NS,0.1421490799414882
2024-03-28,HDFCBANK.NS,LT.NS,0.14794497021071062
2024-04-01,HDFCBANK.NS,LT.NS,0.16587411412996697
2024-04-02,HDFCBANK.NS,LT.NS,0.168096230056246
2024-04-03,HDFCBANK.NS,LT.NS,0.1657468747200173
2024-04-04,HDFCBANK.NS,LT.NS,0.16313629847591254
2024-04-05,HDFCBANK.NS,LT.NS,0.1502034554623308
2024-04-08,HDFCBANK.NS,LT.NS,0.1442976425659988
2024-04-09,HDFCBANK.NS,LT.NS,0.15037088273259344
2024-04-10,HDFCBANK.NS,LT.NS,0.15518545660006855
2024-04-12,HDFCBANK.NS,LT.NS,0.16425292395723237
2024-04-15,HDFCBANK.NS,LT.NS,0.18611760167861074
2024-04-16,HDFCBANK.NS,LT.NS,0.1849534741745281
2024-04-18,HDFCBANK.NS,LT.NS,0.18122452296190208
2024-04-19,HDFCBANK.NS,LT.NS,0.2087922693243246
2024-04-22,HDFCBANK.NS,LT.NS,0.20678081838380083
2024-04-23,HDFCBANK.NS,LT.NS,0.22200263390531047
2024-04-24,HDFCBANK.NS,LT.NS,0.16888714318245304
2024-04-25,HDFCBANK.NS,LT.NS,0.15461414747195099
2024-04-26,HDFCBANK.NS,LT.NS,0.1591976588084534
2024-04-29,HDFCBANK.NS,LT.NS,0.13427965402883438
2024-04-30,HDFCBANK.NS,LT.NS,0.1275256742071566
2024-05-02,HDFCBANK.NS,LT.NS,0.19050329858756723
2024-05-03,HDFCBANK.NS,LT.NS,0.21887926355822396
2024-05-06,HDFCBANK.NS,LT.NS,0.20942530602331663
2024-05-07,HDFCBANK.NS,LT.NS,0.2185878384932569
2024-05-08,HDFCBANK.NS,LT.NS,0.1920081790041547
2024-05-09,HDFCBANK.NS,LT.NS,0.2854909197821528
2024-05-10,HDFCBANK.NS,LT.NS,0.2637666424233421
2024-05-13,HDFCBANK.NS,LT.NS,0.26820325388762445
2024-05-14,HDFCBANK.NS,LT.NS,0.26443892246459744
2024-05-15,HDFCBANK.NS,LT.NS,0.24578331773632628
2024-05-16,HDFCBANK.NS,LT.NS,0.25601989021542987
2024-05-17,HDFCBANK.NS,LT.NS,0.2690529381853006
2024-05-21,HDFCBANK.NS,LT.NS,0.2678312632416252
2024-05-22,HDFCBANK.NS,LT.NS,0.265648144507976
2024-05-23,HDFCBANK.NS,LT.NS,0.3185196123477452
2024-05-24,HDFCBANK.NS,LT.NS,0.3126177563333539
2024-05-27,HDFCBANK.NS,LT.NS,0.3481585328714611
2024-05-28,HDFCBANK.NS,LT.NS,0.34892586180891116
2024-05-29,HDFCBANK.NS,LT.NS,0.3593330660588497
2024-05-30,HDFCBANK.NS,LT.NS,0.362577064961669
2024-05-31,HDFCBANK.NS,LT.NS,0.3611374559847361
2024-06-03,HDFCBANK.NS,LT.NS,0.4324587530658423
2024-06-04,HDFCBANK.NS,LT.NS,0.6205051390338241
2024-06-05,HDFCBANK.NS,LT.NS,0.5762538601579409
2024-06-06,HDFCBANK.NS,LT.NS,0.5779043474535865
2024-06-07,HDFCBANK.NS,LT.NS,0.5806481636709574
2024-06-10,HDFCBANK.NS,LT.NS,0.5776139643035907
2024-06-11,HDFCBANK.NS,LT.NS,0.5746672504534799
2024-06-12,HDFCBANK.NS,LT.NS,0.590375522111836
2024-06-13,HDFCBANK.NS,LT.NS,0.5929935951029531
2024-06-14,HDFCBANK.NS,LT.NS,0.5973557495407307
2024-06-18,HDFCBANK.NS,LT.NS,0.5969258319275667
2024-06-19,HDFCBANK.NS,LT.NS,0.5383866623437535
2024-06-20,HDFCBANK.NS,LT.NS,0.541205567432194
2024-06-21,HDFCBANK.NS,LT.NS,0.5482768081663583
2024-06-24,HDFCBANK.NS,LT.NS,0.5459949521601223
2024-06-25,HDFCBANK.NS,LT.NS,0.5565942112995759
2024-06-26,HDFCBANK.NS,LT.NS,0.5697801460486054
2024-06-27,HDFCBANK.NS,LT.NS,0.5696567573399075
2024-06-28,HDFCBANK.NS,LT.NS,0.5699579367573047
2024-07-01,HDFCBANK.NS,LT.NS,0.5598790211347864
2024-07-02,HDFCBANK.NS,LT.NS,0.5680876744655423
2024-07-03,HDFCBANK.NS,LT.NS,0.5580848424078146
2024-07-04,HDFCBANK.NS,LT.NS,0.5661686787928017
2024-07-05,HDFCBANK.NS,LT.NS,0.5035102285619099
2024-07-08,HDFCBANK.NS,LT.NS,0.5064452673682921
2024-07-09,HDFCBANK.NS,LT.NS,0.5057486910336377
2024-07-10,HDFCBANK.NS,LT.NS,0.5046561912218931
2024-07-11,HDFCBANK.NS,LT.NS,0.49995171453433
2024-07-12,HDFCBANK.NS,LT.NS,0.4909363750792171
2024-07-15,HDFCBANK.NS,LT.NS,0.4999361531911067
2024-07-16,HDFCBANK.NS,LT.NS,0.5029524496101337
2024-07-18,HDFCBANK.NS,LT.NS,0.5216394086887867
2024-07-19,HDFCBANK.NS,LT.NS,0.5481947225116378
2024-07-22,HDFCBANK.NS,LT.NS,0.5480639998639429
2024-07-23,HDFCBANK.NS,LT.NS,0.5578475529383958
2024-07-24,HDFCBANK.NS,LT.NS,0.5587640745091083
2024-07-25,HDFCBANK.NS,LT.NS,0.5596285526698176
2024-07-26,HDFCBANK.NS,LT.NS,0.5562751393119496
2024-07-29,HDFCBANK.NS,LT.NS,0.5380096727038157
2024-07-30,HDFCBANK.NS,LT.NS,0.5385438727444419
2024-07-31,HDFCBANK.NS,LT.NS,0.5339851538251297
2024-08-01,HDFCBANK.NS,LT.NS,0.5254133076298864
2024-08-02,HDFCBANK.NS,LT.NS,0.4985623327919278
2024-08-05,HDFCBANK.NS,LT.NS,0.5394238022018176
2024-08-06,HDFCBANK.NS,LT.NS,0.5021076738305355
2024-08-07,HDFCBANK.NS,LT.NS,0.507241206525814
2024-08-08,HDFCBANK.NS,LT.NS,0.4897640613449425
2024-08-09,HDFCBANK.NS,LT.NS,0.49261579966203745
2024-08-12,HDFCBANK.NS,LT.NS,0.5028715073410669
2024-08-13,HDFCBANK.NS,LT.NS,0.4888120232727414
2024-08-14,HDFCBANK.NS,LT.NS,0.48886510245968595
2024-08-16,HDFCBANK.NS,LT.NS,0.48888203501608696
2024-08-19,HDFCBANK.NS,LT.NS,0.48968970757643143
2024-08-20,HDFCBANK.NS,LT.NS,0.4732386196578113
2024-08-21,HDFCBANK.NS,LT.NS,0.4662389739453248
2024-08-22,HDFCBANK.NS,LT.NS,0.4654374148563764
2024-08-23,HDFCBANK.NS,LT.NS,0.46553952874898646
2024-08-26,HDFCBANK.NS,LT.NS,0.46700877175782285
2024-08-27,HDFCBANK.NS,LT.NS,0.46312846423162823
2024-08-28,HDFCBANK.NS,LT.NS,0.46136827748490755
2024-08-29,HDFCBANK.NS,LT.NS,0.42536994426719466
2024-08-30,HDFCBANK.NS,LT.NS,0.1117849931013377
2024-09-02,HDFCBANK.NS,LT.NS,0.12689252407843732
2024-09-03,HDFCBANK.NS,LT.NS,0.12124259731773832
2024-09-04,HDFCBANK.NS,LT.NS,0.10953964225690993
2024-09-05,HDFCBANK.NS,LT.NS,0.11067799756989297
2024-09-06,HDFCBANK.NS,LT.NS,0.11686054284711771
2024-09-09,HDFCBANK.NS,LT.NS,0.11337305092136568
2024-09-10,HDFCBANK.NS,LT.NS,0.10946266106797946
2024-09-11,HDFCBANK.NS,LT.NS,0.11950619643159759
2024-09-12,HDFCBANK.NS,LT.NS,0.14556849462601457
2024-09-13,HDFCBANK.NS,LT.NS,0.24396119167790833
2024-09-16,HDFCBANK.NS,LT.NS,0.24116321499193033
2024-09-17,HDFCBANK.NS,LT.NS,0.23851970663502833
2024-09-18,HDFCBANK.NS,LT.NS,0.24904323249470414
2024-09-19,HDFCBANK.NS,LT.NS,0.20856834388794998
2024-09-20,HDFCBANK.NS,LT.NS,0.2540062062098216
2024-09-23,HDFCBANK.NS,LT.NS,0.24716441438019962
2024-09-24,HDFCBANK.NS,LT.NS,0.2436183218087459
2024-09-25,HDFCBANK.NS,LT.NS,0.2543005054080593
2024-09-26,HDFCBANK.NS,LT.NS,0.2225224623448686
2024-09-27,HDFCBANK.NS,LT.NS,0.2601138316537765
2024-09-30,HDFCBANK.NS,LT.NS,0.24843593811001013
2024-10-01,HDFCBANK.NS,LT.NS,0.3821066601618811
2024-10-03,HDFCBANK.NS,LT.NS,0.46212683665212734
2024-10-04,HDFCBANK.NS,LT.NS,0.45663820054907117
2024-10-07,HDFCBANK.NS,LT.NS,0.45302393362826027
2024-10-08,HDFCBANK.NS,LT.NS,0.47275120793889586
2024-10-09,HDFCBANK.NS,LT.NS,0.48105352949880426
2024-10-10,HDFCBANK.NS,LT.NS,0.4589110469128439
2024-10-11,HDFCBANK.NS,LT.NS,0.4510817594337622
2024-10-14,HDFCBANK.NS,LT.NS,0.4774664222076414
2024-10-15,HDFCBANK.NS,LT.NS,0.47483691161569347
2024-10-16,HDFCBANK.NS,LT.NS,0.46320064311606735
2024-10-17,HDFCBANK.NS,LT.NS,0.4130325877834648
2024-10-18,HDFCBANK.NS,LT.NS,0.41076368236706245
2024-10-21,HDFCBANK.NS,LT.NS,0.394473202889421
2024-10-22,HDFCBANK.NS,LT.NS,0.4094422605249035
2024-10-23,HDFCBANK.NS,LT.NS,0.42586105561724386
2024-10-24,HDFCBANK.NS,LT.NS,0.42209487565417686
2024-10-25,HDFCBANK.NS,LT.NS,0.42138169740802917
2024-10-28,HDFCBANK.NS,LT.NS,0.4299476112461342
2024-10-29,HDFCBANK.NS,LT.NS,0.4879899954030503
2024-10-30,HDFCBANK.NS,LT.NS,0.41579761310175767
2024-10-31,HDFCBANK.NS,LT.NS,0.36619716674472896
2024-11-01,HDFCBANK.NS,LT.NS,0.35285963280835964
2024-11-04,HDFCBANK.NS,LT.NS,0.4003686139131103
2024-11-05,HDFCBANK.NS,LT.NS,0.3843351357453247
2024-11-06,HDFCBANK.NS,LT.NS,0.3777681361503456
2024-11-07,HDFCBANK.NS,LT.NS,0.38669071268003957
2024-11-08,HDFCBANK.NS,LT.NS,0.38774753131527656
2024-11-11,HDFCBANK.NS,LT.NS,0.3780167386500006
2024-11-12,HDFCBANK.NS,LT.NS,0.385797666774406
2024-11-13,HDFCBANK.NS,LT.NS,0.39677543743653415
2024-11-14,HDFCBANK.NS,LT.NS,0.3989080221001566
2024-11-18,HDFCBANK.NS,LT.NS,0.39998715949046376
2024-11-19,HDFCBANK.NS,LT.NS,0.36973132246729684
2024-11-21,HDFCBANK.NS,LT.NS,0.36445823356854884
2024-11-22,HDFCBANK.NS,LT.NS,0.36083703889594154
2024-11-25,HDFCBANK.NS,LT.NS,0.4050783238770721
2024-11-26,HDFCBANK.NS,LT.NS,0.4043642216578188
2024-11-27,HDFCBANK.NS,LT.NS,0.40094641332812847
2024-11-28,HDFCBANK.NS,LT.NS,0.4035755523575263
2024-11-29,HDFCBANK.NS,LT.NS,0.40032226700882956
2024-12-02,HDFCBANK.NS,LT.NS,0.4006231718136556
2024-12-03,HDFCBANK.NS,LT.NS,0.41129577179889515
2024-12-04,HDFCBANK.NS,LT.NS,0.40078907957845483
2024-12-05,HDFCBANK.NS,LT.NS,0.4006040855784232
2024-12-06,HDFCBANK.NS,LT.NS,0.39436129059854175
2024-12-09,HDFCBANK.NS,LT.NS,0.39369985003404134
2024-12-10,HDFCBANK.NS,LT.NS,0.3828349199646324
2024-12-11,HDFCBANK.NS,LT.NS,0.3829920053540414
2024-12-12,HDFCBANK.NS,LT.NS,0.38545108716731036
2024-12-13,HDFCBANK.NS,LT.NS,0.3898022374925345
2024-12-16,HDFCBANK.NS,LT.NS,0.38574156694974504
2024-12-17,HDFCBANK.NS,LT.NS,0.41187996745273503
2024-12-18,HDFCBANK.NS,LT.NS,0.39524071454646986
2024-12-19,HDFCBANK.NS,LT.NS,0.4038467526425088
2024-12-20,HDFCBANK.NS,LT.NS,0.41650316168605417
2024-12-23,HDFCBANK.NS,LT.NS,0.41543671224949874
2024-12-24,HDFCBANK.NS,LT.NS,0.41752456953680367
2024-12-26,HDFCBANK.NS,LT.NS,0.4068520757956374
2024-12-27,HDFCBANK.NS,LT.NS,0.40074729844654583
2024-12-30,HDFCBANK.NS,LT.NS,0.4033985206104972
2024-12-31,HDFCBANK.NS,LT.NS,0.3428315332754935
2025-01-01,HDFCBANK.NS,LT.NS,0.3478074803541076
2025-01-02,HDFCBANK.NS,LT.NS,0.34547593234293095
2025-01-03,HDFCBANK.NS,LT.NS,0.345943714065159
2025-01-06,HDFCBANK.NS,LT.NS,0.3558571747945953
2025-01-07,HDFCBANK.NS,LT.NS,0.37503573717780364
2025-01-08,HDFCBANK.NS,LT.NS,0.38879419549472694
2025-01-09,HDFCBANK.NS,LT.NS,0.3817196108742199
2025-01-10,HDFCBANK.NS,LT.NS,0.37935930692936104
2025-01-13,HDFCBANK.NS,LT.NS,0.4026640616309676
2025-01-14,HDFCBANK.NS,LT.NS,0.42168638392178753
2025-01-15,HDFCBANK.NS,LT.NS,0.41755848121603995
2025-01-16,HDFCBANK.NS,LT.NS,0.4324816533741149
2025-01-17,HDFCBANK.NS,LT.NS,0.4062986266410959
2025-01-20,HDFCBANK.NS,LT.NS,0.4373374499841878
2025-01-21,HDFCBANK.NS,LT.NS,0.4457719174143929
2025-01-22,HDFCBANK.NS,LT.NS,0.4374246429991316
2025-01-23,HDFCBANK.NS,LT.NS,0.43924644884562947
2025-01-24,HDFCBANK.NS,LT.NS,0.4387354317123848
2025-01-27,HDFCBANK.NS,LT.NS,0.44544894930789464
2025-01-28,HDFCBANK.NS,LT.NS,0.4576602483321084
2025-01-29,HDFCBANK.NS,LT.NS,0.459688135753956
2025-01-30,HDFCBANK.NS,LT.NS,0.4389418498519947
2025-01-31,HDFCBANK.NS,LT.NS,0.43978668117237446
2025-02-01,HDFCBANK.NS,LT.NS,0.44258405579770627
2025-02-03,HDFCBANK.NS,LT.NS,0.44084973808810934
2025-02-04,HDFCBANK.NS,LT.NS,0.4945943525762171
2025-02-05,HDFCBANK.NS,LT.NS,0.48232020571871187
2025-02-06,HDFCBANK.NS,LT.NS,0.48042551491624846
2025-02-07,HDFCBANK.NS,LT.NS,0.4764550621655299
2025-02-10,HDFCBANK.NS,LT.NS,0.47917583317018325
2025-02-11,HDFCBANK.NS,LT.NS,0.48542101702734475
2025-02-12,HDFCBANK.NS,LT.NS,0.5212446021201871
2025-02-13,HDFCBANK.NS,LT.NS,0.5230162923521492
2025-02-14,HDFCBANK.NS,LT.NS,0.5334093108043674
2025-02-17,HDFCBANK.NS,LT.NS,0.4751147585003568
2025-02-18,HDFCBANK.NS,LT.NS,0.477830584417146
2025-02-19,HDFCBANK.NS,LT.NS,0.484717381954143
2025-02-20,HDFCBANK.NS,LT.NS,0.4603483577722237
2025-02-21,HDFCBANK.NS,LT.NS,0.4630881902765846
2025-02-24,HDFCBANK.NS,LT.NS,0.47283496061313823
2025-02-25,HDFCBANK.NS,LT.NS,0.45113888821698406
2025-02-27,HDFCBANK.NS,LT.NS,0.4496167424808641
2025-02-28,HDFCBANK.NS,LT.NS,0.4094323799032004
2025-03-03,HDFCBANK.NS,LT.NS,0.38430923112713916
2025-03-04,HDFCBANK.NS,LT.NS,0.3758423083378596
2025-03-05,HDFCBANK.NS,LT.NS,0.3601217872832831
2025-03-06,HDFCBANK.NS,LT.NS,0.36119538058238176
2025-03-07,HDFCBANK.NS,LT.NS,0.3622215654033433
2025-03-10,HDFCBANK.NS,LT.NS,0.3520466205552225
2025-03-11,HDFCBANK.NS,LT.NS,0.3517405977335193
2025-03-12,HDFCBANK.NS,LT.NS,0.3339875608207324
2025-03-13,HDFCBANK.NS,LT.NS,0.32651507129696666
2025-03-17,HDFCBANK.NS,LT.NS,0.32082524094330994
2025-03-18,HDFCBANK.NS,LT.NS,0.3039862042665053
2025-03-19,HDFCBANK.NS,LT.NS,0.36331271735193904
2025-03-20,HDFCBANK.NS,LT.NS,0.37147741645252996
2025-03-21,HDFCBANK.NS,LT.NS,0.3684984215866462
2025-03-24,HDFCBANK.NS,LT.NS,0.38986495181324854
2025-03-25,HDFCBANK.NS,LT.NS,0.3791904264827769
2025-03-26,HDFCBANK.NS,LT.NS,0.3855106944773034
2025-03-27,HDFCBANK.NS,LT.NS,0.3909935783297472
2025-03-28,HDFCBANK.NS,LT.NS,0.3868154750869437
2025-04-01,HDFCBANK.NS,LT.NS,0.38848563230264843
2025-04-02,HDFCBANK.NS,LT.NS,0.3620498249852587
2025-04-03,HDFCBANK.NS,LT.NS,0.3625112833071136
2025-04-04,HDFCBANK.NS,LT.NS,0.2867344950474218
2025-04-07,HDFCBANK.NS,LT.NS,0.3740727231246428
2025-04-08,HDFCBANK.NS,LT.NS,0.38111044948442857
2025-04-09,HDFCBANK.NS,LT.NS,0.36711393706873136
2025-04-11,HDFCBANK.NS,LT.NS,0.3878075544181192
2025-04-15,HDFCBANK.NS,LT.NS,0.448051112673728
2025-04-16,HDFCBANK.NS,LT.NS,0.4441469814762785
2025-04-17,HDFCBANK.NS,LT.NS,0.46608049996822143
2025-04-21,HDFCBANK.NS,LT.NS,0.4675443190201611
2025-04-22,HDFCBANK.NS,LT.NS,0.4526710084760048
2025-04-23,HDFCBANK.NS,LT.NS,0.42762563802093423
2025-04-24,HDFCBANK.NS,LT.NS,0.4261976610465397
2025-04-25,HDFCBANK.NS,LT.NS,0.4229978380061377
2025-04-28,HDFCBANK.NS,LT.NS,0.42759534853340886
2025-04-29,HDFCBANK.NS,LT.NS,0.45684427806777467
2025-04-30,HDFCBANK.NS,LT.NS,0.4578541877695959
2025-05-02,HDFCBANK.NS,LT.NS,0.4625956434815358
2025-05-05,HDFCBANK.NS,LT.NS,0.47408825154636297
2025-05-06,HDFCBANK.NS,LT.NS,0.46991899022819394
2025-05-07,HDFCBANK.NS,LT.NS,0.46096816044605937
2025-05-08,HDFCBANK.NS,LT.NS,0.4138709148943156
2025-05-09,HDFCBANK.NS,LT.NS,0.34436502301537436
2025-05-12,HDFCBANK.NS,LT.NS,0.4076066587578985
2025-05-13,HDFCBANK.NS,LT.NS,0.4072882570504843
2025-05-14,HDFCBANK.NS,LT.NS,0.40557272154970075
2025-05-15,HDFCBANK.NS,LT.NS,0.39999692151750316
2025-05-16,HDFCBANK.NS,LT.NS,0.40127815055270355
2025-05-19,HDFCBANK.NS,LT.NS,0.398209739611431
2025-05-20,HDFCBANK.NS,LT.NS,0.4025200024988871
2025-05-21,HDFCBANK.NS,LT.NS,0.41117964195055445
2025-05-22,HDFCBANK.NS,LT.NS,0.41399780513705775
2025-05-23,HDFCBANK.NS,LT.NS,0.4182702224376036
2025-05-26,HDFCBANK.NS,LT.NS,0.4273859881743686
2025-05-27,HDFCBANK.NS,LT.NS,0.4286536068464099
2025-05-28,HDFCBANK.NS,LT.NS,0.41962676464220966
2025-05-29,HDFCBANK.NS,LT.NS,0.421831793513712
2025-05-30,HDFCBANK.NS,LT.NS,0.4289562719009297
2025-06-02,HDFCBANK.NS,LT.NS,0.45741113745569106
2025-06-03,HDFCBANK.NS,LT.NS,0.47951745864740536
2025-06-04,HDFCBANK.NS,LT.NS,0.4739767471045077
2025-06-05,HDFCBANK.NS,LT.NS,0.48578346787252824
2025-06-06,HDFCBANK.NS,LT.NS,0.48414065862091243
2025-06-09,HDFCBANK.NS,LT.NS,0.4820224837809279
2025-06-10,HDFCBANK.NS,LT.NS,0.48228967939895195
2025-06-11,HDFCBANK.NS,LT.NS,0.4820203187192747
2025-06-12,HDFCBANK.NS,LT.NS,0.49130979668455566
2025-06-13,HDFCBANK.NS,LT.NS,0.49185259634492645
2025-06-16,HDFCBANK.NS,LT.NS,0.4949410515636493
2025-06-17,HDFCBANK.NS,LT.NS,0.4954566407793832
2025-06-18,HDFCBANK.NS,LT.NS,0.46933628523730175
2025-06-19,HDFCBANK.NS,LT.NS,0.46577536200865305
2025-06-20,HDFCBANK.NS,LT.NS,0.4759375192774288
2025-06-23,HDFCBANK.NS,LT.NS,0.4725766498918534
2025-06-24,HDFCBANK.NS,LT.NS,0.48030411127391054
2025-06-25,HDFCBANK.NS,LT.NS,0.4775240646650638
2025-06-26,HDFCBANK.NS,LT.NS,0.4766253299263894
2025-06-27,HDFCBANK.NS,LT.NS,0.4775964322309915
2025-06-30,HDFCBANK.NS,LT.NS,0.46511537675822795
2025-07-01,HDFCBANK.NS,LT.NS,0.4779796381894911
2025-07-02,HDFCBANK.NS,LT.NS,0.4912062616786158
2025-07-03,HDFCBANK.NS,LT.NS,0.5791775793595221
2025-07-04,HDFCBANK.NS,LT.NS,0.48561938268145916
2025-07-07,HDFCBANK.NS,LT.NS,0.49161604045516955
2025-07-08,HDFCBANK.NS,LT.NS,0.5087486505306523
2025-07-09,HDFCBANK.NS,LT.NS,0.47881246699894525
2025-07-10,HDFCBANK.NS,LT.NS,0.3743108211578981
2025-07-11,HDFCBANK.NS,LT.NS,0.4023276857104388
2025-07-14,HDFCBANK.NS,LT.NS,0.3967192722277761
2025-07-15,HDFCBANK.NS,LT.NS,0.3856202967405868
2025-07-16,HDFCBANK.NS,LT.NS,0.42139847456629076
2025-07-17,HDFCBANK.NS,LT.NS,0.48777328111994506
2025-07-18,HDFCBANK.NS,LT.NS,0.4858371644010815
2025-07-21,HDFCBANK.NS,LT.NS,0.49471116294120676
2025-07-22,HDFCBANK.NS,LT.NS,0.48490122777690847
2025-07-23,HDFCBANK.NS,LT.NS,0.48712748842653314
2025-07-24,HDFCBANK.NS,LT.NS,0.4857392358564495
2025-07-25,HDFCBANK.NS,LT.NS,0.48617186779985133
2025-07-28,HDFCBANK.NS,LT.NS,0.4878506219091559
2025-07-29,HDFCBANK.NS,LT.NS,0.49048706858841373
2025-07-30,HDFCBANK.NS,LT.NS,0.44213092413826766
2025-07-31,HDFCBANK.NS,LT.NS,0.447678815449924
2025-08-01,HDFCBANK.NS,LT.NS,0.6138726134128645
2025-08-04,HDFCBANK.NS,LT.NS,0.47231301020261457
2025-08-05,HDFCBANK.NS,LT.NS,0.45900745772352447
2025-08-06,HDFCBANK.NS,LT.NS,0.457080933217033
2025-08-07,HDFCBANK.NS,LT.NS,0.4436760164479083
2025-08-08,HDFCBANK.NS,LT.NS,0.45488219189306095
2025-08-11,HDFCBANK.NS,LT.NS,0.4728529342912663
2025-08-12,HDFCBANK.NS,LT.NS,0.4397885098911671
2025-08-13,HDFCBANK.NS,LT.NS,0.436814308855879
2025-08-14,HDFCBANK.NS,LT.NS,0.42564132141057637
2025-08-18,HDFCBANK.NS,LT.NS,0.3987655758465122
2025-08-19,HDFCBANK.NS,LT.NS,0.40236398788755817
2025-08-20,HDFCBANK.NS,LT.NS,0.4032764559821467
2025-08-21,HDFCBANK.NS,LT.NS,0.4041799027054802
2025-08-22,HDFCBANK.NS,LT.NS,0.40563627490274895
2025-08-25,HDFCBANK.NS,LT.NS,0.40076263401715767
2025-08-26,HDFCBANK.NS,LT.NS,0.4218833615646062
2025-08-28,HDFCBANK.NS,LT.NS,0.39195081038141494
2025-08-29,HDFCBANK.NS,LT.NS,0.38400483332850144
2025-09-01,HDFCBANK.NS,LT.NS,0.38186086120247914
2025-09-02,HDFCBANK.NS,LT.NS,0.38617822894945636
2025-09-03,HDFCBANK.NS,LT.NS,0.3946016011929033
2025-09-04,HDFCBANK.NS,LT.NS,0.39211158965880727
2025-09-05,HDFCBANK.NS,LT.NS,0.38994221172035737
2025-09-08,HDFCBANK.NS,LT.NS,0.3840495066014457
2025-09-09,HDFCBANK.NS,LT.NS,0.38236784214276254
2025-09-10,HDFCBANK.NS,LT.NS,0.3688180847562985
2025-09-11,HDFCBANK.NS,LT.NS,0.36729399265572066
2025-09-12,HDFCBANK.NS,LT.NS,0.36505411788717856
2025-09-15,HDFCBANK.NS,LT.NS,0.3650746317324159
2025-09-16,HDFCBANK.NS,LT.NS,0.3316752181530115
2025-09-17,HDFCBANK.NS,LT.NS,0.30866759224599893
2025-09-18,HDFCBANK.NS,LT.NS,0.29866418463146976
2025-09-19,HDFCBANK.NS,LT.NS,0.29759333680645744
2025-09-22,HDFCBANK.NS,LT.NS,0.27369924286809344
2025-09-23,HDFCBANK.NS,LT.NS,0.26034616893787177
2025-09-24,HDFCBANK.NS,LT.NS,0.25157728987228023
2025-09-25,HDFCBANK.NS,LT.NS,0.2537821977018393
2025-09-26,HDFCBANK.NS,LT.NS,0.18370092635624558
2025-09-29,HDFCBANK.NS,LT.NS,0.16661304621345252
2025-09-30,HDFCBANK.NS,LT.NS,0.16228585210127552
2025-10-01,HDFCBANK.NS,LT.NS,0.1645278166743657
2025-10-03,HDFCBANK.NS,LT.NS,0.15469807221111812
2025-10-06,HDFCBANK.NS,LT.NS,0.16366929390962884
2025-10-07,HDFCBANK.NS,LT.NS,0.15522352483193552
2025-10-08,HDFCBANK.NS,LT.NS,0.13600672014177048
2025-10-09,HDFCBANK.NS,LT.NS,0.13349131969701544
2025-10-10,HDFCBANK.NS,LT.NS,0.1387453558375052
2025-10-13,HDFCBANK.NS,LT.NS,0.14201141450968258
2025-10-14,HDFCBANK.NS,LT.NS,0.1329846371599504
2025-10-15,HDFCBANK.NS,LT.NS,0.12616166067090573
2025-10-16,HDFCBANK.NS,LT.NS,0.11166396423935178
2025-10-17,HDFCBANK.NS,LT.NS,0.10685164545536545
2025-10-20,HDFCBANK.NS,LT.NS,0.10099748544853286
2025-10-21,HDFCBANK.NS,LT.NS,0.09895727487266498
2025-10-23,HDFCBANK.NS,LT.NS,0.09467194182041407
2025-10-24,HDFCBANK.NS,LT.NS,0.11253365963187509
2025-10-27,HDFCBANK.NS,LT.NS,0.09172945186060891
2025-10-28,HDFCBANK.NS,LT.NS,0.08466924783397844
2025-10-29,HDFCBANK.NS,LT.NS,0.07023594521804705
2025-10-30,HDFCBANK.NS,LT.NS,0.044167137292354476
2025-10-31,HDFCBANK.NS,LT.NS,0.045658507245184096
2025-11-03,HDFCBANK.NS,LT.NS,0.03294158097756621
2025-11-04,HDFCBANK.NS,LT.NS,0.06968196128334435
2025-11-06,HDFCBANK.NS,LT.NS,0.06723485059407038
2025-11-07,HDFCBANK.NS,LT.NS,0.04055914738927747
2025-11-10,HDFCBANK.NS,LT.NS,0.00018651378299602457
2025-11-11,HDFCBANK.NS,LT.NS,0.029497370614942908
2025-11-12,HDFCBANK.NS,LT.NS,0.029190809183506267
2025-11-13,HDFCBANK.NS,LT.NS,0.02953468193386989
2025-11-14,HDFCBANK.NS,LT.NS,0.052689945629385275
2025-11-17,HDFCBANK.NS,LT.NS,0.04733443191730156
2025-11-18,HDFCBANK.NS,LT.NS,0.05418882044915127
2025-11-19,HDFCBANK.NS,LT.NS,0.05450075645814367
2025-11-20,HDFCBANK.NS,LT.NS,0.0396020452355565
2025-11-21,HDFCBANK.NS,LT.NS,0.05390652819025449
2025-11-24,HDFCBANK.NS,LT.NS,0.004997705741295949
2025-11-25,HDFCBANK.NS,LT.NS,0.039375743630381495
2025-11-26,HDFCBANK.NS,LT.NS,0.11298712446537125
2025-11-27,HDFCBANK.NS,LT.NS,0.11451531754520168
2025-11-28,HDFCBANK.NS,LT.NS,0.10161289561555575
2025-12-01,HDFCBANK.NS,LT.NS,0.09093205011590537
2025-12-02,HDFCBANK.NS,LT.NS,0.14101302514307834
2025-12-03,HDFCBANK.NS,LT.NS,0.1089888174402393
2025-12-04,HDFCBANK.NS,LT.NS,0.11809686656037668
2025-12-05,HDFCBANK.NS,LT.NS,0.13193131713124387
2025-12-08,HDFCBANK.NS,LT.NS,0.13283448156454536
2025-12-09,HDFCBANK.NS,LT.NS,0.13727289940201087
2025-12-10,HDFCBANK.NS,LT.NS,0.1467898903567436
2025-12-11,HDFCBANK.NS,LT.NS,0.14775462350521887
2025-12-12,HDFCBANK.NS,LT.NS,0.157971987537706
2025-12-15,HDFCBANK.NS,LT.NS,0.15360517364676993
2025-12-16,HDFCBANK.NS,LT.NS,0.16458966573015638
2025-12-17,HDFCBANK.NS,LT.NS,0.15766135167692594
2025-12-18,HDFCBANK.NS,LT.NS,0.16101089996637166
2025-12-19,HDFCBANK.NS,LT.NS,0.17722449748469316
2025-12-22,HDFCBANK.NS,LT.NS,0.18274951089563118
2025-12-23,HDFCBANK.NS,LT.NS,0.1653682490792106
2025-12-24,HDFCBANK.NS,LT.NS,0.2128542171872835
2025-12-26,HDFCBANK.NS,LT.NS,0.23897668002346736
2025-12-29,HDFCBANK.NS,LT.NS,0.24262360608317918
2025-12-30,HDFCBANK.NS,LT.NS,0.24445757111303174
2025-12-31,HDFCBANK.NS,LT.NS,0.2536652803960431
2026-01-01,HDFCBANK.NS,LT.NS,0.2513708799215987
2026-01-02,HDFCBANK.NS,LT.NS,0.27261923376639285
2026-01-05,HDFCBANK.NS,LT.NS,0.27921474268494206
2026-01-06,HDFCBANK.NS,LT.NS,0.29295446400694886
2026-01-07,HDFCBANK.NS,LT.NS,0.27555037154779216
2026-01-08,HDFCBANK.NS,LT.NS,0.2553853211543448
2026-01-09,HDFCBANK.NS,LT.NS,0.25994923314238527
2026-01-12,HDFCBANK.NS,LT.NS,0.264985312625538
2026-01-13,HDFCBANK.NS,LT.NS,0.20480435014111206
2026-01-14,HDFCBANK.NS,LT.NS,0.2318351818401979
2026-01-15,HDFCBANK.NS,LT.NS,0.23006175228776446
2026-01-16,HDFCBANK.NS,LT.NS,0.21986436889768154
2026-01-19,HDFCBANK.NS,LT.NS,0.21467781315065365
2026-01-20,HDFCBANK.NS,LT.NS,0.18797342813168422
2026-01-21,HDFCBANK.NS,LT.NS,0.20078900983642065
2026-01-22,HDFCBANK.NS,LT.NS,0.19604900983162263
2026-01-23,HDFCBANK.NS,LT.NS,0.20206522185260511
2026-01-27,HDFCBANK.NS,LT.NS,0.24945444565511457
2026-01-28,HDFCBANK.NS,LT.NS,0.28501466833104505
2026-01-29,HDFCBANK.NS,LT.NS,0.3047725607922176
2026-01-30,HDFCBANK.NS,LT.NS,0.2904903581234111
2026-02-02,HDFCBANK.NS,LT.NS,0.29407037309681755
2026-02-03,HDFCBANK.NS,LT.NS,0.38369926432648915
2026-02-04,HDFCBANK.NS,LT.NS,0.38778154692748595
2026-02-05,HDFCBANK.NS,LT.NS,0.38204197472271656
2026-02-06,HDFCBANK.NS,LT.NS,0.3776042263503813
2026-02-09,HDFCBANK.NS,LT.NS,0.3757816963127285
2026-02-10,HDFCBANK.NS,LT.NS,0.3613667699906768
2026-02-11,HDFCBANK.NS,LT.NS,0.35662116753158346
2026-02-12,HDFCBANK.NS,LT.NS,0.3492850930931484
2026-02-13,HDFCBANK.NS,LT.NS,0.34632210300928057
2026-02-16,HDFCBANK.NS,LT.NS,0.3460727743032284
2026-02-17,HDFCBANK.NS,LT.NS,0.3396871187553722
2026-02-18,HDFCBANK.NS,LT.NS,0.34009662426164766
2026-02-19,HDFCBANK.NS,LT.NS,0.34701253388078096
2026-02-20,HDFCBANK.NS,LT.NS,0.30057896914478566
2026-02-23,HDFCBANK.NS,LT.NS,0.30773680412860993
2026-02-24,HDFCBANK.NS,LT.NS,0.35045177035842684
2026-02-25,HDFCBANK.NS,LT.NS,0.3476794466982672
2026-02-26,HDFCBANK.NS,LT.NS,0.33766318639137094
2026-02-27,HDFCBANK.NS,LT.NS,0.36958109434853814
2026-03-02,HDFCBANK.NS,LT.NS,0.37614844517655
2026-03-04,HDFCBANK.NS,LT.NS,0.3912034194128874
2026-03-05,HDFCBANK.NS,LT.NS,0.42779438379770657
2026-03-06,HDFCBANK.NS,LT.NS,0.4550272071752422
2026-03-09,HDFCBANK.NS,LT.NS,0.4809805841103491
2026-03-10,HDFCBANK.NS,LT.NS,0.4878977158625355
2026-03-11,HDFCBANK.NS,LT.NS,0.4886932386499168
2026-03-12,HDFCBANK.NS,LT.NS,0.4730837092132929
2026-03-13,HDFCBANK.NS,LT.NS,0.5054421174464293
2026-03-16,HDFCBANK.NS,LT.NS,0.49795695144760005
2026-03-17,HDFCBANK.NS,LT.NS,0.5043383496055752
2026-03-18,HDFCBANK.NS,LT.NS,0.4955007896569824
2026-03-19,HDFCBANK.NS,LT.NS,0.5549549434714635
2026-03-20,HDFCBANK.NS,LT.NS,0.5470306564418338
2026-03-23,HDFCBANK.NS,LT.NS,0.5560245845779249
2026-03-24,HDFCBANK.NS,LT.NS,0.5973891657434401
2026-03-25,HDFCBANK.NS,LT.NS,0.6190259078255252
2026-03-27,HDFCBANK.NS,LT.NS,0.6253453584058849
2026-03-30,HDFCBANK.NS,LT.NS,0.6248077871314694
2026-04-01,HDFCBANK.NS,LT.NS,0.6347644502172879
2026-04-02,HDFCBANK.NS,LT.NS,0.6318697995485573
2026-04-06,HDFCBANK.NS,LT.NS,0.6542808659496561
2026-04-07,HDFCBANK.NS,LT.NS,0.6564080248483786
2026-04-08,HDFCBANK.NS,LT.NS,0.718075343640611
2026-04-09,HDFCBANK.NS,LT.NS,0.7323866642121974
2026-04-10,HDFCBANK.NS,LT.NS,0.7349304811182542
2026-04-13,HDFCBANK.NS,LT.NS,0.7306050513003142
2026-04-15,HDFCBANK.NS,LT.NS,0.7507769178140229
2026-04-16,HDFCBANK.NS,LT.NS,0.7402314860563673
2026-04-17,HDFCBANK.NS,LT.NS,0.7368728402551165
2026-04-20,HDFCBANK.NS,LT.NS,0.7391588275786988
2026-04-21,HDFCBANK.NS,LT.NS,0.7338262308556948
2026-04-22,HDFCBANK.NS,LT.NS,0.7419095220612494
2026-04-23,HDFCBANK.NS,LT.NS,0.7313216903434386
2026-04-24,HDFCBANK.NS,LT.NS,0.7289574356927412
2026-04-27,HDFCBANK.NS,LT.NS,0.7313121044471063
2026-04-28,HDFCBANK.NS,LT.NS,0.7308561777809747
2026-04-29,HDFCBANK.NS,LT.NS,0.7299079098066202
2026-04-30,HDFCBANK.NS,LT.NS,0.7349405698954393
2026-05-01,HDFCBANK.NS,LT.NS,0.7348534128597078
2026-05-04,HDFCBANK.NS,LT.NS,0.7375586330466931
2026-05-05,HDFCBANK.NS,LT.NS,0.731414829627836
2026-05-06,HDFCBANK.NS,LT.NS,0.6954851976102864
2026-05-07,HDFCBANK.NS,LT.NS,0.6957296795167718
2026-05-08,HDFCBANK.NS,LT.NS,0.6978862465996601
2026-05-11,HDFCBANK.NS,LT.NS,0.6987135518481844
2026-05-12,HDFCBANK.NS,LT.NS,0.7043884684204004
2026-05-13,HDFCBANK.NS,LT.NS,0.703309245374979
2026-05-14,HDFCBANK.NS,LT.NS,0.6974977535107418
2026-05-15,HDFCBANK.NS,LT.NS,0.699530725900771
2026-05-18,HDFCBANK.NS,LT.NS,0.704468473430217
2026-05-19,HDFCBANK.NS,LT.NS,0.7054963338496997
2026-05-20,HDFCBANK.NS,LT.NS,0.7061013191394944
2026-05-21,HDFCBANK.NS,LT.NS,0.7055563621890665
2026-05-22,HDFCBANK.NS,LT.NS,0.7134046857489692
2026-05-25,HDFCBANK.NS,LT.NS,0.7200999186164678
2026-05-26,HDFCBANK.NS,LT.NS,0.718750327359697
2026-05-27,HDFCBANK.NS,LT.NS,0.7091843053823769
2026-05-28,HDFCBANK.NS,LT.NS,0.7093886518732294
2026-05-29,HDFCBANK.NS,LT.NS,0.7018629877220668
2026-06-01,HDFCBANK.NS,LT.NS,0.7127203746808926
2026-06-02,HDFCBANK.NS,LT.NS,0.7181389730102345
2026-06-03,HDFCBANK.NS,LT.NS,0.7125115095180886
2026-06-04,HDFCBANK.NS,LT.NS,0.7068752016464985
2026-06-05,HDFCBANK.NS,LT.NS,0.7007342958035851
2026-06-08,HDFCBANK.NS,LT.NS,0.7010266271582928
2026-06-09,HDFCBANK.NS,LT.NS,0.6998885967961015
2026-06-10,HDFCBANK.NS,LT.NS,0.7114167649747425
2026-06-11,HDFCBANK.NS,LT.NS,0.7415941318195026
2026-06-12,HDFCBANK.NS,LT.NS,0.767084619532376
2026-06-15,HDFCBANK.NS,LT.NS,0.7643132244426143
2026-06-16,HDFCBANK.NS,LT.NS,0.7674377762109031
2026-06-17,HDFCBANK.NS,LT.NS,0.7387210753357256
2026-06-18,HDFCBANK.NS,LT.NS,0.733848787251427
2026-06-19,HDFCBANK.NS,LT.NS,0.7195726350573716
2026-06-22,HDFCBANK.NS,LT.NS,0.7027127924908901
2026-06-23,HDFCBANK.NS,LT.NS,0.6932434539959963
2026-06-24,HDFCBANK.NS,LT.NS,0.6646700164073152
2026-06-25,HDFCBANK.NS,LT.NS,0.6556319901805219
2026-06-26,HDFCBANK.NS,LT.NS,0.6515238223506734
2026-06-29,HDFCBANK.NS,LT.NS,0.6485290780045085
2026-06-30,HDFCBANK.NS,LT.NS,0.6313491787795009
2026-07-01,HDFCBANK.NS,LT.NS,0.6304243592162313
2026-07-02,HDFCBANK.NS,LT.NS,0.49549626738458186
2026-07-03,HDFCBANK.NS,LT.NS,0.4578122602873133
2026-07-06,HDFCBANK.NS,LT.NS,0.43044738647419023
2026-07-07,HDFCBANK.NS,LT.NS,0.4328462345317613
2026-07-08,HDFCBANK.NS,LT.NS,0.4379767314381166
2026-07-09,HDFCBANK.NS,LT.NS,0.46516349463934475
2026-07-10,HDFCBANK.NS,LT.NS,0.4734785499638872
2026-07-13,HDFCBANK.NS,LT.NS,0.4719986651838165
2026-07-14,HDFCBANK.NS,LT.NS,0.47771189024310406
2026-07-15,HDFCBANK.NS,LT.NS,0.45073798672783477
2026-07-16,HDFCBANK.NS,LT.NS,0.477934430805282
2026-07-17,HDFCBANK.NS,LT.NS,0.48664873129642966
2026-07-20,HDFCBANK.NS,LT.NS,0.4016806360414688
2026-07-21,HDFCBANK.NS,LT.NS,0.38950389593217777
2026-07-22,HDFCBANK.NS,LT.NS,0.4037096885541966
2026-07-23,HDFCBANK.NS,LT.NS,0.39963044827401517
2026-07-24,HDFCBANK.NS,LT.NS,0.39966609221954996
2026-07-27,HDFCBANK.NS,LT.NS,0.38823935983599184
2026-07-28,HDFCBANK.NS,LT.NS,0.3784007805392497
2026-07-29,HDFCBANK.NS,LT.NS,0.44949934068592506
2026-07-30,HDFCBANK.NS,LT.NS,0.44984993926439265
2026-07-31,HDFCBANK.NS,LT.NS,0.43792873104928876
2026-08-03,HDFCBANK.NS,LT.NS,0.43181286524820567
2026-08-04,HDFCBANK.NS,LT.NS,0.41972318609441084
2026-08-05,HDFCBANK.NS,LT.NS,0.4049607437658158
2026-08-06,HDFCBANK.NS,LT.NS,0.40379663236673924
2026-08-07,HDFCBANK.NS,LT.NS,0.40413744259822815
2026-08-10,HDFCBANK.NS,LT.NS,0.4036594852180726
2026-08-11,HDFCBANK.NS,LT.NS,0.40433019989680125
2026-08-12,HDFCBANK.NS,LT.NS,0.40297120140858966
2026-08-13,HDFCBANK.NS,LT.NS,0.39424919665445757
2026-08-14,HDFCBANK.NS,LT.NS,0.38737364172898886
2026-08-17,HDFCBANK.NS,LT.NS,0.3443302681808981
2026-08-18,HDFCBANK.NS,LT.NS,0.34922390735497555
2026-08-19,HDFCBANK.NS,LT.NS,0.36720284312012125
2026-08-20,HDFCBANK.NS,LT.NS,0.3717735725757049
2026-08-21,HDFCBANK.NS,LT.NS,0.3929317515670169
2026-08-24,HDFCBANK.NS,LT.NS,0.3941798735653129
2026-08-25,HDFCBANK.NS,LT.NS,0.395353893970173
2026-08-26,HDFCBANK.NS,LT.NS,0.40108214556889904
2026-08-27,HDFCBANK.NS,LT.NS,0.39933398905762774
2026-08-28,HDFCBANK.NS,LT.NS,0.4051662788766913
2026-08-31,HDFCBANK.NS,LT.NS,0.3905672657374647
2026-09-01,HDFCBANK.NS,LT.NS,0.37754411494996515
2026-09-02,HDFCBANK.NS,LT.NS,0.37176442057680115
2026-09-03,HDFCBANK.NS,LT.NS,0.36948318171466904
2026-09-04,HDFCBANK.NS,LT.NS,0.2213225767185109
2026-09-07,HDFCBANK.NS,LT.NS,0.205330953427729
2026-09-08,HDFCBANK.NS,LT.NS,0.21187187402885096
2026-09-09,HDFCBANK.NS,LT.NS,0.21767369662613786
2026-09-10,HDFCBANK.NS,LT.NS,0.23989401072861208
2026-09-11,HDFCBANK.NS,LT.NS,0.22359035554768017
2026-09-14,HDFCBANK.NS,LT.NS,0.22603392396532196
2026-09-15,HDFCBANK.NS,LT.NS,0.18024094491950246
2026-09-16,HDFCBANK.NS,LT.NS,0.16719987108734127
2026-09-17,HDFCBANK.NS,LT.NS,0.1477135329493557
2026-09-18,HDFCBANK.NS,LT.NS,0.1869380900562207
2026-09-21,HDFCBANK.NS,LT.NS,0.20299798404136238
2026-09-22,HDFCBANK.NS,LT.NS,0.20206883528485742
2026-09-23,HDFCBANK.NS,LT.NS,0.19664808046360532
2026-09-24,HDFCBANK.NS,LT.NS,0.21379339308561315
2026-09-25,HDFCBANK.NS,LT.NS,0.22722980803992132
2026-09-28,HDFCBANK.NS,LT.NS,0.2745276415593765
2026-09-29,HDFCBANK.NS,LT.NS,0.27484548870374187
2026-09-30,HDFCBANK.NS,LT.NS,0.2174898147968229
2026-10-01,HDFCBANK.NS,LT.NS,0.17060136750744206
2021-12-31,ICICIBANK.NS,RELIANCE.NS,0.18070428601325098
2022-01-03,ICICIBANK.NS,RELIANCE.NS,0.19125589994761671
2022-01-04,ICICIBANK.NS,RELIANCE.NS,0.19465812097424232
2022-01-05,ICICIBANK.NS,RELIANCE.NS,0.20628923696773588
2022-01-06,ICICIBANK.NS,RELIANCE.NS,0.2133762428166108
2022-01-07,ICICIBANK.NS,RELIANCE.NS,0.2197519103589788
2022-01-10,ICICIBANK.NS,RELIANCE.NS,0.22102021936465152
2022-01-11,ICICIBANK.NS,RELIANCE.NS,0.21826882006752732
2022-01-12,ICICIBANK.NS,RELIANCE.NS,0.22968829840962643
2022-01-13,ICICIBANK.NS,RELIANCE.NS,0.22941243381318172
2022-01-14,ICICIBANK.NS,RELIANCE.NS,0.22705384330936007
2022-01-17,ICICIBANK.NS,RELIANCE.NS,0.2467652489798156
2022-01-18,ICICIBANK.NS,RELIANCE.NS,0.2438647895769483
2022-01-19,ICICIBANK.NS,RELIANCE.NS,0.4039602832820599
2022-01-20,ICICIBANK.NS,RELIANCE.NS,0.42964359736116503
2022-01-21,ICICIBANK.NS,RELIANCE.NS,0.43649242719734843
2022-01-24,ICICIBANK.NS,RELIANCE.NS,0.44558099571330756
2022-01-25,ICICIBANK.NS,RELIANCE.NS,0.4581017063556659
2022-01-27,ICICIBANK.NS,RELIANCE.NS,0.46250450758683337
2022-01-28,ICICIBANK.NS,RELIANCE.NS,0.4554158449670952
2022-01-31,ICICIBANK.NS,RELIANCE.NS,0.46280916419076196
2022-02-01,ICICIBANK.NS,RELIANCE.NS,0.44610695625519736
2022-02-02,ICICIBANK.NS,RELIANCE.NS,0.4470812156837349
2022-02-03,ICICIBANK.NS,RELIANCE.NS,0.4474939869995543
2022-02-04,ICICIBANK.NS,RELIANCE.NS,0.45855742676783257
2022-02-07,ICICIBANK.NS,RELIANCE.NS,0.46046989327116833
2022-02-08,ICICIBANK.NS,RELIANCE.NS,0.4615012733028072
2022-02-09,ICICIBANK.NS,RELIANCE.NS,0.4663209879359463
2022-02-10,ICICIBANK.NS,RELIANCE.NS,0.4563331841308595
2022-02-11,ICICIBANK.NS,RELIANCE.NS,0.45026838007553804
2022-02-14,ICICIBANK.NS,RELIANCE.NS,0.45445947843182827
2022-02-15,ICICIBANK.NS,RELIANCE.NS,0.47560573654788957
2022-02-16,ICICIBANK.NS,RELIANCE.NS,0.4753011971848705
2022-02-17,ICICIBANK.NS,RELIANCE.NS,0.46980083870931943
2022-02-18,ICICIBANK.NS,RELIANCE.NS,0.5758393763275548
2022-02-21,ICICIBANK.NS,RELIANCE.NS,0.5297115459878526
2022-02-22,ICICIBANK.NS,RELIANCE.NS,0.5395204854960356
2022-02-23,ICICIBANK.NS,RELIANCE.NS,0.5394008259369762
2022-02-24,ICICIBANK.NS,RELIANCE.NS,0.5996487052193686
2022-02-25,ICICIBANK.NS,RELIANCE.NS,0.6107274010529183
2022-02-28,ICICIBANK.NS,RELIANCE.NS,0.6202912737912103
2022-03-02,ICICIBANK.NS,RELIANCE.NS,0.5503719793871159
2022-03-03,ICICIBANK.NS,RELIANCE.NS,0.5566096652243048
2022-03-04,ICICIBANK.NS,RELIANCE.NS,0.5538493934798426
2022-03-07,ICICIBANK.NS,RELIANCE.NS,0.5966278061197478
2022-03-08,ICICIBANK.NS,RELIANCE.NS,0.5903786509787547
2022-03-09,ICICIBANK.NS,RELIANCE.NS,0.5619943736644301
2022-03-10,ICICIBANK.NS,RELIANCE.NS,0.5756608017777141
2022-03-11,ICICIBANK.NS,RELIANCE.NS,0.5755556425217885
2022-03-14,ICICIBANK.NS,RELIANCE.NS,0.5882180936050042
2022-03-15,ICICIBANK.NS,RELIANCE.NS,0.5693312631841342
2022-03-16,ICICIBANK.NS,RELIANCE.NS,0.5596059887617144
2022-03-17,ICICIBANK.NS,RELIANCE.NS,0.5638788098753565
2022-03-21,ICICIBANK.NS,RELIANCE.NS,0.5569594916983314
2022-03-22,ICICIBANK.NS,RELIANCE.NS,0.5599717867243813
2022-03-23,ICICIBANK.NS,RELIANCE.NS,0.5609918907480903
2022-03-24,ICICIBANK.NS,RELIANCE.NS,0.543069477652039
2022-03-25,ICICIBANK.NS,RELIANCE.NS,0.5417877946863424
2022-03-28,ICICIBANK.NS,RELIANCE.NS,0.544176560307505
2022-03-29,ICICIBANK.NS,RELIANCE.NS,0.5487382905252967
2022-03-30,ICICIBANK.NS,RELIANCE.NS,0.5569298795662873
2022-03-31,ICICIBANK.NS,RELIANCE.NS,0.5492769209201092
2022-04-01,ICICIBANK.NS,RELIANCE.NS,0.5463895530765244
2022-04-04,ICICIBANK.NS,RELIANCE.NS,0.5470086052414627
2022-04-05,ICICIBANK.NS,RELIANCE.NS,0.5517362433679445
2022-04-06,ICICIBANK.NS,RELIANCE.NS,0.5499052724540966
2022-04-07,ICICIBANK.NS,RELIANCE.NS,0.541083218529426
2022-04-08,ICICIBANK.NS,RELIANCE.NS,0.5439335215887541
2022-04-11,ICICIBANK.NS,RELIANCE.NS,0.5317414766888545
2022-04-12,ICICIBANK.NS,RELIANCE.NS,0.5188271381074478
2022-04-13,ICICIBANK.NS,RELIANCE.NS,0.5194073890631599
2022-04-18,ICICIBANK.NS,RELIANCE.NS,0.520041864368174
2022-04-19,ICICIBANK.NS,RELIANCE.NS,0.5293159972627653
2022-04-20,ICICIBANK.NS,RELIANCE.NS,0.5013571112269624
2022-04-21,ICICIBANK.NS,RELIANCE.NS,0.5125414242302542
2022-04-22,ICICIBANK.NS,RELIANCE.NS,0.5161394660154637
2022-04-25,ICICIBANK.NS,RELIANCE.NS,0.5075687134291694
2022-04-26,ICICIBANK.NS,RELIANCE.NS,0.5039007420833209
2022-04-27,ICICIBANK.NS,RELIANCE.NS,0.4976395208614518
2022-04-28,ICICIBANK.NS,RELIANCE.NS,0.5020613667392084
2022-04-29,ICICIBANK.NS,RELIANCE.NS,0.4984734740117438
2022-05-02,ICICIBANK.NS,RELIANCE.NS,0.5183839785664489
2022-05-04,ICICIBANK.NS,RELIANCE.NS,0.5341477750682844
2022-05-05,ICICIBANK.NS,RELIANCE.NS,0.5190121854490198
2022-05-06,ICICIBANK.NS,RELIANCE.NS,0.5214500809925176
2022-05-09,ICICIBANK.NS,RELIANCE.NS,0.5206513246207719
2022-05-10,ICICIBANK.NS,RELIANCE.NS,0.511135179150208
2022-05-11,ICICIBANK.NS,RELIANCE.NS,0.5029625795102206
2022-05-12,ICICIBANK.NS,RELIANCE.NS,0.5148189168030862
2022-05-13,ICICIBANK.NS,RELIANCE.NS,0.4954103093858422
2022-05-16,ICICIBANK.NS,RELIANCE.NS,0.48807998672102276
2022-05-17,ICICIBANK.NS,RELIANCE.NS,0.5035736287404435
2022-05-18,ICICIBANK.NS,RELIANCE.NS,0.5039345951078825
2022-05-19,ICICIBANK.NS,RELIANCE.NS,0.531029679633044
2022-05-20,ICICIBANK.NS,RELIANCE.NS,0.5596774145990498
2022-05-23,ICICIBANK.NS,RELIANCE.NS,0.5643048374633087
2022-05-24,ICICIBANK.NS,RELIANCE.NS,0.5635282514879155
2022-05-25,ICICIBANK.NS,RELIANCE.NS,0.5601358184403651
2022-05-26,ICICIBANK.NS,RELIANCE.NS,0.4855464926829878
2022-05-27,ICICIBANK.NS,RELIANCE.NS,0.4765172430923584
2022-05-30,ICICIBANK.NS,RELIANCE.NS,0.47033514110954283
2022-05-31,ICICIBANK.NS,RELIANCE.NS,0.5174279240952725
2022-06-01,ICICIBANK.NS,RELIANCE.NS,0.5160987263694435
2022-06-02,ICICIBANK.NS,RELIANCE.NS,0.4862111447608417
2022-06-03,ICICIBANK.NS,RELIANCE.NS,0.4190626601017223
2022-06-06,ICICIBANK.NS,RELIANCE.NS,0.42753847669426337
2022-06-07,ICICIBANK.NS,RELIANCE.NS,0.440847285799311
2022-06-08,ICICIBANK.NS,RELIANCE.NS,0.44128452563598286
2022-06-09,ICICIBANK.NS,RELIANCE.NS,0.4398575358544849
2022-06-10,ICICIBANK.NS,RELIANCE.NS,0.4644804077186577
2022-06-13,ICICIBANK.NS,RELIANCE.NS,0.484657031292658
2022-06-14,ICICIBANK.NS,RELIANCE.NS,0.4785531571029086
2022-06-15,ICICIBANK.NS,RELIANCE.NS,0.45761161797365046
2022-06-16,ICICIBANK.NS,RELIANCE.NS,0.4617049156296346
2022-06-17,ICICIBANK.NS,RELIANCE.NS,0.45792722115650064
2022-06-20,ICICIBANK.NS,RELIANCE.NS,0.4551680598772485
2022-06-21,ICICIBANK.NS,RELIANCE.NS,0.4893249156104834
2022-06-22,ICICIBANK.NS,RELIANCE.NS,0.5040508753801065
2022-06-23,ICICIBANK.NS,RELIANCE.NS,0.47462474664818455
2022-06-24,ICICIBANK.NS,RELIANCE.NS,0.4825508139454342
2022-06-27,ICICIBANK.NS,RELIANCE.NS,0.46913872438625925
2022-06-28,ICICIBANK.NS,RELIANCE.NS,0.4585518163362219
2022-06-29,ICICIBANK.NS,RELIANCE.NS,0.4381267223638781
2022-06-30,ICICIBANK.NS,RELIANCE.NS,0.4406301190899828
2022-07-01,ICICIBANK.NS,RELIANCE.NS,0.41269576580870077
2022-07-04,ICICIBANK.NS,RELIANCE.NS,0.40766290918117976
2022-07-05,ICICIBANK.NS,RELIANCE.NS,0.41889134361674496
2022-07-06,ICICIBANK.NS,RELIANCE.NS,0.40889070490868795
2022-07-07,ICICIBANK.NS,RELIANCE.NS,0.39183393970904934
2022-07-08,ICICIBANK.NS,RELIANCE.NS,0.39691078216336334
2022-07-11,ICICIBANK.NS,RELIANCE.NS,0.40360100206117666
2022-07-12,ICICIBANK.NS,RELIANCE.NS,0.4016410669262273
2022-07-13,ICICIBANK.NS,RELIANCE.NS,0.3965723278611896
2022-07-14,ICICIBANK.NS,RELIANCE.NS,0.42786397680371824
2022-07-15,ICICIBANK.NS,RELIANCE.NS,0.4218119587399208
2022-07-18,ICICIBANK.NS,RELIANCE.NS,0.42443383699587817
2022-07-19,ICICIBANK.NS,RELIANCE.NS,0.43683181923163245
2022-07-20,ICICIBANK.NS,RELIANCE.NS,0.43966605696056543
2022-07-21,ICICIBANK.NS,RELIANCE.NS,0.45065524469426077
2022-07-22,ICICIBANK.NS,RELIANCE.NS,0.4467002844196546
2022-07-25,ICICIBANK.NS,RELIANCE.NS,0.4371677055630432
2022-07-26,ICICIBANK.NS,RELIANCE.NS,0.43536566797552284
2022-07-27,ICICIBANK.NS,RELIANCE.NS,0.4135715722713171
2022-07-28,ICICIBANK.NS,RELIANCE.NS,0.4292628774739177
2022-07-29,ICICIBANK.NS,RELIANCE.NS,0.42678385243819894
2022-08-01,ICICIBANK.NS,RELIANCE.NS,0.4103321652248748
2022-08-02,ICICIBANK.NS,RELIANCE.NS,0.40885962291060496
2022-08-03,ICICIBANK.NS,RELIANCE.NS,0.4124517908008456
2022-08-04,ICICIBANK.NS,RELIANCE.NS,0.3981583772287778
2022-08-05,ICICIBANK.NS,RELIANCE.NS,0.40626971602986744
2022-08-08,ICICIBANK.NS,RELIANCE.NS,0.40626894187672974
2022-08-10,ICICIBANK.NS,RELIANCE.NS,0.35196075492574713
2022-08-11,ICICIBANK.NS,RELIANCE.NS,0.3543850192149626
2022-08-12,ICICIBANK.NS,RELIANCE.NS,0.33678147448534057
2022-08-16,ICICIBANK.NS,RELIANCE.NS,0.2741746488410476
2022-08-17,ICICIBANK.NS,RELIANCE.NS,0.2738001506133424
2022-08-18,ICICIBANK.NS,RELIANCE.NS,0.27625270375447053
2022-08-19,ICICIBANK.NS,RELIANCE.NS,0.295421946534311
2022-08-22,ICICIBANK.NS,RELIANCE.NS,0.31031097906218125
2022-08-23,ICICIBANK.NS,RELIANCE.NS,0.3255952651879203
2022-08-24,ICICIBANK.NS,RELIANCE.NS,0.3115757227600031
2022-08-25,ICICIBANK.NS,RELIANCE.NS,0.31632960196653437
2022-08-26,ICICIBANK.NS,RELIANCE.NS,0.31769601030795913
2022-08-29,ICICIBANK.NS,RELIANCE.NS,0.35021450873924215
2022-08-30,ICICIBANK.NS,RELIANCE.NS,0.3897510568914693
2022-09-01,ICICIBANK.NS,RELIANCE.NS,0.4104892047043862
2022-09-02,ICICIBANK.NS,RELIANCE.NS,0.4225142486762098
2022-09-05,ICICIBANK.NS,RELIANCE.NS,0.42034968874095086
2022-09-06,ICICIBANK.NS,RELIANCE.NS,0.42457439856988144
2022-09-07,ICICIBANK.NS,RELIANCE.NS,0.40018012386461393
2022-09-08,ICICIBANK.NS,RELIANCE.NS,0.3734401728899567
2022-09-09,ICICIBANK.NS,RELIANCE.NS,0.36843459606113493
2022-09-12,ICICIBANK.NS,RELIANCE.NS,0.36817017648982014
2022-09-13,ICICIBANK.NS,RELIANCE.NS,0.3535084618053333
2022-09-14,ICICIBANK.NS,RELIANCE.NS,0.3430144097750298
2022-09-15,ICICIBANK.NS,RELIANCE.NS,0.34067262629664186
2022-09-16,ICICIBANK.NS,RELIANCE.NS,0.3507457634182584
2022-09-19,ICICIBANK.NS,RELIANCE.NS,0.3132469683578369
2022-09-20,ICICIBANK.NS,RELIANCE.NS,0.3349480222015871
2022-09-21,ICICIBANK.NS,RELIANCE.NS,0.32022323567485245
2022-09-22,ICICIBANK.NS,RELIANCE.NS,0.32881953064350655
2022-09-23,ICICIBANK.NS,RELIANCE.NS,0.3767998048307347
2022-09-26,ICICIBANK.NS,RELIANCE.NS,0.4452704861219162
2022-09-27,ICICIBANK.NS,RELIANCE.NS,0.4296555293326394
2022-09-28,ICICIBANK.NS,RELIANCE.NS,0.47474043836657304
2022-09-29,ICICIBANK.NS,RELIANCE.NS,0.47950315330518595
2022-09-30,ICICIBANK.NS,RELIANCE.NS,0.5049153718714509
2022-10-03,ICICIBANK.NS,RELIANCE.NS,0.509295639056785
2022-10-04,ICICIBANK.NS,RELIANCE.NS,0.5545256934990612
2022-10-06,ICICIBANK.NS,RELIANCE.NS,0.5564324172961737
2022-10-07,ICICIBANK.NS,RELIANCE.NS,0.544517406087825
2022-10-10,ICICIBANK.NS,RELIANCE.NS,0.5486093808511776
2022-10-11,ICICIBANK.NS,RELIANCE.NS,0.5532916659664051
2022-10-12,ICICIBANK.NS,RELIANCE.NS,0.5525364151056485
2022-10-13,ICICIBANK.NS,RELIANCE.NS,0.5381065505576422
2022-10-14,ICICIBANK.NS,RELIANCE.NS,0.5199332138008823
2022-10-17,ICICIBANK.NS,RELIANCE.NS,0.5282778170631793
2022-10-18,ICICIBANK.NS,RELIANCE.NS,0.551341272007425
2022-10-19,ICICIBANK.NS,RELIANCE.NS,0.5319906994155952
2022-10-20,ICICIBANK.NS,RELIANCE.NS,0.5272419981100109
2022-10-21,ICICIBANK.NS,RELIANCE.NS,0.5183611597110407
2022-10-24,ICICIBANK.NS,RELIANCE.NS,0.5165264381818602
2022-10-25,ICICIBANK.NS,RELIANCE.NS,0.5163263814821889
2022-10-27,ICICIBANK.NS,RELIANCE.NS,0.5039002903081751
2022-10-28,ICICIBANK.NS,RELIANCE.NS,0.4231378974275447
2022-10-31,ICICIBANK.NS,RELIANCE.NS,0.42510822778385216
2022-11-01,ICICIBANK.NS,RELIANCE.NS,0.43023571056013493
2022-11-02,ICICIBANK.NS,RELIANCE.NS,0.42186088788665604
2022-11-03,ICICIBANK.NS,RELIANCE.NS,0.41788917140591186
2022-11-04,ICICIBANK.NS,RELIANCE.NS,0.44729247641550884
2022-11-07,ICICIBANK.NS,RELIANCE.NS,0.44964542830214255
2022-11-09,ICICIBANK.NS,RELIANCE.NS,0.44618188279327764
2022-11-10,ICICIBANK.NS,RELIANCE.NS,0.4433326148411278
2022-11-11,ICICIBANK.NS,RELIANCE.NS,0.40493520590705867
2022-11-14,ICICIBANK.NS,RELIANCE.NS,0.4054174089189958
2022-11-15,ICICIBANK.NS,RELIANCE.NS,0.39017026759325457
2022-11-16,ICICIBANK.NS,RELIANCE.NS,0.3886373594700141
2022-11-17,ICICIBANK.NS,RELIANCE.NS,0.37115379045960073
2022-11-18,ICICIBANK.NS,RELIANCE.NS,0.37395008699380905
2022-11-21,ICICIBANK.NS,RELIANCE.NS,0.3562300463720326
2022-11-22,ICICIBANK.NS,RELIANCE.NS,0.36035943767548284
2022-11-23,ICICIBANK.NS,RELIANCE.NS,0.35889759343534267
2022-11-24,ICICIBANK.NS,RELIANCE.NS,0.3642406916973639
2022-11-25,ICICIBANK.NS,RELIANCE.NS,0.3354786615768798
2022-11-28,ICICIBANK.NS,RELIANCE.NS,0.31043504027444324
2022-11-29,ICICIBANK.NS,RELIANCE.NS,0.27678861891403256
2022-11-30,ICICIBANK.NS,RELIANCE.NS,0.27642747593230976
2022-12-01,ICICIBANK.NS,RELIANCE.NS,0.26797721266346586
2022-12-02,ICICIBANK.NS,RELIANCE.NS,0.26858140243084444
2022-12-05,ICICIBANK.NS,RELIANCE.NS,0.2568923317627292
2022-12-06,ICICIBANK.NS,RELIANCE.NS,0.2592097414130723
2022-12-07,ICICIBANK.NS,RELIANCE.NS,0.26026960884376454
2022-12-08,ICICIBANK.NS,RELIANCE.NS,0.25241379644790796
2022-12-09,ICICIBANK.NS,RELIANCE.NS,0.25237906240015684
2022-12-12,ICICIBANK.NS,RELIANCE.NS,0.26677118759439983
2022-12-13,ICICIBANK.NS,RELIANCE.NS,0.2680458005653752
2022-12-14,ICICIBANK.NS,RELIANCE.NS,0.2540631320859358
2022-12-15,ICICIBANK.NS,RELIANCE.NS,0.2746042420261361
2022-12-16,ICICIBANK.NS,RELIANCE.NS,0.2852486769069
2022-12-19,ICICIBANK.NS,RELIANCE.NS,0.29018722337947106
2022-12-20,ICICIBANK.NS,RELIANCE.NS,0.28165456718330756
2022-12-21,ICICIBANK.NS,RELIANCE.NS,0.2673084507038671
2022-12-22,ICICIBANK.NS,RELIANCE.NS,0.20748493255519238
2022-12-23,ICICIBANK.NS,RELIANCE.NS,0.2557411220087616
2022-12-26,ICICIBANK.NS,RELIANCE.NS,0.2614321499050102
2022-12-27,ICICIBANK.NS,RELIANCE.NS,0.26292283169004393
2022-12-28,ICICIBANK.NS,RELIANCE.NS,0.22193677730278547
2022-12-29,ICICIBANK.NS,RELIANCE.NS,0.21304652476464872
2022-12-30,ICICIBANK.NS,RELIANCE.NS,0.1660250843557347
2023-01-02,ICICIBANK.NS,RELIANCE.NS,0.17849470928773434
2023-01-03,ICICIBANK.NS,RELIANCE.NS,0.18145470238990566
2023-01-04,ICICIBANK.NS,RELIANCE.NS,0.18429004540988148
2023-01-05,ICICIBANK.NS,RELIANCE.NS,0.15614597438955724
2023-01-06,ICICIBANK.NS,RELIANCE.NS,0.14591655119964161
2023-01-09,ICICIBANK.NS,RELIANCE.NS,0.159259985604177
2023-01-10,ICICIBANK.NS,RELIANCE.NS,0.20621482755375642
2023-01-11,ICICIBANK.NS,RELIANCE.NS,0.16456984115870354
2023-01-12,ICICIBANK.NS,RELIANCE.NS,0.15113628385743663
2023-01-13,ICICIBANK.NS,RELIANCE.NS,0.1590723172304206
2023-01-16,ICICIBANK.NS,RELIANCE.NS,0.17022092781563747
2023-01-17,ICICIBANK.NS,RELIANCE.NS,0.21137410121857275
2023-01-18,ICICIBANK.NS,RELIANCE.NS,0.20829340286556375
2023-01-19,ICICIBANK.NS,RELIANCE.NS,0.21081059253368056
2023-01-20,ICICIBANK.NS,RELIANCE.NS,0.19812466165890294
2023-01-23,ICICIBANK.NS,RELIANCE.NS,0.2973522646534548
2023-01-24,ICICIBANK.NS,RELIANCE.NS,0.2966460082114976
2023-01-25,ICICIBANK.NS,RELIANCE.NS,0.32084467945090195
2023-01-27,ICICIBANK.NS,RELIANCE.NS,0.37527381792752484
2023-01-30,ICICIBANK.NS,RELIANCE.NS,0.3810469915756546
2023-01-31,ICICIBANK.NS,RELIANCE.NS,0.3867135089339193
2023-02-01,ICICIBANK.NS,RELIANCE.NS,0.3575738910268861
2023-02-02,ICICIBANK.NS,RELIANCE.NS,0.34893961103010995
2023-02-03,ICICIBANK.NS,RELIANCE.NS,0.3538531151457937
2023-02-06,ICICIBANK.NS,RELIANCE.NS,0.3856376099203577
2023-02-07,ICICIBANK.NS,RELIANCE.NS,0.38498842155295476
2023-02-08,ICICIBANK.NS,RELIANCE.NS,0.41152000544818157
2023-02-09,ICICIBANK.NS,RELIANCE.NS,0.4146215470096703
2023-02-10,ICICIBANK.NS,RELIANCE.NS,0.41604272552641836
2023-02-13,ICICIBANK.NS,RELIANCE.NS,0.4166040822704976
2023-02-14,ICICIBANK.NS,RELIANCE.NS,0.4611553325754225
2023-02-15,ICICIBANK.NS,RELIANCE.NS,0.46429509591444035
2023-02-16,ICICIBANK.NS,RELIANCE.NS,0.4666054867019058
2023-02-17,ICICIBANK.NS,RELIANCE.NS,0.452734752313489
2023-02-20,ICICIBANK.NS,RELIANCE.NS,0.48364447409249256
2023-02-21,ICICIBANK.NS,RELIANCE.NS,0.485593881450361
2023-02-22,ICICIBANK.NS,RELIANCE.NS,0.5057884404358871
2023-02-23,ICICIBANK.NS,RELIANCE.NS,0.4993858534005849
2023-02-24,ICICIBANK.NS,RELIANCE.NS,0.502011042264212
2023-02-27,ICICIBANK.NS,RELIANCE.NS,0.4788695963342006
2023-02-28,ICICIBANK.NS,RELIANCE.NS,0.4835451066897561
2023-03-01,ICICIBANK.NS,RELIANCE.NS,0.4946222240402613
2023-03-02,ICICIBANK.NS,RELIANCE.NS,0.50074911780287
2023-03-03,ICICIBANK.NS,RELIANCE.NS,0.5307819570228335
2023-03-06,ICICIBANK.NS,RELIANCE.NS,0.5312212836448588
2023-03-08,ICICIBANK.NS,RELIANCE.NS,0.5326420695243907
2023-03-09,ICICIBANK.NS,RELIANCE.NS,0.5519597122104108
2023-03-10,ICICIBANK.NS,RELIANCE.NS,0.5634147991442928
2023-03-13,ICICIBANK.NS,RELIANCE.NS,0.5668123479307087
2023-03-14,ICICIBANK.NS,RELIANCE.NS,0.564909642060573
2023-03-15,ICICIBANK.NS,RELIANCE.NS,0.561800347331239
2023-03-16,ICICIBANK.NS,RELIANCE.NS,0.5600341600381248
2023-03-17,ICICIBANK.NS,RELIANCE.NS,0.5443147660586747
2023-03-20,ICICIBANK.NS,RELIANCE.NS,0.5415989307925063
2023-03-21,ICICIBANK.NS,RELIANCE.NS,0.5590522329981552
2023-03-22,ICICIBANK.NS,RELIANCE.NS,0.5532966352020026
2023-03-23,ICICIBANK.NS,RELIANCE.NS,0.5504098923439162
2023-03-24,ICICIBANK.NS,RELIANCE.NS,0.5469927492942847
2023-03-27,ICICIBANK.NS,RELIANCE.NS,0.5330905535216591
2023-03-28,ICICIBANK.NS,RELIANCE.NS,0.5541928379027132
2023-03-29,ICICIBANK.NS,RELIANCE.NS,0.5455493489930392
2023-03-31,ICICIBANK.NS,RELIANCE.NS,0.6072995342922847
2023-04-03,ICICIBANK.NS,RELIANCE.NS,0.6084200404152351
2023-04-05,ICICIBANK.NS,RELIANCE.NS,0.6245279977736994
2023-04-06,ICICIBANK.NS,RELIANCE.NS,0.6273458818973008
2023-04-10,ICICIBANK.NS,RELIANCE.NS,0.6374835279064485
2023-04-11,ICICIBANK.NS,RELIANCE.NS,0.6310607850439843
2023-04-12,ICICIBANK.NS,RELIANCE.NS,0.6435168928512657
2023-04-13,ICICIBANK.NS,RELIANCE.NS,0.6435637072165312
2023-04-17,ICICIBANK.NS,RELIANCE.NS,0.6527369231281862
2023-04-18,ICICIBANK.NS,RELIANCE.NS,0.6511378036897534
2023-04-19,ICICIBANK.NS,RELIANCE.NS,0.6531235069881026
2023-04-20,ICICIBANK.NS,RELIANCE.NS,0.6536313046271256
2023-04-21,ICICIBANK.NS,RELIANCE.NS,0.6477052094095557
2023-04-24,ICICIBANK.NS,RELIANCE.NS,0.6504098762053656
2023-04-25,ICICIBANK.NS,RELIANCE.NS,0.654068966011355
2023-04-26,ICICIBANK.NS,RELIANCE.NS,0.6525856906887503
2023-04-27,ICICIBANK.NS,RELIANCE.NS,0.6444623285657414
2023-04-28,ICICIBANK.NS,RELIANCE.NS,0.6282566571701189
2023-05-02,ICICIBANK.NS,RELIANCE.NS,0.6264415555855006
2023-05-03,ICICIBANK.NS,RELIANCE.NS,0.631928168849022
2023-05-04,ICICIBANK.NS,RELIANCE.NS,0.6564228291339378
2023-05-05,ICICIBANK.NS,RELIANCE.NS,0.6689569035615404
2023-05-08,ICICIBANK.NS,RELIANCE.NS,0.6755877521355683
2023-05-09,ICICIBANK.NS,RELIANCE.NS,0.6701707152940627
2023-05-10,ICICIBANK.NS,RELIANCE.NS,0.6688495257298992
2023-05-11,ICICIBANK.NS,RELIANCE.NS,0.6641559131003496
2023-05-12,ICICIBANK.NS,RELIANCE.NS,0.6637564218862834
2023-05-15,ICICIBANK.NS,RELIANCE.NS,0.660065638563623
2023-05-16,ICICIBANK.NS,RELIANCE.NS,0.6527861738408106
2023-05-17,ICICIBANK.NS,RELIANCE.NS,0.6378358434204651
2023-05-18,ICICIBANK.NS,RELIANCE.NS,0.6366274341676988
2023-05-19,ICICIBANK.NS,RELIANCE.NS,0.6368504365550277
2023-05-22,ICICIBANK.NS,RELIANCE.NS,0.6408227936701867
2023-05-23,ICICIBANK.NS,RELIANCE.NS,0.6344812134006149
2023-05-24,ICICIBANK.NS,RELIANCE.NS,0.6345644262366285
2023-05-25,ICICIBANK.NS,RELIANCE.NS,0.6096593356264678
2023-05-26,ICICIBANK.NS,RELIANCE.NS,0.6168975459610894
2023-05-29,ICICIBANK.NS,RELIANCE.NS,0.614905057338295
2023-05-30,ICICIBANK.NS,RELIANCE.NS,0.657369334633945
2023-05-31,ICICIBANK.NS,RELIANCE.NS,0.653997515973486
2023-06-01,ICICIBANK.NS,RELIANCE.NS,0.6492192653121771
2023-06-02,ICICIBANK.NS,RELIANCE.NS,0.6466047735105925
2023-06-05,ICICIBANK.NS,RELIANCE.NS,0.6297593386334693
2023-06-06,ICICIBANK.NS,RELIANCE.NS,0.6339430412076433
2023-06-07,ICICIBANK.NS,RELIANCE.NS,0.627146791650848
2023-06-08,ICICIBANK.NS,RELIANCE.NS,0.5952263684292755
2023-06-09,ICICIBANK.NS,RELIANCE.NS,0.5754416359410967
2023-06-12,ICICIBANK.NS,RELIANCE.NS,0.5498790615622728
2023-06-13,ICICIBANK.NS,RELIANCE.NS,0.5567391486087788
2023-06-14,ICICIBANK.NS,RELIANCE.NS,0.5292976975264319
2023-06-15,ICICIBANK.NS,RELIANCE.NS,0.5160827394912538
2023-06-16,ICICIBANK.NS,RELIANCE.NS,0.5401130529576441
2023-06-19,ICICIBANK.NS,RELIANCE.NS,0.5559401949451704
2023-06-20,ICICIBANK.NS,RELIANCE.NS,0.5128629062018955
2023-06-21,ICICIBANK.NS,RELIANCE.NS,0.5145413708171702
2023-06-22,ICICIBANK.NS,RELIANCE.NS,0.49919125568248135
2023-06-23,ICICIBANK.NS,RELIANCE.NS,0.5014532812691813
2023-06-26,ICICIBANK.NS,RELIANCE.NS,0.5177995622572792
2023-06-27,ICICIBANK.NS,RELIANCE.NS,0.5102998490634717
2023-06-28,ICICIBANK.NS,RELIANCE.NS,0.4992673490181962
2023-06-30,ICICIBANK.NS,RELIANCE.NS,0.31510711266490354
2023-07-03,ICICIBANK.NS,RELIANCE.NS,0.3442241032959505
2023-07-04,ICICIBANK.NS,RELIANCE.NS,0.3353467375733591
2023-07-05,ICICIBANK.NS,RELIANCE.NS,0.33951468731692924
2023-07-06,ICICIBANK.NS,RELIANCE.NS,0.31224356800005065
2023-07-07,ICICIBANK.NS,RELIANCE.NS,0.31588945417714415
2023-07-10,ICICIBANK.NS,RELIANCE.NS,0.2884627555717983
2023-07-11,ICICIBANK.NS,RELIANCE.NS,0.27879771463612646
2023-07-12,ICICIBANK.NS,RELIANCE.NS,0.2784776613231174
2023-07-13,ICICIBANK.NS,RELIANCE.NS,0.22699983848803904
2023-07-14,ICICIBANK.NS,RELIANCE.NS,0.22902195870177197
2023-07-17,ICICIBANK.NS,RELIANCE.NS,0.2542784284812536
2023-07-18,ICICIBANK.NS,RELIANCE.NS,0.2601685658261238
2023-07-19,ICICIBANK.NS,RELIANCE.NS,0.27211403237363624
2023-07-20,ICICIBANK.NS,RELIANCE.NS,0.22362908440790943
2023-07-21,ICICIBANK.NS,RELIANCE.NS,0.2082503650113435
2023-07-24,ICICIBANK.NS,RELIANCE.NS,0.22824408824593698
2023-07-25,ICICIBANK.NS,RELIANCE.NS,0.2383670343269613
2023-07-26,ICICIBANK.NS,RELIANCE.NS,0.23292941693843858
2023-07-27,ICICIBANK.NS,RELIANCE.NS,0.2467239658426604
2023-07-28,ICICIBANK.NS,RELIANCE.NS,0.25915051310417403
2023-07-31,ICICIBANK.NS,RELIANCE.NS,0.2648185644935675
2023-08-01,ICICIBANK.NS,RELIANCE.NS,0.25969143949403933
2023-08-02,ICICIBANK.NS,RELIANCE.NS,0.27779273454865605
2023-08-03,ICICIBANK.NS,RELIANCE.NS,0.2784694620544928
2023-08-04,ICICIBANK.NS,RELIANCE.NS,0.2919618742121666
2023-08-07,ICICIBANK.NS,RELIANCE.NS,0.29509434633680337
2023-08-08,ICICIBANK.NS,RELIANCE.NS,0.28824838299608396
2023-08-09,ICICIBANK.NS,RELIANCE.NS,0.29243592186739453
2023-08-10,ICICIBANK.NS,RELIANCE.NS,0.27632951407568074
2023-08-11,ICICIBANK.NS,RELIANCE.NS,0.2738264729993223
2023-08-14,ICICIBANK.NS,RELIANCE.NS,0.2833560243327665
2023-08-16,ICICIBANK.NS,RELIANCE.NS,0.2880718859254272
2023-08-17,ICICIBANK.NS,RELIANCE.NS,0.299658820144147
2023-08-18,ICICIBANK.NS,RELIANCE.NS,0.28707497629370415
2023-08-21,ICICIBANK.NS,RELIANCE.NS,0.27270364885548404
2023-08-22,ICICIBANK.NS,RELIANCE.NS,0.23442407037161916
2023-08-23,ICICIBANK.NS,RELIANCE.NS,0.22836274406643473
2023-08-24,ICICIBANK.NS,RELIANCE.NS,0.21868955650171457
2023-08-25,ICICIBANK.NS,RELIANCE.NS,0.217822637764929
2023-08-28,ICICIBANK.NS,RELIANCE.NS,0.21268140635793537
2023-08-29,ICICIBANK.NS,RELIANCE.NS,0.219804644214841
2023-08-30,ICICIBANK.NS,RELIANCE.NS,0.2109075756686244
2023-08-31,ICICIBANK.NS,RELIANCE.NS,0.21182528981602858
2023-09-01,ICICIBANK.NS,RELIANCE.NS,0.2154740198177339
2023-09-04,ICICIBANK.NS,RELIANCE.NS,0.21610504699761482
2023-09-05,ICICIBANK.NS,RELIANCE.NS,0.2162395613025215
2023-09-06,ICICIBANK.NS,RELIANCE.NS,0.20979327712504042
2023-09-07,ICICIBANK.NS,RELIANCE.NS,0.19304509723351998
2023-09-08,ICICIBANK.NS,RELIANCE.NS,0.20922016684517433
2023-09-11,ICICIBANK.NS,RELIANCE.NS,0.22496205246548323
2023-09-12,ICICIBANK.NS,RELIANCE.NS,0.1754679837445801
2023-09-13,ICICIBANK.NS,RELIANCE.NS,0.15228289346555668
2023-09-14,ICICIBANK.NS,RELIANCE.NS,0.1516492991478587
2023-09-15,ICICIBANK.NS,RELIANCE.NS,0.15313867907081144
2023-09-18,ICICIBANK.NS,RELIANCE.NS,0.15955994695324918
2023-09-20,ICICIBANK.NS,RELIANCE.NS,0.16780639514452167
2023-09-21,ICICIBANK.NS,RELIANCE.NS,0.19337224845200982
2023-09-22,ICICIBANK.NS,RELIANCE.NS,0.2007215354796222
2023-09-25,ICICIBANK.NS,RELIANCE.NS,0.19282066224680813
2023-09-26,ICICIBANK.NS,RELIANCE.NS,0.19593439958673423
2023-09-27,ICICIBANK.NS,RELIANCE.NS,0.15410234897866493
2023-09-28,ICICIBANK.NS,RELIANCE.NS,0.15854479200127114
2023-09-29,ICICIBANK.NS,RELIANCE.NS,0.17208492489454055
2023-10-03,ICICIBANK.NS,RELIANCE.NS,0.19087444628832026
2023-10-04,ICICIBANK.NS,RELIANCE.NS,0.19128762117819012
2023-10-05,ICICIBANK.NS,RELIANCE.NS,0.19756950145013374
2023-10-06,ICICIBANK.NS,RELIANCE.NS,0.21179269055668615
2023-10-09,ICICIBANK.NS,RELIANCE.NS,0.21997416219196497
2023-10-10,ICICIBANK.NS,RELIANCE.NS,0.25243590355275763
2023-10-11,ICICIBANK.NS,RELIANCE.NS,0.252614671322796
2023-10-12,ICICIBANK.NS,RELIANCE.NS,0.2263889199358534
2023-10-13,ICICIBANK.NS,RELIANCE.NS,0.2139692010259999
2023-10-16,ICICIBANK.NS,RELIANCE.NS,0.2192027744594985
2023-10-17,ICICIBANK.NS,RELIANCE.NS,0.23462120845068904
2023-10-18,ICICIBANK.NS,RELIANCE.NS,0.29049570997591184
2023-10-19,ICICIBANK.NS,RELIANCE.NS,0.2918322915203065
2023-10-20,ICICIBANK.NS,RELIANCE.NS,0.29258611932482764
2023-10-23,ICICIBANK.NS,RELIANCE.NS,0.2920206435637188
2023-10-25,ICICIBANK.NS,RELIANCE.NS,0.2807199017319077
2023-10-26,ICICIBANK.NS,RELIANCE.NS,0.28006553695122266
2023-10-27,ICICIBANK.NS,RELIANCE.NS,0.2889029545174025
2023-10-30,ICICIBANK.NS,RELIANCE.NS,0.33532483024841053
2023-10-31,ICICIBANK.NS,RELIANCE.NS,0.3391157686217328
2023-11-01,ICICIBANK.NS,RELIANCE.NS,0.34227799240883333
2023-11-02,ICICIBANK.NS,RELIANCE.NS,0.3417096559419673
2023-11-03,ICICIBANK.NS,RELIANCE.NS,0.3288863058152885
2023-11-06,ICICIBANK.NS,RELIANCE.NS,0.3534574331818822
2023-11-07,ICICIBANK.NS,RELIANCE.NS,0.34838108474729695
2023-11-08,ICICIBANK.NS,RELIANCE.NS,0.3371940442178142
2023-11-09,ICICIBANK.NS,RELIANCE.NS,0.34975878861482
2023-11-10,ICICIBANK.NS,RELIANCE.NS,0.3372270724471957
2023-11-13,ICICIBANK.NS,RELIANCE.NS,0.3359462705668185
2023-11-15,ICICIBANK.NS,RELIANCE.NS,0.3451983170464791
2023-11-16,ICICIBANK.NS,RELIANCE.NS,0.34462965189046946
2023-11-17,ICICIBANK.NS,RELIANCE.NS,0.3548946774394895
2023-11-20,ICICIBANK.NS,RELIANCE.NS,0.3556533149282558
2023-11-21,ICICIBANK.NS,RELIANCE.NS,0.3676741489669744
2023-11-22,ICICIBANK.NS,RELIANCE.NS,0.3843811948058196
2023-11-23,ICICIBANK.NS,RELIANCE.NS,0.3877037499733684
2023-11-24,ICICIBANK.NS,RELIANCE.NS,0.39038263638229637
2023-11-28,ICICIBANK.NS,RELIANCE.NS,0.38881369450275766
2023-11-29,ICICIBANK.NS,RELIANCE.NS,0.3889576633456347
2023-11-30,ICICIBANK.NS,RELIANCE.NS,0.39491466489320654
2023-12-01,ICICIBANK.NS,RELIANCE.NS,0.4053192189087246
2023-12-04,ICICIBANK.NS,RELIANCE.NS,0.41838718360639504
2023-12-05,ICICIBANK.NS,RELIANCE.NS,0.4296067182890906
2023-12-06,ICICIBANK.NS,RELIANCE.NS,0.41315660158234646
2023-12-07,ICICIBANK.NS,RELIANCE.NS,0.4141981121992574
2023-12-08,ICICIBANK.NS,RELIANCE.NS,0.40681393324071913
2023-12-11,ICICIBANK.NS,RELIANCE.NS,0.4003709395785657
2023-12-12,ICICIBANK.NS,RELIANCE.NS,0.4391655050593739
2023-12-13,ICICIBANK.NS,RELIANCE.NS,0.43887014819604936
2023-12-14,ICICIBANK.NS,RELIANCE.NS,0.4611265450404088
2023-12-15,ICICIBANK.NS,RELIANCE.NS,0.45884023747278224
2023-12-18,ICICIBANK.NS,RELIANCE.NS,0.4211417497411087
2023-12-19,ICICIBANK.NS,RELIANCE.NS,0.4069064636490051
2023-12-20,ICICIBANK.NS,RELIANCE.NS,0.4024043484402774
2023-12-21,ICICIBANK.NS,RELIANCE.NS,0.38296250943036214
2023-12-22,ICICIBANK.NS,RELIANCE.NS,0.3911855257344249
2023-12-26,ICICIBANK.NS,RELIANCE.NS,0.39180438823178787
2023-12-27,ICICIBANK.NS,RELIANCE.NS,0.4095174196609654
2023-12-28,ICICIBANK.NS,RELIANCE.NS,0.41784225049541385
2023-12-29,ICICIBANK.NS,RELIANCE.NS,0.42619562272967254
2024-01-01,ICICIBANK.NS,RELIANCE.NS,0.4081474699450027
2024-01-02,ICICIBANK.NS,RELIANCE.NS,0.3726032578466953
2024-01-03,ICICIBANK.NS,RELIANCE.NS,0.3706840350298092
2024-01-04,ICICIBANK.NS,RELIANCE.NS,0.3720321678296562
2024-01-05,ICICIBANK.NS,RELIANCE.NS,0.3644424825639809
2024-01-08,ICICIBANK.NS,RELIANCE.NS,0.37769978168198926
2024-01-09,ICICIBANK.NS,RELIANCE.NS,0.38372791110657917
2024-01-10,ICICIBANK.NS,RELIANCE.NS,0.40959492058457486
2024-01-11,ICICIBANK.NS,RELIANCE.NS,0.3766475164190205
2024-01-12,ICICIBANK.NS,RELIANCE.NS,0.3822361644845625
2024-01-15,ICICIBANK.NS,RELIANCE.NS,0.3862967627253723
2024-01-16,ICICIBANK.NS,RELIANCE.NS,0.36445705392630806
2024-01-17,ICICIBANK.NS,RELIANCE.NS,0.38298634960132744
2024-01-18,ICICIBANK.NS,RELIANCE.NS,0.38144375823451215
2024-01-19,ICICIBANK.NS,RELIANCE.NS,0.37174500187653703
2024-01-23,ICICIBANK.NS,RELIANCE.NS,0.19875035319649584
2024-01-24,ICICIBANK.NS,RELIANCE.NS,0.13533676957994503
2024-01-25,ICICIBANK.NS,RELIANCE.NS,0.13605812985466084
2024-01-29,ICICIBANK.NS,RELIANCE.NS,0.11705488346926428
2024-01-30,ICICIBANK.NS,RELIANCE.NS,0.1002064478207615
2024-01-31,ICICIBANK.NS,RELIANCE.NS,0.10853823443655676
2024-02-01,ICICIBANK.NS,RELIANCE.NS,0.10757641384871816
2024-02-02,ICICIBANK.NS,RELIANCE.NS,0.10717918858518588
2024-02-05,ICICIBANK.NS,RELIANCE.NS,0.10498955490296544
2024-02-06,ICICIBANK.NS,RELIANCE.NS,0.10464783679763688
2024-02-07,ICICIBANK.NS,RELIANCE.NS,0.1042874343290356
2024-02-08,ICICIBANK.NS,RELIANCE.NS,0.0939961225615094
2024-02-09,ICICIBANK.NS,RELIANCE.NS,0.09847534871084163
2024-02-12,ICICIBANK.NS,RELIANCE.NS,0.10891250905635852
2024-02-13,ICICIBANK.NS,RELIANCE.NS,0.10992261946570465
2024-02-14,ICICIBANK.NS,RELIANCE.NS,0.1095549228099528
2024-02-15,ICICIBANK.NS,RELIANCE.NS,0.10875374326491216
2024-02-16,ICICIBANK.NS,RELIANCE.NS,0.10254081667050265
2024-02-19,ICICIBANK.NS,RELIANCE.NS,0.10765446064245371
2024-02-20,ICICIBANK.NS,RELIANCE.NS,0.10645578140584791
2024-02-21,ICICIBANK.NS,RELIANCE.NS,0.10582066264264584
2024-02-22,ICICIBANK.NS,RELIANCE.NS,0.11150927953062127
2024-02-23,ICICIBANK.NS,RELIANCE.NS,0.1081828725848725
2024-02-26,ICICIBANK.NS,RELIANCE.NS,0.11592631927135902
2024-02-27,ICICIBANK.NS,RELIANCE.NS,0.10682862037016257
2024-02-28,ICICIBANK.NS,RELIANCE.NS,0.13209065895122613
2024-02-29,ICICIBANK.NS,RELIANCE.NS,0.11389893943472507
2024-03-01,ICICIBANK.NS,RELIANCE.NS,0.15489503463723556
2024-03-04,ICICIBANK.NS,RELIANCE.NS,0.16465798255384775
2024-03-05,ICICIBANK.NS,RELIANCE.NS,0.1658582971528885
2024-03-06,ICICIBANK.NS,RELIANCE.NS,0.16936636009993444
2024-03-07,ICICIBANK.NS,RELIANCE.NS,0.18431887060208754
2024-03-11,ICICIBANK.NS,RELIANCE.NS,0.19094962930179118
2024-03-12,ICICIBANK.NS,RELIANCE.NS,0.19040648070055996
2024-03-13,ICICIBANK.NS,RELIANCE.NS,0.15448650655058074
2024-03-14,ICICIBANK.NS,RELIANCE.NS,0.15280520950951773
2024-03-15,ICICIBANK.NS,RELIANCE.NS,0.17058735667714758
2024-03-18,ICICIBANK.NS,RELIANCE.NS,0.17876799693463877
2024-03-19,ICICIBANK.NS,RELIANCE.NS,0.1656332028911585
2024-03-20,ICICIBANK.NS,RELIANCE.NS,0.16900802439856272
2024-03-21,ICICIBANK.NS,RELIANCE.NS,0.16782509373175192
2024-03-22,ICICIBANK.NS,RELIANCE.NS,0.16806461098379605
2024-03-26,ICICIBANK.NS,RELIANCE.NS,0.17420814927090641
2024-03-27,ICICIBANK.NS,RELIANCE.NS,0.1627180575073311
2024-03-28,ICICIBANK.NS,RELIANCE.NS,0.14897539621245723
2024-04-01,ICICIBANK.NS,RELIANCE.NS,0.14764664469342398
2024-04-02,ICICIBANK.NS,RELIANCE.NS,0.15946173607462685
2024-04-03,ICICIBANK.NS,RELIANCE.NS,0.16555508731481972
2024-04-04,ICICIBANK.NS,RELIANCE.NS,0.16486104778694513
2024-04-05,ICICIBANK.NS,RELIANCE.NS,0.16301350139816323
2024-04-08,ICICIBANK.NS,RELIANCE.NS,0.15436609802303541
2024-04-09,ICICIBANK.NS,RELIANCE.NS,0.1238004853562793
2024-04-10,ICICIBANK.NS,RELIANCE.NS,0.10115117132635591
2024-04-12,ICICIBANK.NS,RELIANCE.NS,0.11735639491921591
2024-04-15,ICICIBANK.NS,RELIANCE.NS,0.11409666867339385
2024-04-16,ICICIBANK.NS,RELIANCE.NS,0.10749418694064383
2024-04-18,ICICIBANK.NS,RELIANCE.NS,0.107419357970742
2024-04-19,ICICIBANK.NS,RELIANCE.NS,0.0862309761686759
2024-04-22,ICICIBANK.NS,RELIANCE.NS,0.09189935819609563
2024-04-23,ICICIBANK.NS,RELIANCE.NS,0.0911746509200013
2024-04-24,ICICIBANK.NS,RELIANCE.NS,0.18006951899368634
2024-04-25,ICICIBANK.NS,RELIANCE.NS,0.2293832162196066
2024-04-26,ICICIBANK.NS,RELIANCE.NS,0.22937725812864382
2024-04-29,ICICIBANK.NS,RELIANCE.NS,0.2608783617737872
2024-04-30,ICICIBANK.NS,RELIANCE.NS,0.26643164559773763
2024-05-02,ICICIBANK.NS,RELIANCE.NS,0.2556433269140436
2024-05-03,ICICIBANK.NS,RELIANCE.NS,0.24576653525452669
2024-05-06,ICICIBANK.NS,RELIANCE.NS,0.25827640862375495
2024-05-07,ICICIBANK.NS,RELIANCE.NS,0.2736550617189839
2024-05-08,ICICIBANK.NS,RELIANCE.NS,0.2573778321894245
2024-05-09,ICICIBANK.NS,RELIANCE.NS,0.27700580851097445
2024-05-10,ICICIBANK.NS,RELIANCE.NS,0.31901956498853906
2024-05-13,ICICIBANK.NS,RELIANCE.NS,0.30377437412718433
2024-05-14,ICICIBANK.NS,RELIANCE.NS,0.27922192540868285
2024-05-15,ICICIBANK.NS,RELIANCE.NS,0.26208812194982295
2024-05-16,ICICIBANK.NS,RELIANCE.NS,0.2655433323311804
2024-05-17,ICICIBANK.NS,RELIANCE.NS,0.25680184635537806
2024-05-21,ICICIBANK.NS,RELIANCE.NS,0.25958620181965525
2024-05-22,ICICIBANK.NS,RELIANCE.NS,0.21303622218625026
2024-05-23,ICICIBANK.NS,RELIANCE.NS,0.24907985305202554
2024-05-24,ICICIBANK.NS,RELIANCE.NS,0.2512061251097186
2024-05-27,ICICIBANK.NS,RELIANCE.NS,0.24504299100392582
2024-05-28,ICICIBANK.NS,RELIANCE.NS,0.25096092133489817
2024-05-29,ICICIBANK.NS,RELIANCE.NS,0.2678675471670479
2024-05-30,ICICIBANK.NS,RELIANCE.NS,0.25246420937557745
2024-05-31,ICICIBANK.NS,RELIANCE.NS,0.2282075938744741
2024-06-03,ICICIBANK.NS,RELIANCE.NS,0.367465647079279
2024-06-04,ICICIBANK.NS,RELIANCE.NS,0.5841908202910933
2024-06-05,ICICIBANK.NS,RELIANCE.NS,0.5935544682631915
2024-06-06,ICICIBANK.NS,RELIANCE.NS,0.5924018008730944
2024-06-07,ICICIBANK.NS,RELIANCE.NS,0.5941125039584444
2024-06-10,ICICIBANK.NS,RELIANCE.NS,0.5912541330472927
2024-06-11,ICICIBANK.NS,RELIANCE.NS,0.5904727484842318
2024-06-12,ICICIBANK.NS,RELIANCE.NS,0.5919311342349017
2024-06-13,ICICIBANK.NS,RELIANCE.NS,0.6168212742161971
2024-06-14,ICICIBANK.NS,RELIANCE.NS,0.6145122182917834
2024-06-18,ICICIBANK.NS,RELIANCE.NS,0.6113669033305734
2024-06-19,ICICIBANK.NS,RELIANCE.NS,0.5857750923754405
2024-06-20,ICICIBANK.NS,RELIANCE.NS,0.5912351412840845
2024-06-21,ICICIBANK.NS,RELIANCE.NS,0.590901741824476
2024-06-24,ICICIBANK.NS,RELIANCE.NS,0.5851451879042299
2024-06-25,ICICIBANK.NS,RELIANCE.NS,0.5866480164432827
2024-06-26,ICICIBANK.NS,RELIANCE.NS,0.5882721471030189
2024-06-27,ICICIBANK.NS,RELIANCE.NS,0.6120143972041989
2024-06-28,ICICIBANK.NS,RELIANCE.NS,0.5761939636981822
2024-07-01,ICICIBANK.NS,RELIANCE.NS,0.5731851439008143
2024-07-02,ICICIBANK.NS,RELIANCE.NS,0.5705728414570337
2024-07-03,ICICIBANK.NS,RELIANCE.NS,0.563139666917736
2024-07-04,ICICIBANK.NS,RELIANCE.NS,0.5542091699921362
2024-07-05,ICICIBANK.NS,RELIANCE.NS,0.5451697356359342
2024-07-08,ICICIBANK.NS,RELIANCE.NS,0.5473321233100006
2024-07-09,ICICIBANK.NS,RELIANCE.NS,0.5653014503203438
2024-07-10,ICICIBANK.NS,RELIANCE.NS,0.5676186724291773
2024-07-11,ICICIBANK.NS,RELIANCE.NS,0.5666266527247162
2024-07-12,ICICIBANK.NS,RELIANCE.NS,0.56773063671391
2024-07-15,ICICIBANK.NS,RELIANCE.NS,0.5698261933157583
2024-07-16,ICICIBANK.NS,RELIANCE.NS,0.5621984571538089
2024-07-18,ICICIBANK.NS,RELIANCE.NS,0.5629904406269884
2024-07-19,ICICIBANK.NS,RELIANCE.NS,0.5600374702445707
2024-07-22,ICICIBANK.NS,RELIANCE.NS,0.5606002389069172
2024-07-23,ICICIBANK.NS,RELIANCE.NS,0.5658035547320783
2024-07-24,ICICIBANK.NS,RELIANCE.NS,0.5626559364209825
2024-07-25,ICICIBANK.NS,RELIANCE.NS,0.5567739379741559
2024-07-26,ICICIBANK.NS,RELIANCE.NS,0.5764632164549198
2024-07-29,ICICIBANK.NS,RELIANCE.NS,0.5791057449365585
2024-07-30,ICICIBANK.NS,RELIANCE.NS,0.5812169425401061
2024-07-31,ICICIBANK.NS,RELIANCE.NS,0.5893578889554291
2024-08-01,ICICIBANK.NS,RELIANCE.NS,0.5906721263622925
2024-08-02,ICICIBANK.NS,RELIANCE.NS,0.5894669604688783
2024-08-05,ICICIBANK.NS,RELIANCE.NS,0.615141364213239
2024-08-06,ICICIBANK.NS,RELIANCE.NS,0.6105393198987157
2024-08-07,ICICIBANK.NS,RELIANCE.NS,0.6120820216589333
2024-08-08,ICICIBANK.NS,RELIANCE.NS,0.6181691693036077
2024-08-09,ICICIBANK.NS,RELIANCE.NS,0.6268557030751758
2024-08-12,ICICIBANK.NS,RELIANCE.NS,0.6191621346685796
2024-08-13,ICICIBANK.NS,RELIANCE.NS,0.6175973976266241
2024-08-14,ICICIBANK.NS,RELIANCE.NS,0.6186175551205235
2024-08-16,ICICIBANK.NS,RELIANCE.NS,0.6225652115456997
2024-08-19,ICICIBANK.NS,RELIANCE.NS,0.628730330985918
2024-08-20,ICICIBANK.NS,RELIANCE.NS,0.6217017731279469
2024-08-21,ICICIBANK.NS,RELIANCE.NS,0.6204556737056159
2024-08-22,ICICIBANK.NS,RELIANCE.NS,0.6164097305213926
2024-08-23,ICICIBANK.NS,RELIANCE.NS,0.6145216802117468
2024-08-26,ICICIBANK.NS,RELIANCE.NS,0.6131027370968022
2024-08-27,ICICIBANK.NS,RELIANCE.NS,0.6156781940243432
2024-08-28,ICICIBANK.NS,RELIANCE.NS,0.6156258990217073
2024-08-29,ICICIBANK.NS,RELIANCE.NS,0.5654714851481669
2024-08-30,ICICIBANK.NS,RELIANCE.NS,0.25492397116849674
2024-09-02,ICICIBANK.NS,RELIANCE.NS,0.21272346217227964
2024-09-03,ICICIBANK.NS,RELIANCE.NS,0.2012451333796402
2024-09-04,ICICIBANK.NS,RELIANCE.NS,0.17521658531946435
2024-09-05,ICICIBANK.NS,RELIANCE.NS,0.17717075092586912
2024-09-06,ICICIBANK.NS,RELIANCE.NS,0.2169456970622391
2024-09-09,ICICIBANK.NS,RELIANCE.NS,0.20651456388521566
2024-09-10,ICICIBANK.NS,RELIANCE.NS,0.21081245975067864
2024-09-11,ICICIBANK.NS,RELIANCE.NS,0.21726760412282448
2024-09-12,ICICIBANK.NS,RELIANCE.NS,0.2355219066887394
2024-09-13,ICICIBANK.NS,RELIANCE.NS,0.2786025149025176
2024-09-16,ICICIBANK.NS,RELIANCE.NS,0.2676534331195172
2024-09-17,ICICIBANK.NS,RELIANCE.NS,0.2701527908307641
2024-09-18,ICICIBANK.NS,RELIANCE.NS,0.2660143095852886
2024-09-19,ICICIBANK.NS,RELIANCE.NS,0.25287908223769046
2024-09-20,ICICIBANK.NS,RELIANCE.NS,0.22667628494704903
2024-09-23,ICICIBANK.NS,RELIANCE.NS,0.21544917448969247
2024-09-24,ICICIBANK.NS,RELIANCE.NS,0.290396393502903
2024-09-25,ICICIBANK.NS,RELIANCE.NS,0.2960621902646004
2024-09-26,ICICIBANK.NS,RELIANCE.NS,0.3160263415033575
2024-09-27,ICICIBANK.NS,RELIANCE.NS,0.2601953782812531
2024-09-30,ICICIBANK.NS,RELIANCE.NS,0.3491565271760411
2024-10-01,ICICIBANK.NS,RELIANCE.NS,0.36110702880582646
2024-10-03,ICICIBANK.NS,RELIANCE.NS,0.3957597980839254
2024-10-04,ICICIBANK.NS,RELIANCE.NS,0.41690292709376114
2024-10-07,ICICIBANK.NS,RELIANCE.NS,0.4193982418776945
2024-10-08,ICICIBANK.NS,RELIANCE.NS,0.4147150660709911
2024-10-09,ICICIBANK.NS,RELIANCE.NS,0.410540666871907
2024-10-10,ICICIBANK.NS,RELIANCE.NS,0.4117722240829467
2024-10-11,ICICIBANK.NS,RELIANCE.NS,0.4122887543511467
2024-10-14,ICICIBANK.NS,RELIANCE.NS,0.4077946615639597
2024-10-15,ICICIBANK.NS,RELIANCE.NS,0.35463010833425274
2024-10-16,ICICIBANK.NS,RELIANCE.NS,0.33709108467466625
2024-10-17,ICICIBANK.NS,RELIANCE.NS,0.32494454282816426
2024-10-18,ICICIBANK.NS,RELIANCE.NS,0.32615270955397113
2024-10-21,ICICIBANK.NS,RELIANCE.NS,0.32564107827811367
2024-10-22,ICICIBANK.NS,RELIANCE.NS,0.3017393513871481
2024-10-23,ICICIBANK.NS,RELIANCE.NS,0.2988681854071151
2024-10-24,ICICIBANK.NS,RELIANCE.NS,0.2980438627791173
2024-10-25,ICICIBANK.NS,RELIANCE.NS,0.29784950594377463
2024-10-28,ICICIBANK.NS,RELIANCE.NS,0.3118655638442263
2024-10-29,ICICIBANK.NS,RELIANCE.NS,0.3088935484469453
2024-10-30,ICICIBANK.NS,RELIANCE.NS,0.239518609285176
2024-10-31,ICICIBANK.NS,RELIANCE.NS,0.25726450599329087
2024-11-01,ICICIBANK.NS,RELIANCE.NS,0.2534397968548568
2024-11-04,ICICIBANK.NS,RELIANCE.NS,0.27174749409595245
2024-11-05,ICICIBANK.NS,RELIANCE.NS,0.2729253854416412
2024-11-06,ICICIBANK.NS,RELIANCE.NS,0.2808525072318664
2024-11-07,ICICIBANK.NS,RELIANCE.NS,0.30375862666314246
2024-11-08,ICICIBANK.NS,RELIANCE.NS,0.32360313248510947
2024-11-11,ICICIBANK.NS,RELIANCE.NS,0.2974094523453313
2024-11-12,ICICIBANK.NS,RELIANCE.NS,0.31693728325636755
2024-11-13,ICICIBANK.NS,RELIANCE.NS,0.33232400372792503
2024-11-14,ICICIBANK.NS,RELIANCE.NS,0.33335074378517104
2024-11-18,ICICIBANK.NS,RELIANCE.NS,0.3335385141759977
2024-11-19,ICICIBANK.NS,RELIANCE.NS,0.33348648846210993
2024-11-21,ICICIBANK.NS,RELIANCE.NS,0.3243568226766103
2024-11-22,ICICIBANK.NS,RELIANCE.NS,0.37899906272147205
2024-11-25,ICICIBANK.NS,RELIANCE.NS,0.3989155816818707
2024-11-26,ICICIBANK.NS,RELIANCE.NS,0.40967705316496716
2024-11-27,ICICIBANK.NS,RELIANCE.NS,0.41226306128397944
2024-11-28,ICICIBANK.NS,RELIANCE.NS,0.4230039008009343
2024-11-29,ICICIBANK.NS,RELIANCE.NS,0.4376484336920408
2024-12-02,ICICIBANK.NS,RELIANCE.NS,0.4446756759790363
2024-12-03,ICICIBANK.NS,RELIANCE.NS,0.44495340195950717
2024-12-04,ICICIBANK.NS,RELIANCE.NS,0.41847254136749035
2024-12-05,ICICIBANK.NS,RELIANCE.NS,0.4363671833526321
2024-12-06,ICICIBANK.NS,RELIANCE.NS,0.4387396033392023
2024-12-09,ICICIBANK.NS,RELIANCE.NS,0.4414870649388085
2024-12-10,ICICIBANK.NS,RELIANCE.NS,0.42549957787325177
2024-12-11,ICICIBANK.NS,RELIANCE.NS,0.42566826747978087
2024-12-12,ICICIBANK.NS,RELIANCE.NS,0.423987352450597
2024-12-13,ICICIBANK.NS,RELIANCE.NS,0.42960116552584976
2024-12-16,ICICIBANK.NS,RELIANCE.NS,0.4402409278329114
2024-12-17,ICICIBANK.NS,RELIANCE.NS,0.4476783904561383
2024-12-18,ICICIBANK.NS,RELIANCE.NS,0.4117963465486958
2024-12-19,ICICIBANK.NS,RELIANCE.NS,0.44330623010648573
2024-12-20,ICICIBANK.NS,RELIANCE.NS,0.4351089843914065
2024-12-23,ICICIBANK.NS,RELIANCE.NS,0.4383809746079115
2024-12-24,ICICIBANK.NS,RELIANCE.NS,0.43699559417201433
2024-12-26,ICICIBANK.NS,RELIANCE.NS,0.4916218333083863
2024-12-27,ICICIBANK.NS,RELIANCE.NS,0.45252729086289
2024-12-30,ICICIBANK.NS,RELIANCE.NS,0.4559132189091421
2024-12-31,ICICIBANK.NS,RELIANCE.NS,0.42057760711868086
2025-01-01,ICICIBANK.NS,RELIANCE.NS,0.4086464351615213
2025-01-02,ICICIBANK.NS,RELIANCE.NS,0.4071667414723488
2025-01-03,ICICIBANK.NS,RELIANCE.NS,0.3792811298188941
2025-01-06,ICICIBANK.NS,RELIANCE.NS,0.3842461310774432
2025-01-07,ICICIBANK.NS,RELIANCE.NS,0.39898482602858837
2025-01-08,ICICIBANK.NS,RELIANCE.NS,0.36743188610866123
2025-01-09,ICICIBANK.NS,RELIANCE.NS,0.3675189721310578
2025-01-10,ICICIBANK.NS,RELIANCE.NS,0.43113139787334953
2025-01-13,ICICIBANK.NS,RELIANCE.NS,0.4388467327081118
2025-01-14,ICICIBANK.NS,RELIANCE.NS,0.44348566841413734
2025-01-15,ICICIBANK.NS,RELIANCE.NS,0.44804844936254745
2025-01-16,ICICIBANK.NS,RELIANCE.NS,0.4613978417551935
2025-01-17,ICICIBANK.NS,RELIANCE.NS,0.3946303611499993
2025-01-20,ICICIBANK.NS,RELIANCE.NS,0.3950247189742478
2025-01-21,ICICIBANK.NS,RELIANCE.NS,0.43678752760959644
2025-01-22,ICICIBANK.NS,RELIANCE.NS,0.4415698463360624
2025-01-23,ICICIBANK.NS,RELIANCE.NS,0.44557730462517825
2025-01-24,ICICIBANK.NS,RELIANCE.NS,0.4425239482292922
2025-01-27,ICICIBANK.NS,RELIANCE.NS,0.41931964956850354
2025-01-28,ICICIBANK.NS,RELIANCE.NS,0.41573358749916756
2025-01-29,ICICIBANK.NS,RELIANCE.NS,0.41672036522256506
2025-01-30,ICICIBANK.NS,RELIANCE.NS,0.4014127453925637
2025-01-31,ICICIBANK.NS,RELIANCE.NS,0.39931001035329716
2025-02-01,ICICIBANK.NS,RELIANCE.NS,0.3952598672881581
2025-02-03,ICICIBANK.NS,RELIANCE.NS,0.3768535667907765
2025-02-04,ICICIBANK.NS,RELIANCE.NS,0.3829231346342696
2025-02-05,ICICIBANK.NS,RELIANCE.NS,0.39482846068429917
2025-02-06,ICICIBANK.NS,RELIANCE.NS,0.395297626797475
2025-02-07,ICICIBANK.NS,RELIANCE.NS,0.38814202067172915
2025-02-10,ICICIBANK.NS,RELIANCE.NS,0.3791097534343451
2025-02-11,ICICIBANK.NS,RELIANCE.NS,0.3864820848382
2025-02-12,ICICIBANK.NS,RELIANCE.NS,0.3821062866707701
2025-02-13,ICICIBANK.NS,RELIANCE.NS,0.38788137034269093
2025-02-14,ICICIBANK.NS,RELIANCE.NS,0.32390547927228514
2025-02-17,ICICIBANK.NS,RELIANCE.NS,0.2853501407657528
2025-02-18,ICICIBANK.NS,RELIANCE.NS,0.28073847603726215
2025-02-19,ICICIBANK.NS,RELIANCE.NS,0.2796779971504248
2025-02-20,ICICIBANK.NS,RELIANCE.NS,0.2534879890040224
2025-02-21,ICICIBANK.NS,RELIANCE.NS,0.23502073327220832
2025-02-24,ICICIBANK.NS,RELIANCE.NS,0.24086985426525157
2025-02-25,ICICIBANK.NS,RELIANCE.NS,0.2289822327807705
2025-02-27,ICICIBANK.NS,RELIANCE.NS,0.24012603739324484
2025-02-28,ICICIBANK.NS,RELIANCE.NS,0.22454827826419435
2025-03-03,ICICIBANK.NS,RELIANCE.NS,0.20456276845239535
2025-03-04,ICICIBANK.NS,RELIANCE.NS,0.19575501421711936
2025-03-05,ICICIBANK.NS,RELIANCE.NS,0.21237422194185154
2025-03-06,ICICIBANK.NS,RELIANCE.NS,0.21552400455931528
2025-03-07,ICICIBANK.NS,RELIANCE.NS,0.20328403217234037
2025-03-10,ICICIBANK.NS,RELIANCE.NS,0.1903380138306092
2025-03-11,ICICIBANK.NS,RELIANCE.NS,0.20385739378529336
2025-03-12,ICICIBANK.NS,RELIANCE.NS,0.18952347689960056
2025-03-13,ICICIBANK.NS,RELIANCE.NS,0.19717048067539306
2025-03-17,ICICIBANK.NS,RELIANCE.NS,0.14012747818922922
2025-03-18,ICICIBANK.NS,RELIANCE.NS,0.14685499068899222
2025-03-19,ICICIBANK.NS,RELIANCE.NS,0.1503754310777469
2025-03-20,ICICIBANK.NS,RELIANCE.NS,0.16042819169549097
2025-03-21,ICICIBANK.NS,RELIANCE.NS,0.16639674891760187
2025-03-24,ICICIBANK.NS,RELIANCE.NS,0.18372607986243153
2025-03-25,ICICIBANK.NS,RELIANCE.NS,0.18902504232197082
2025-03-26,ICICIBANK.NS,RELIANCE.NS,0.20052873563678525
2025-03-27,ICICIBANK.NS,RELIANCE.NS,0.200156101277983
2025-03-28,ICICIBANK.NS,RELIANCE.NS,0.19048844900721784
2025-04-01,ICICIBANK.NS,RELIANCE.NS,0.249753813533337
2025-04-02,ICICIBANK.NS,RELIANCE.NS,0.2507552183054359
2025-04-03,ICICIBANK.NS,RELIANCE.NS,0.23329362649352062
2025-04-04,ICICIBANK.NS,RELIANCE.NS,0.24249773860942836
2025-04-07,ICICIBANK.NS,RELIANCE.NS,0.3284279550865869
2025-04-08,ICICIBANK.NS,RELIANCE.NS,0.3308551669807625
2025-04-09,ICICIBANK.NS,RELIANCE.NS,0.3347301039544835
2025-04-11,ICICIBANK.NS,RELIANCE.NS,0.34477152990918375
2025-04-15,ICICIBANK.NS,RELIANCE.NS,0.3761823190395368
2025-04-16,ICICIBANK.NS,RELIANCE.NS,0.37098947754133943
2025-04-17,ICICIBANK.NS,RELIANCE.NS,0.5010406486340863
2025-04-21,ICICIBANK.NS,RELIANCE.NS,0.49499903298963144
2025-04-22,ICICIBANK.NS,RELIANCE.NS,0.45846445615312104
2025-04-23,ICICIBANK.NS,RELIANCE.NS,0.4591265752643175
2025-04-24,ICICIBANK.NS,RELIANCE.NS,0.4499945883167835
2025-04-25,ICICIBANK.NS,RELIANCE.NS,0.45935874723853165
2025-04-28,ICICIBANK.NS,RELIANCE.NS,0.5004427378842813
2025-04-29,ICICIBANK.NS,RELIANCE.NS,0.4923353916905505
2025-04-30,ICICIBANK.NS,RELIANCE.NS,0.49148270063095356
2025-05-02,ICICIBANK.NS,RELIANCE.NS,0.4917466869006101
2025-05-05,ICICIBANK.NS,RELIANCE.NS,0.4939413457321604
2025-05-06,ICICIBANK.NS,RELIANCE.NS,0.4931322118755486
2025-05-07,ICICIBANK.NS,RELIANCE.NS,0.4889514060340143
2025-05-08,ICICIBANK.NS,RELIANCE.NS,0.48048978939683473
2025-05-09,ICICIBANK.NS,RELIANCE.NS,0.5080905970104053
2025-05-12,ICICIBANK.NS,RELIANCE.NS,0.5687999125234707
2025-05-13,ICICIBANK.NS,RELIANCE.NS,0.5704053648685337
2025-05-14,ICICIBANK.NS,RELIANCE.NS,0.5729323013379036
2025-05-15,ICICIBANK.NS,RELIANCE.NS,0.5765150746826967
2025-05-16,ICICIBANK.NS,RELIANCE.NS,0.5782583413161846
2025-05-19,ICICIBANK.NS,RELIANCE.NS,0.5795495812733699
2025-05-20,ICICIBANK.NS,RELIANCE.NS,0.5857329385156281
2025-05-21,ICICIBANK.NS,RELIANCE.NS,0.5906607091270529
2025-05-22,ICICIBANK.NS,RELIANCE.NS,0.5911148983830904
2025-05-23,ICICIBANK.NS,RELIANCE.NS,0.5959916619845858
2025-05-26,ICICIBANK.NS,RELIANCE.NS,0.6016109327447626
2025-05-27,ICICIBANK.NS,RELIANCE.NS,0.6055766440313131
2025-05-28,ICICIBANK.NS,RELIANCE.NS,0.5967587836891246
2025-05-29,ICICIBANK.NS,RELIANCE.NS,0.6006565939928272
2025-05-30,ICICIBANK.NS,RELIANCE.NS,0.5987218878608592
2025-06-02,ICICIBANK.NS,RELIANCE.NS,0.5959234437940922
2025-06-03,ICICIBANK.NS,RELIANCE.NS,0.6097744130127553
2025-06-04,ICICIBANK.NS,RELIANCE.NS,0.603703184560778
2025-06-05,ICICIBANK.NS,RELIANCE.NS,0.6074474389784784
2025-06-06,ICICIBANK.NS,RELIANCE.NS,0.622986804031281
2025-06-09,ICICIBANK.NS,RELIANCE.NS,0.6459158871849959
2025-06-10,ICICIBANK.NS,RELIANCE.NS,0.6498125441218486
2025-06-11,ICICIBANK.NS,RELIANCE.NS,0.6570152408168455
2025-06-12,ICICIBANK.NS,RELIANCE.NS,0.6609053441974467
2025-06-13,ICICIBANK.NS,RELIANCE.NS,0.6680319633187642
2025-06-16,ICICIBANK.NS,RELIANCE.NS,0.6862639650155161
2025-06-17,ICICIBANK.NS,RELIANCE.NS,0.6868695424144189
2025-06-18,ICICIBANK.NS,RELIANCE.NS,0.7111704213272817
2025-06-19,ICICIBANK.NS,RELIANCE.NS,0.7112053027975875
2025-06-20,ICICIBANK.NS,RELIANCE.NS,0.7182178511305254
2025-06-23,ICICIBANK.NS,RELIANCE.NS,0.715820420195976
2025-06-24,ICICIBANK.NS,RELIANCE.NS,0.7094816883259133
2025-06-25,ICICIBANK.NS,RELIANCE.NS,0.7056801910859686
2025-06-26,ICICIBANK.NS,RELIANCE.NS,0.7079768908345132
2025-06-27,ICICIBANK.NS,RELIANCE.NS,0.7166328906964172
2025-06-30,ICICIBANK.NS,RELIANCE.NS,0.7098149786998053
2025-07-01,ICICIBANK.NS,RELIANCE.NS,0.6910500992220455
2025-07-02,ICICIBANK.NS,RELIANCE.NS,0.6913699504284323
2025-07-03,ICICIBANK.NS,RELIANCE.NS,0.7440894625949527
2025-07-04,ICICIBANK.NS,RELIANCE.NS,0.7061367514986326
2025-07-07,ICICIBANK.NS,RELIANCE.NS,0.6978553267154705
2025-07-08,ICICIBANK.NS,RELIANCE.NS,0.6940354991982454
2025-07-09,ICICIBANK.NS,RELIANCE.NS,0.7009451168867576
2025-07-10,ICICIBANK.NS,RELIANCE.NS,0.7006854629154163
2025-07-11,ICICIBANK.NS,RELIANCE.NS,0.6976090735606649
2025-07-14,ICICIBANK.NS,RELIANCE.NS,0.6718786312336532
2025-07-15,ICICIBANK.NS,RELIANCE.NS,0.6727610691969161
2025-07-16,ICICIBANK.NS,RELIANCE.NS,0.6783685028889558
2025-07-17,ICICIBANK.NS,RELIANCE.NS,0.679369763791843
2025-07-18,ICICIBANK.NS,RELIANCE.NS,0.6876011703314918
2025-07-21,ICICIBANK.NS,RELIANCE.NS,0.5081904943977408
2025-07-22,ICICIBANK.NS,RELIANCE.NS,0.468178327940434
2025-07-23,ICICIBANK.NS,RELIANCE.NS,0.48657896962750224
2025-07-24,ICICIBANK.NS,RELIANCE.NS,0.4896033624482481
2025-07-25,ICICIBANK.NS,RELIANCE.NS,0.4932302099169993
2025-07-28,ICICIBANK.NS,RELIANCE.NS,0.4922621753456236
2025-07-29,ICICIBANK.NS,RELIANCE.NS,0.4752946271162729
2025-07-30,ICICIBANK.NS,RELIANCE.NS,0.48224771290779417
2025-07-31,ICICIBANK.NS,RELIANCE.NS,0.47917428228284287
2025-08-01,ICICIBANK.NS,RELIANCE.NS,0.4310710694275978
2025-08-04,ICICIBANK.NS,RELIANCE.NS,0.21311206419105094
2025-08-05,ICICIBANK.NS,RELIANCE.NS,0.21318262891023534
2025-08-06,ICICIBANK.NS,RELIANCE.NS,0.2179916109327222
2025-08-07,ICICIBANK.NS,RELIANCE.NS,0.1591458788556442
2025-08-08,ICICIBANK.NS,RELIANCE.NS,0.16411767248857403
2025-08-11,ICICIBANK.NS,RELIANCE.NS,0.15827362573914372
2025-08-12,ICICIBANK.NS,RELIANCE.NS,0.14617181263839016
2025-08-13,ICICIBANK.NS,RELIANCE.NS,0.1428527033226065
2025-08-14,ICICIBANK.NS,RELIANCE.NS,0.13767251532364824
2025-08-18,ICICIBANK.NS,RELIANCE.NS,0.1313621406007935
2025-08-19,ICICIBANK.NS,RELIANCE.NS,0.12331753946421327
2025-08-20,ICICIBANK.NS,RELIANCE.NS,0.11178550585554359
2025-08-21,ICICIBANK.NS,RELIANCE.NS,0.13460472629099557
2025-08-22,ICICIBANK.NS,RELIANCE.NS,0.14610958181118522
2025-08-25,ICICIBANK.NS,RELIANCE.NS,0.14919353177511882
2025-08-26,ICICIBANK.NS,RELIANCE.NS,0.18911640678507197
2025-08-28,ICICIBANK.NS,RELIANCE.NS,0.17659370341370464
2025-08-29,ICICIBANK.NS,RELIANCE.NS,0.18798492337817066
2025-09-01,ICICIBANK.NS,RELIANCE.NS,0.14611271447096016
2025-09-02,ICICIBANK.NS,RELIANCE.NS,0.11957952067217362
2025-09-03,ICICIBANK.NS,RELIANCE.NS,0.14129765387779775
2025-09-04,ICICIBANK.NS,RELIANCE.NS,0.12035826733535332
2025-09-05,ICICIBANK.NS,RELIANCE.NS,0.10663873938587294
2025-09-08,ICICIBANK.NS,RELIANCE.NS,0.10361485599835075
2025-09-09,ICICIBANK.NS,RELIANCE.NS,0.09325462688849226
2025-09-10,ICICIBANK.NS,RELIANCE.NS,0.0828572369330163
2025-09-11,ICICIBANK.NS,RELIANCE.NS,0.07922389685330895
2025-09-12,ICICIBANK.NS,RELIANCE.NS,0.0974112054904469
2025-09-15,ICICIBANK.NS,RELIANCE.NS,0.09861026589396771
2025-09-16,ICICIBANK.NS,RELIANCE.NS,0.0512287052920991
2025-09-17,ICICIBANK.NS,RELIANCE.NS,0.04260688368877696
2025-09-18,ICICIBANK.NS,RELIANCE.NS,0.045228505746380224
2025-09-19,ICICIBANK.NS,RELIANCE.NS,0.05542321198012217
2025-09-22,ICICIBANK.NS,RELIANCE.NS,0.017385234906424244
2025-09-23,ICICIBANK.NS,RELIANCE.NS,-0.03706476962949646
2025-09-24,ICICIBANK.NS,RELIANCE.NS,-0.051833584535814284
2025-09-25,ICICIBANK.NS,RELIANCE.NS,-0.004419502133675078
2025-09-26,ICICIBANK.NS,RELIANCE.NS,-0.020976142255093044
2025-09-29,ICICIBANK.NS,RELIANCE.NS,-0.017144505796988816
2025-09-30,ICICIBANK.NS,RELIANCE.NS,-0.04265780963822867
2025-10-01,ICICIBANK.NS,RELIANCE.NS,-0.007980568655647604
2025-10-03,ICICIBANK.NS,RELIANCE.NS,-0.005279841030784126
2025-10-06,ICICIBANK.NS,RELIANCE.NS,-0.02175319597465552
2025-10-07,ICICIBANK.NS,RELIANCE.NS,-0.002212012700720285
2025-10-08,ICICIBANK.NS,RELIANCE.NS,0.003685462342528198
2025-10-09,ICICIBANK.NS,RELIANCE.NS,0.014834917024172913
2025-10-10,ICICIBANK.NS,RELIANCE.NS,0.014898750968886536
2025-10-13,ICICIBANK.NS,RELIANCE.NS,0.01584760368426932
2025-10-14,ICICIBANK.NS,RELIANCE.NS,0.011577908349691206
2025-10-15,ICICIBANK.NS,RELIANCE.NS,0.010275327075525514
2025-10-16,ICICIBANK.NS,RELIANCE.NS,0.31139984464501685
2025-10-17,ICICIBANK.NS,RELIANCE.NS,0.36367155802354934
2025-10-20,ICICIBANK.NS,RELIANCE.NS,0.04950940128845602
2025-10-21,ICICIBANK.NS,RELIANCE.NS,0.0440622406342777
2025-10-23,ICICIBANK.NS,RELIANCE.NS,0.0673060520667999
2025-10-24,ICICIBANK.NS,RELIANCE.NS,0.07665358114904211
2025-10-27,ICICIBANK.NS,RELIANCE.NS,0.08226662700033387
2025-10-28,ICICIBANK.NS,RELIANCE.NS,0.07827610938656315
2025-10-29,ICICIBANK.NS,RELIANCE.NS,0.09364163888464988
2025-10-30,ICICIBANK.NS,RELIANCE.NS,0.1048286313843275
2025-10-31,ICICIBANK.NS,RELIANCE.NS,0.12038874644101458
2025-11-03,ICICIBANK.NS,RELIANCE.NS,0.087975174775015
2025-11-04,ICICIBANK.NS,RELIANCE.NS,0.09773773189388037
2025-11-06,ICICIBANK.NS,RELIANCE.NS,0.06297888910902091
2025-11-07,ICICIBANK.NS,RELIANCE.NS,0.008811804776849216
2025-11-10,ICICIBANK.NS,RELIANCE.NS,0.011168101580254287
2025-11-11,ICICIBANK.NS,RELIANCE.NS,0.011515207686304835
2025-11-12,ICICIBANK.NS,RELIANCE.NS,0.01369573214991958
2025-11-13,ICICIBANK.NS,RELIANCE.NS,0.009478069594429006
2025-11-14,ICICIBANK.NS,RELIANCE.NS,-0.0004478232922172825
2025-11-17,ICICIBANK.NS,RELIANCE.NS,-0.011396091673360158
2025-11-18,ICICIBANK.NS,RELIANCE.NS,-0.015045076880973797
2025-11-19,ICICIBANK.NS,RELIANCE.NS,-0.033189245645099515
2025-11-20,ICICIBANK.NS,RELIANCE.NS,-0.044704605970163784
2025-11-21,ICICIBANK.NS,RELIANCE.NS,-0.03858989152226435
2025-11-24,ICICIBANK.NS,RELIANCE.NS,-0.08597847844646406
2025-11-25,ICICIBANK.NS,RELIANCE.NS,-0.09024922965500252
2025-11-26,ICICIBANK.NS,RELIANCE.NS,-0.04795993782606814
2025-11-27,ICICIBANK.NS,RELIANCE.NS,-0.054794253583411404
2025-11-28,ICICIBANK.NS,RELIANCE.NS,-0.03947883231109892
2025-12-01,ICICIBANK.NS,RELIANCE.NS,-0.04098258191372834
2025-12-02,ICICIBANK.NS,RELIANCE.NS,0.010030222423796009
2025-12-03,ICICIBANK.NS,RELIANCE.NS,-0.005370238930961736
2025-12-04,ICICIBANK.NS,RELIANCE.NS,-0.002801569284501032
2025-12-05,ICICIBANK.NS,RELIANCE.NS,-0.001081078808812501
2025-12-08,ICICIBANK.NS,RELIANCE.NS,-0.0008718235389368974
2025-12-09,ICICIBANK.NS,RELIANCE.NS,0.02047029221265428
2025-12-10,ICICIBANK.NS,RELIANCE.NS,0.00022502309252238264
2025-12-11,ICICIBANK.NS,RELIANCE.NS,-0.001654047070143499
2025-12-12,ICICIBANK.NS,RELIANCE.NS,0.0028079048763842034
2025-12-15,ICICIBANK.NS,RELIANCE.NS,0.0037012660850222067
2025-12-16,ICICIBANK.NS,RELIANCE.NS,0.001602319522403209
2025-12-17,ICICIBANK.NS,RELIANCE.NS,-0.015465201431474734
2025-12-18,ICICIBANK.NS,RELIANCE.NS,-0.016897375253561008
2025-12-19,ICICIBANK.NS,RELIANCE.NS,-0.02233103452370902
2025-12-22,ICICIBANK.NS,RELIANCE.NS,-0.0237469771571242
2025-12-23,ICICIBANK.NS,RELIANCE.NS,-0.029347591281225133
2025-12-24,ICICIBANK.NS,RELIANCE.NS,-0.021210617034924124
2025-12-26,ICICIBANK.NS,RELIANCE.NS,-0.028649645087579494
2025-12-29,ICICIBANK.NS,RELIANCE.NS,-0.017451815044497082
2025-12-30,ICICIBANK.NS,RELIANCE.NS,-0.022427282804314178
2025-12-31,ICICIBANK.NS,RELIANCE.NS,-0.025469544355715548
2026-01-01,ICICIBANK.NS,RELIANCE.NS,-0.024878888240567228
2026-01-02,ICICIBANK.NS,RELIANCE.NS,-0.012119012822572293
2026-01-05,ICICIBANK.NS,RELIANCE.NS,-0.04965101743879237
2026-01-06,ICICIBANK.NS,RELIANCE.NS,-0.24459592043385958
2026-01-07,ICICIBANK.NS,RELIANCE.NS,-0.24872235907957854
2026-01-08,ICICIBANK.NS,RELIANCE.NS,-0.2565203003558563
2026-01-09,ICICIBANK.NS,RELIANCE.NS,-0.2527370017867218
2026-01-12,ICICIBANK.NS,RELIANCE.NS,-0.2470135891031302
2026-01-13,ICICIBANK.NS,RELIANCE.NS,-0.32102060658900067
2026-01-14,ICICIBANK.NS,RELIANCE.NS,-0.3541558700247286
2026-01-15,ICICIBANK.NS,RELIANCE.NS,-0.23435607424547486
2026-01-16,ICICIBANK.NS,RELIANCE.NS,-0.23508186075747456
2026-01-19,ICICIBANK.NS,RELIANCE.NS,-0.14086948219206144
2026-01-20,ICICIBANK.NS,RELIANCE.NS,-0.13721762631028148
2026-01-21,ICICIBANK.NS,RELIANCE.NS,-0.16150288005105543
2026-01-22,ICICIBANK.NS,RELIANCE.NS,-0.15840263327979753
2026-01-23,ICICIBANK.NS,RELIANCE.NS,-0.16804997147005118
2026-01-27,ICICIBANK.NS,RELIANCE.NS,-0.18051326636080264
2026-01-28,ICICIBANK.NS,RELIANCE.NS,-0.17262542467655342
2026-01-29,ICICIBANK.NS,RELIANCE.NS,-0.17587737378698534
2026-01-30,ICICIBANK.NS,RELIANCE.NS,-0.19084463043917227
2026-02-02,ICICIBANK.NS,RELIANCE.NS,-0.16434587277453694
2026-02-03,ICICIBANK.NS,RELIANCE.NS,0.0018657075696547013
2026-02-04,ICICIBANK.NS,RELIANCE.NS,0.022462598719274685
2026-02-05,ICICIBANK.NS,RELIANCE.NS,0.02999329343451365
2026-02-06,ICICIBANK.NS,RELIANCE.NS,0.03511526139087958
2026-02-09,ICICIBANK.NS,RELIANCE.NS,0.027448292545333496
2026-02-10,ICICIBANK.NS,RELIANCE.NS,0.03375069730534619
2026-02-11,ICICIBANK.NS,RELIANCE.NS,0.03287456890536738
2026-02-12,ICICIBANK.NS,RELIANCE.NS,0.004782892109681963
2026-02-13,ICICIBANK.NS,RELIANCE.NS,0.03237923663424892
2026-02-16,ICICIBANK.NS,RELIANCE.NS,0.029742111713794466
2026-02-17,ICICIBANK.NS,RELIANCE.NS,0.03308895329610542
2026-02-18,ICICIBANK.NS,RELIANCE.NS,0.0317485778355715
2026-02-19,ICICIBANK.NS,RELIANCE.NS,0.0717626671803707
2026-02-20,ICICIBANK.NS,RELIANCE.NS,0.044566150114241254
2026-02-23,ICICIBANK.NS,RELIANCE.NS,0.052354062089700996
2026-02-24,ICICIBANK.NS,RELIANCE.NS,0.05057751705440571
2026-02-25,ICICIBANK.NS,RELIANCE.NS,0.021412373775955798
2026-02-26,ICICIBANK.NS,RELIANCE.NS,0.006829630894498995
2026-02-27,ICICIBANK.NS,RELIANCE.NS,0.030122562276323685
2026-03-02,ICICIBANK.NS,RELIANCE.NS,0.03918503017304017
2026-03-04,ICICIBANK.NS,RELIANCE.NS,0.04178552166855821
2026-03-05,ICICIBANK.NS,RELIANCE.NS,0.018487836494755428
2026-03-06,ICICIBANK.NS,RELIANCE.NS,-0.03341516942495984
2026-03-09,ICICIBANK.NS,RELIANCE.NS,-0.06640899743871946
2026-03-10,ICICIBANK.NS,RELIANCE.NS,-0.08707713371991808
2026-03-11,ICICIBANK.NS,RELIANCE.NS,-0.07668120079484107
2026-03-12,ICICIBANK.NS,RELIANCE.NS,-0.08129698351216472
2026-03-13,ICICIBANK.NS,RELIANCE.NS,-0.07493131332819618
2026-03-16,ICICIBANK.NS,RELIANCE.NS,-0.05387892551400625
2026-03-17,ICICIBANK.NS,RELIANCE.NS,-0.04990611135357936
2026-03-18,ICICIBANK.NS,RELIANCE.NS,-0.04745822014712092
2026-03-19,ICICIBANK.NS,RELIANCE.NS,-0.015980162796480332
2026-03-20,ICICIBANK.NS,RELIANCE.NS,-0.020625057637369434
2026-03-23,ICICIBANK.NS,RELIANCE.NS,-0.01644864950449838
2026-03-24,ICICIBANK.NS,RELIANCE.NS,-0.005851857516717742
2026-03-25,ICICIBANK.NS,RELIANCE.NS,-0.006818795724018894
2026-03-27,ICICIBANK.NS,RELIANCE.NS,0.05971526079206719
2026-03-30,ICICIBANK.NS,RELIANCE.NS,0.05799845647409547
2026-04-01,ICICIBANK.NS,RELIANCE.NS,0.0694481818829584
2026-04-02,ICICIBANK.NS,RELIANCE.NS,0.052060036888831436
2026-04-06,ICICIBANK.NS,RELIANCE.NS,0.02322126213909783
2026-04-07,ICICIBANK.NS,RELIANCE.NS,0.1328663080941795
2026-04-08,ICICIBANK.NS,RELIANCE.NS,0.2446316672525538
2026-04-09,ICICIBANK.NS,RELIANCE.NS,0.2698193551743536
2026-04-10,ICICIBANK.NS,RELIANCE.NS,0.3047690806897692
2026-04-13,ICICIBANK.NS,RELIANCE.NS,0.2550435174385877
2026-04-15,ICICIBANK.NS,RELIANCE.NS,0.27567535826568457
2026-04-16,ICICIBANK.NS,RELIANCE.NS,0.2814520596216234
2026-04-17,ICICIBANK.NS,RELIANCE.NS,0.2805618447400984
2026-04-20,ICICIBANK.NS,RELIANCE.NS,0.28022056180090205
2026-04-21,ICICIBANK.NS,RELIANCE.NS,0.2346230229443204
2026-04-22,ICICIBANK.NS,RELIANCE.NS,0.22387177776980574
2026-04-23,ICICIBANK.NS,RELIANCE.NS,0.2475326204082386
2026-04-24,ICICIBANK.NS,RELIANCE.NS,0.25602305465592134
2026-04-27,ICICIBANK.NS,RELIANCE.NS,0.23160881881125583
2026-04-28,ICICIBANK.NS,RELIANCE.NS,0.21521066000542927
2026-04-29,ICICIBANK.NS,RELIANCE.NS,0.19508144747023967
2026-04-30,ICICIBANK.NS,RELIANCE.NS,0.19632206682467407
2026-05-01,ICICIBANK.NS,RELIANCE.NS,0.20185824167444896
2026-05-04,ICICIBANK.NS,RELIANCE.NS,0.20784857795779713
2026-05-05,ICICIBANK.NS,RELIANCE.NS,0.1581034343908625
2026-05-06,ICICIBANK.NS,RELIANCE.NS,0.11489953691169984
2026-05-07,ICICIBANK.NS,RELIANCE.NS,0.11111729588446827
2026-05-08,ICICIBANK.NS,RELIANCE.NS,0.10877861356034263
2026-05-11,ICICIBANK.NS,RELIANCE.NS,0.10243774331385608
2026-05-12,ICICIBANK.NS,RELIANCE.NS,0.1207863685390721
2026-05-13,ICICIBANK.NS,RELIANCE.NS,0.1204445173479588
2026-05-14,ICICIBANK.NS,RELIANCE.NS,0.13903009850672599
2026-05-15,ICICIBANK.NS,RELIANCE.NS,0.1280401204966791
2026-05-18,ICICIBANK.NS,RELIANCE.NS,0.12893383063449482
2026-05-19,ICICIBANK.NS,RELIANCE.NS,0.1317333661775463
2026-05-20,ICICIBANK.NS,RELIANCE.NS,0.12561248142589546
2026-05-21,ICICIBANK.NS,RELIANCE.NS,0.10890888457360696
2026-05-22,ICICIBANK.NS,RELIANCE.NS,0.11018096219310755
2026-05-25,ICICIBANK.NS,RELIANCE.NS,0.12019451891823124
2026-05-26,ICICIBANK.NS,RELIANCE.NS,0.12453329319253689
2026-05-27,ICICIBANK.NS,RELIANCE.NS,0.1437875992431136
2026-05-28,ICICIBANK.NS,RELIANCE.NS,0.14224608685435797
2026-05-29,ICICIBANK.NS,RELIANCE.NS,0.1471611337896898
2026-06-01,ICICIBANK.NS,RELIANCE.NS,0.1464437710056621
2026-06-02,ICICIBANK.NS,RELIANCE.NS,0.14593248615602877
2026-06-03,ICICIBANK.NS,RELIANCE.NS,0.159262146502834
2026-06-04,ICICIBANK.NS,RELIANCE.NS,0.18641678235468434
2026-06-05,ICICIBANK.NS,RELIANCE.NS,0.21645082308938943
2026-06-08,ICICIBANK.NS,RELIANCE.NS,0.24844333773188074
2026-06-09,ICICIBANK.NS,RELIANCE.NS,0.24533543684940232
2026-06-10,ICICIBANK.NS,RELIANCE.NS,0.2450306438582167
2026-06-11,ICICIBANK.NS,RELIANCE.NS,0.2444276733050047
2026-06-12,ICICIBANK.NS,RELIANCE.NS,0.25794684415183583
2026-06-15,ICICIBANK.NS,RELIANCE.NS,0.24628525210197336
2026-06-16,ICICIBANK.NS,RELIANCE.NS,0.24951540558175678
2026-06-17,ICICIBANK.NS,RELIANCE.NS,0.2256648052510447
2026-06-18,ICICIBANK.NS,RELIANCE.NS,0.23682951547755246
2026-06-19,ICICIBANK.NS,RELIANCE.NS,0.23226365618273107
2026-06-22,ICICIBANK.NS,RELIANCE.NS,0.23206124822361282
2026-06-23,ICICIBANK.NS,RELIANCE.NS,0.23933143565534276
2026-06-24,ICICIBANK.NS,RELIANCE.NS,0.18561230120952318
2026-06-25,ICICIBANK.NS,RELIANCE.NS,0.18630025106420728
2026-06-26,ICICIBANK.NS,RELIANCE.NS,0.18393124447633327
2026-06-29,ICICIBANK.NS,RELIANCE.NS,0.18653529582643533
2026-06-30,ICICIBANK.NS,RELIANCE.NS,0.2303734026687039
2026-07-01,ICICIBANK.NS,RELIANCE.NS,0.23158718293411015
2026-07-02,ICICIBANK.NS,RELIANCE.NS,0.10435176856567967
2026-07-03,ICICIBANK.NS,RELIANCE.NS,0.07847267043242452
2026-07-06,ICICIBANK.NS,RELIANCE.NS,0.04662770416114772
2026-07-07,ICICIBANK.NS,RELIANCE.NS,0.12035498433569375
2026-07-08,ICICIBANK.NS,RELIANCE.NS,0.18753537344609192
2026-07-09,ICICIBANK.NS,RELIANCE.NS,0.18732182062773517
2026-07-10,ICICIBANK.NS,RELIANCE.NS,0.21606350053029708
2026-07-13,ICICIBANK.NS,RELIANCE.NS,0.2118027264987051
2026-07-14,ICICIBANK.NS,RELIANCE.NS,0.2362488753997666
2026-07-15,ICICIBANK.NS,RELIANCE.NS,0.2534565889120661
2026-07-16,ICICIBANK.NS,RELIANCE.NS,0.23701522752479276
2026-07-17,ICICIBANK.NS,RELIANCE.NS,0.25516556853622946
2026-07-20,ICICIBANK.NS,RELIANCE.NS,0.2985399851304674
2026-07-21,ICICIBANK.NS,RELIANCE.NS,0.34622509138202534
2026-07-22,ICICIBANK.NS,RELIANCE.NS,0.4111104207113711
2026-07-23,ICICIBANK.NS,RELIANCE.NS,0.43379745543156506
2026-07-24,ICICIBANK.NS,RELIANCE.NS,0.43060652163877045
2026-07-27,ICICIBANK.NS,RELIANCE.NS,0.43602151937963923
2026-07-28,ICICIBANK.NS,RELIANCE.NS,0.456617172406957
2026-07-29,ICICIBANK.NS,RELIANCE.NS,0.5192136947610125
2026-07-30,ICICIBANK.NS,RELIANCE.NS,0.502566912280396
2026-07-31,ICICIBANK.NS,RELIANCE.NS,0.5036004639517094
2026-08-03,ICICIBANK.NS,RELIANCE.NS,0.5370737630908148
2026-08-04,ICICIBANK.NS,RELIANCE.NS,0.5165326781306616
2026-08-05,ICICIBANK.NS,RELIANCE.NS,0.5187211695808366
2026-08-06,ICICIBANK.NS,RELIANCE.NS,0.49109803497507026
2026-08-07,ICICIBANK.NS,RELIANCE.NS,0.43978408309873207
2026-08-10,ICICIBANK.NS,RELIANCE.NS,0.4350549965262274
2026-08-11,ICICIBANK.NS,RELIANCE.NS,0.4283834787398396
2026-08-12,ICICIBANK.NS,RELIANCE.NS,0.46787101224105465
2026-08-13,ICICIBANK.NS,RELIANCE.NS,0.47890389213293555
2026-08-14,ICICIBANK.NS,RELIANCE.NS,0.47419091773470035
2026-08-17,ICICIBANK.NS,RELIANCE.NS,0.4615746089457529
2026-08-18,ICICIBANK.NS,RELIANCE.NS,0.4522114017925599
2026-08-19,ICICIBANK.NS,RELIANCE.NS,0.45563112327645217
2026-08-20,ICICIBANK.NS,RELIANCE.NS,0.45622575323534187
2026-08-21,ICICIBANK.NS,RELIANCE.NS,0.4339130768829965
2026-08-24,ICICIBANK.NS,RELIANCE.NS,0.44175044585772355
2026-08-25,ICICIBANK.NS,RELIANCE.NS,0.44136336031007317
2026-08-26,ICICIBANK.NS,RELIANCE.NS,0.435079611659738
2026-08-27,ICICIBANK.NS,RELIANCE.NS,0.42627907228151746
2026-08-28,ICICIBANK.NS,RELIANCE.NS,0.41481297301417736
2026-08-31,ICICIBANK.NS,RELIANCE.NS,0.36215232523668583
2026-09-01,ICICIBANK.NS,RELIANCE.NS,0.29791752376902453
2026-09-02,ICICIBANK.NS,RELIANCE.NS,0.3117672865272646
2026-09-03,ICICIBANK.NS,RELIANCE.NS,0.3099790515667144
2026-09-04,ICICIBANK.NS,RELIANCE.NS,0.2547627609996341
2026-09-07,ICICIBANK.NS,RELIANCE.NS,0.27199136301735827
2026-09-08,ICICIBANK.NS,RELIANCE.NS,0.28910544870256505
2026-09-09,ICICIBANK.NS,RELIANCE.NS,0.29833014354297194
2026-09-10,ICICIBANK.NS,RELIANCE.NS,0.30131636204883133
2026-09-11,ICICIBANK.NS,RELIANCE.NS,0.3136534217251187
2026-09-14,ICICIBANK.NS,RELIANCE.NS,0.3104283475422035
2026-09-15,ICICIBANK.NS,RELIANCE.NS,0.33118997897529784
2026-09-16,ICICIBANK.NS,RELIANCE.NS,0.336548009781806
2026-09-17,ICICIBANK.NS,RELIANCE.NS,0.32663903258189686
2026-09-18,ICICIBANK.NS,RELIANCE.NS,0.33336001421439254
2026-09-21,ICICIBANK.NS,RELIANCE.NS,0.3420987822063449
2026-09-22,ICICIBANK.NS,RELIANCE.NS,0.34047475940793315
2026-09-23,ICICIBANK.NS,RELIANCE.NS,0.3373410065449532
2026-09-24,ICICIBANK.NS,RELIANCE.NS,0.34987509122392624
2026-09-25,ICICIBANK.NS,RELIANCE.NS,0.34423184854946065
2026-09-28,ICICIBANK.NS,RELIANCE.NS,0.3628544993812665
2026-09-29,ICICIBANK.NS,RELIANCE.NS,0.3635446035465308
2026-09-30,ICICIBANK.NS,RELIANCE.NS,0.31691970498518557
2026-10-01,ICICIBANK.NS,RELIANCE.NS,0.32709160261801973
2021-12-31,ICICIBANK.NS,TCS.NS,0.12135828057154546
2022-01-03,ICICIBANK.NS,TCS.NS,0.1545386710160852
2022-01-04,ICICIBANK.NS,TCS.NS,0.14357781195217317
2022-01-05,ICICIBANK.NS,TCS.NS,0.13659930709593224
2022-01-06,ICICIBANK.NS,TCS.NS,0.24202035272679426
2022-01-07,ICICIBANK.NS,TCS.NS,0.24246727522548372
2022-01-10,ICICIBANK.NS,TCS.NS,0.24901295448863386
2022-01-11,ICICIBANK.NS,TCS.NS,0.27147912294921805
2022-01-12,ICICIBANK.NS,TCS.NS,0.23626186093169502
2022-01-13,ICICIBANK.NS,TCS.NS,0.23512036600741884
2022-01-14,ICICIBANK.NS,TCS.NS,0.21902018302933107
2022-01-17,ICICIBANK.NS,TCS.NS,0.2454174341963075
2022-01-18,ICICIBANK.NS,TCS.NS,0.2473993870024215
2022-01-19,ICICIBANK.NS,TCS.NS,0.4165516070140166
2022-01-20,ICICIBANK.NS,TCS.NS,0.3895952181917614
2022-01-21,ICICIBANK.NS,TCS.NS,0.38929038654425063
2022-01-24,ICICIBANK.NS,TCS.NS,0.33459345755451464
2022-01-25,ICICIBANK.NS,TCS.NS,0.33952485642736807
2022-01-27,ICICIBANK.NS,TCS.NS,0.35084225262168217
2022-01-28,ICICIBANK.NS,TCS.NS,0.3259262977330963
2022-01-31,ICICIBANK.NS,TCS.NS,0.34184814619066806
2022-02-01,ICICIBANK.NS,TCS.NS,0.37267091301225597
2022-02-02,ICICIBANK.NS,TCS.NS,0.3727283222240398
2022-02-03,ICICIBANK.NS,TCS.NS,0.3780949947879848
2022-02-04,ICICIBANK.NS,TCS.NS,0.3756996434255978
2022-02-07,ICICIBANK.NS,TCS.NS,0.39209811415851864
2022-02-08,ICICIBANK.NS,TCS.NS,0.37743127324811243
2022-02-09,ICICIBANK.NS,TCS.NS,0.38358813950296994
2022-02-10,ICICIBANK.NS,TCS.NS,0.3863063275160179
2022-02-11,ICICIBANK.NS,TCS.NS,0.408058986493645
2022-02-14,ICICIBANK.NS,TCS.NS,0.3390390820471762
2022-02-15,ICICIBANK.NS,TCS.NS,0.3691322716269511
2022-02-16,ICICIBANK.NS,TCS.NS,0.36984366177457945
2022-02-17,ICICIBANK.NS,TCS.NS,0.38818221595708347
2022-02-18,ICICIBANK.NS,TCS.NS,0.38889414529739774
2022-02-21,ICICIBANK.NS,TCS.NS,0.38247750172054734
2022-02-22,ICICIBANK.NS,TCS.NS,0.38503406817016744
2022-02-23,ICICIBANK.NS,TCS.NS,0.3937830781095336
2022-02-24,ICICIBANK.NS,TCS.NS,0.4804679296485927
2022-02-25,ICICIBANK.NS,TCS.NS,0.5350522822168365
2022-02-28,ICICIBANK.NS,TCS.NS,0.5406547443410377
2022-03-02,ICICIBANK.NS,TCS.NS,0.5236522232548293
2022-03-03,ICICIBANK.NS,TCS.NS,0.5069267607776192
2022-03-04,ICICIBANK.NS,TCS.NS,0.5001635717277876
2022-03-07,ICICIBANK.NS,TCS.NS,0.5031878544036987
2022-03-08,ICICIBANK.NS,TCS.NS,0.5156202534144594
2022-03-09,ICICIBANK.NS,TCS.NS,0.5164513225264408
2022-03-10,ICICIBANK.NS,TCS.NS,0.509180937308075
2022-03-11,ICICIBANK.NS,TCS.NS,0.5055288704844383
2022-03-14,ICICIBANK.NS,TCS.NS,0.5178003539161798
2022-03-15,ICICIBANK.NS,TCS.NS,0.5160820076707083
2022-03-16,ICICIBANK.NS,TCS.NS,0.5205492101895414
2022-03-17,ICICIBANK.NS,TCS.NS,0.5148533699567939
2022-03-21,ICICIBANK.NS,TCS.NS,0.5179618929854776
2022-03-22,ICICIBANK.NS,TCS.NS,0.5241938219855189
2022-03-23,ICICIBANK.NS,TCS.NS,0.5252223452908323
2022-03-24,ICICIBANK.NS,TCS.NS,0.5055033473236642
2022-03-25,ICICIBANK.NS,TCS.NS,0.5070549176008978
2022-03-28,ICICIBANK.NS,TCS.NS,0.5038601181349828
2022-03-29,ICICIBANK.NS,TCS.NS,0.5045709765903404
2022-03-30,ICICIBANK.NS,TCS.NS,0.5068145584467503
2022-03-31,ICICIBANK.NS,TCS.NS,0.4862399997603603
2022-04-01,ICICIBANK.NS,TCS.NS,0.48257982487330464
2022-04-04,ICICIBANK.NS,TCS.NS,0.49575010637782835
2022-04-05,ICICIBANK.NS,TCS.NS,0.48967261550559843
2022-04-06,ICICIBANK.NS,TCS.NS,0.4805638598141786
2022-04-07,ICICIBANK.NS,TCS.NS,0.45858862840964854
2022-04-08,ICICIBANK.NS,TCS.NS,0.45936526692685464
2022-04-11,ICICIBANK.NS,TCS.NS,0.48157747008401225
2022-04-12,ICICIBANK.NS,TCS.NS,0.48117236201956276
2022-04-13,ICICIBANK.NS,TCS.NS,0.4930989095867184
2022-04-18,ICICIBANK.NS,TCS.NS,0.48484586675563157
2022-04-19,ICICIBANK.NS,TCS.NS,0.47198078637489055
2022-04-20,ICICIBANK.NS,TCS.NS,0.43024626300027535
2022-04-21,ICICIBANK.NS,TCS.NS,0.4456391866020211
2022-04-22,ICICIBANK.NS,TCS.NS,0.446964724033473
2022-04-25,ICICIBANK.NS,TCS.NS,0.43313691110821406
2022-04-26,ICICIBANK.NS,TCS.NS,0.4332246962418838
2022-04-27,ICICIBANK.NS,TCS.NS,0.42228940249353586
2022-04-28,ICICIBANK.NS,TCS.NS,0.4414696105705329
2022-04-29,ICICIBANK.NS,TCS.NS,0.43797861007006855
2022-05-02,ICICIBANK.NS,TCS.NS,0.4203083813859795
2022-05-04,ICICIBANK.NS,TCS.NS,0.43125947976893
2022-05-05,ICICIBANK.NS,TCS.NS,0.43322768139932094
2022-05-06,ICICIBANK.NS,TCS.NS,0.4394764995971569
2022-05-09,ICICIBANK.NS,TCS.NS,0.4302106378549522
2022-05-10,ICICIBANK.NS,TCS.NS,0.436660551411518
2022-05-11,ICICIBANK.NS,TCS.NS,0.43097516955632303
2022-05-12,ICICIBANK.NS,TCS.NS,0.42303612782330163
2022-05-13,ICICIBANK.NS,TCS.NS,0.4016473502243549
2022-05-16,ICICIBANK.NS,TCS.NS,0.45169108260670776
2022-05-17,ICICIBANK.NS,TCS.NS,0.4573073904086223
2022-05-18,ICICIBANK.NS,TCS.NS,0.45994742381956366
2022-05-19,ICICIBANK.NS,TCS.NS,0.48100362693092896
2022-05-20,ICICIBANK.NS,TCS.NS,0.48829357578914273
2022-05-23,ICICIBANK.NS,TCS.NS,0.5020139290941108
2022-05-24,ICICIBANK.NS,TCS.NS,0.5149329519495796
2022-05-25,ICICIBANK.NS,TCS.NS,0.4864106707240212
2022-05-26,ICICIBANK.NS,TCS.NS,0.42741783403321176
2022-05-27,ICICIBANK.NS,TCS.NS,0.39073387833516815
2022-05-30,ICICIBANK.NS,TCS.NS,0.39151891483377627
2022-05-31,ICICIBANK.NS,TCS.NS,0.4047381663049865
2022-06-01,ICICIBANK.NS,TCS.NS,0.41351349634271534
2022-06-02,ICICIBANK.NS,TCS.NS,0.39767614859343864
2022-06-03,ICICIBANK.NS,TCS.NS,0.3940170549308391
2022-06-06,ICICIBANK.NS,TCS.NS,0.3727597400214643
2022-06-07,ICICIBANK.NS,TCS.NS,0.3892014826002272
2022-06-08,ICICIBANK.NS,TCS.NS,0.3801894247861749
2022-06-09,ICICIBANK.NS,TCS.NS,0.38172342602420867
2022-06-10,ICICIBANK.NS,TCS.NS,0.38554559996754506
2022-06-13,ICICIBANK.NS,TCS.NS,0.46540368609450555
2022-06-14,ICICIBANK.NS,TCS.NS,0.4541882064707553
2022-06-15,ICICIBANK.NS,TCS.NS,0.4520055808156933
2022-06-16,ICICIBANK.NS,TCS.NS,0.45531508373757484
2022-06-17,ICICIBANK.NS,TCS.NS,0.42709852926847053
2022-06-20,ICICIBANK.NS,TCS.NS,0.4252449642900215
2022-06-21,ICICIBANK.NS,TCS.NS,0.4678690037460868
2022-06-22,ICICIBANK.NS,TCS.NS,0.45632839065506875
2022-06-23,ICICIBANK.NS,TCS.NS,0.47769961767729463
2022-06-24,ICICIBANK.NS,TCS.NS,0.4659773781768255
2022-06-27,ICICIBANK.NS,TCS.NS,0.4643122729182945
2022-06-28,ICICIBANK.NS,TCS.NS,0.4610906344436184
2022-06-29,ICICIBANK.NS,TCS.NS,0.4610755166281689
2022-06-30,ICICIBANK.NS,TCS.NS,0.45651154626251605
2022-07-01,ICICIBANK.NS,TCS.NS,0.45653027171115496
2022-07-04,ICICIBANK.NS,TCS.NS,0.4084945186335737
2022-07-05,ICICIBANK.NS,TCS.NS,0.42451594286176975
2022-07-06,ICICIBANK.NS,TCS.NS,0.42993652172468777
2022-07-07,ICICIBANK.NS,TCS.NS,0.43422035520574337
2022-07-08,ICICIBANK.NS,TCS.NS,0.422672215404266
2022-07-11,ICICIBANK.NS,TCS.NS,0.34672668224386116
2022-07-12,ICICIBANK.NS,TCS.NS,0.3484365664030289
2022-07-13,ICICIBANK.NS,TCS.NS,0.3661766131691645
2022-07-14,ICICIBANK.NS,TCS.NS,0.3998150323308363
2022-07-15,ICICIBANK.NS,TCS.NS,0.39344477499126623
2022-07-18,ICICIBANK.NS,TCS.NS,0.42325817544580935
2022-07-19,ICICIBANK.NS,TCS.NS,0.43370572342020364
2022-07-20,ICICIBANK.NS,TCS.NS,0.42650101225547216
2022-07-21,ICICIBANK.NS,TCS.NS,0.444492900862915
2022-07-22,ICICIBANK.NS,TCS.NS,0.436583072199158
2022-07-25,ICICIBANK.NS,TCS.NS,0.4345765801257025
2022-07-26,ICICIBANK.NS,TCS.NS,0.43816199453665544
2022-07-27,ICICIBANK.NS,TCS.NS,0.424332806857092
2022-07-28,ICICIBANK.NS,TCS.NS,0.43592023007242375
2022-07-29,ICICIBANK.NS,TCS.NS,0.42419728667957135
2022-08-01,ICICIBANK.NS,TCS.NS,0.43136447598208316
2022-08-02,ICICIBANK.NS,TCS.NS,0.4308459424768907
2022-08-03,ICICIBANK.NS,TCS.NS,0.4349273440950801
2022-08-04,ICICIBANK.NS,TCS.NS,0.4431799178698221
2022-08-05,ICICIBANK.NS,TCS.NS,0.4601547298623419
2022-08-08,ICICIBANK.NS,TCS.NS,0.465751852468624
2022-08-10,ICICIBANK.NS,TCS.NS,0.43570719171050976
2022-08-11,ICICIBANK.NS,TCS.NS,0.44334344949718385
2022-08-12,ICICIBANK.NS,TCS.NS,0.3697724185023398
2022-08-16,ICICIBANK.NS,TCS.NS,0.36420956961310524
2022-08-17,ICICIBANK.NS,TCS.NS,0.36613607706800044
2022-08-18,ICICIBANK.NS,TCS.NS,0.3620675156846354
2022-08-19,ICICIBANK.NS,TCS.NS,0.3748845397380216
2022-08-22,ICICIBANK.NS,TCS.NS,0.366860006451056
2022-08-23,ICICIBANK.NS,TCS.NS,0.33394335596307034
2022-08-24,ICICIBANK.NS,TCS.NS,0.3150926977036687
2022-08-25,ICICIBANK.NS,TCS.NS,0.31794715588850914
2022-08-26,ICICIBANK.NS,TCS.NS,0.3166151053385935
2022-08-29,ICICIBANK.NS,TCS.NS,0.3627101704381147
2022-08-30,ICICIBANK.NS,TCS.NS,0.41084608596724226
2022-09-01,ICICIBANK.NS,TCS.NS,0.4288000391273076
2022-09-02,ICICIBANK.NS,TCS.NS,0.41321088746675194
2022-09-05,ICICIBANK.NS,TCS.NS,0.42924940862169375
2022-09-06,ICICIBANK.NS,TCS.NS,0.42955163604120666
2022-09-07,ICICIBANK.NS,TCS.NS,0.4013630238726274
2022-09-08,ICICIBANK.NS,TCS.NS,0.2986045120999465
2022-09-09,ICICIBANK.NS,TCS.NS,0.2922949181699593
2022-09-12,ICICIBANK.NS,TCS.NS,0.2926412206742106
2022-09-13,ICICIBANK.NS,TCS.NS,0.2691455939242818
2022-09-14,ICICIBANK.NS,TCS.NS,0.26050415512153907
2022-09-15,ICICIBANK.NS,TCS.NS,0.26785122655023325
2022-09-16,ICICIBANK.NS,TCS.NS,0.27719704494173375
2022-09-19,ICICIBANK.NS,TCS.NS,0.274728863645
2022-09-20,ICICIBANK.NS,TCS.NS,0.2535712238347076
2022-09-21,ICICIBANK.NS,TCS.NS,0.26731372730300235
2022-09-22,ICICIBANK.NS,TCS.NS,0.25695409085947657
2022-09-23,ICICIBANK.NS,TCS.NS,0.26905952855962106
2022-09-26,ICICIBANK.NS,TCS.NS,0.23934820997492318
2022-09-27,ICICIBANK.NS,TCS.NS,0.22803615021406345
2022-09-28,ICICIBANK.NS,TCS.NS,0.23673254013410558
2022-09-29,ICICIBANK.NS,TCS.NS,0.29523101905136767
2022-09-30,ICICIBANK.NS,TCS.NS,0.29469223871379957
2022-10-03,ICICIBANK.NS,TCS.NS,0.29349586761934676
2022-10-04,ICICIBANK.NS,TCS.NS,0.3251441702379761
2022-10-06,ICICIBANK.NS,TCS.NS,0.3385188519488578
2022-10-07,ICICIBANK.NS,TCS.NS,0.44226238150353764
2022-10-10,ICICIBANK.NS,TCS.NS,0.4241970589180693
2022-10-11,ICICIBANK.NS,TCS.NS,0.4280661470259868
2022-10-12,ICICIBANK.NS,TCS.NS,0.420081930969354
2022-10-13,ICICIBANK.NS,TCS.NS,0.4120336780096609
2022-10-14,ICICIBANK.NS,TCS.NS,0.37210527807916766
2022-10-17,ICICIBANK.NS,TCS.NS,0.37518487938783174
2022-10-18,ICICIBANK.NS,TCS.NS,0.3948849250439995
2022-10-19,ICICIBANK.NS,TCS.NS,0.39789603002931834
2022-10-20,ICICIBANK.NS,TCS.NS,0.3958905970444123
2022-10-21,ICICIBANK.NS,TCS.NS,0.3776211882084057
2022-10-24,ICICIBANK.NS,TCS.NS,0.3772171509452272
2022-10-25,ICICIBANK.NS,TCS.NS,0.3814711384833031
2022-10-27,ICICIBANK.NS,TCS.NS,0.3620902355181112
2022-10-28,ICICIBANK.NS,TCS.NS,0.3507541530782637
2022-10-31,ICICIBANK.NS,TCS.NS,0.34835926103082665
2022-11-01,ICICIBANK.NS,TCS.NS,0.33584568785419944
2022-11-02,ICICIBANK.NS,TCS.NS,0.33278462747566145
2022-11-03,ICICIBANK.NS,TCS.NS,0.3332079970594851
2022-11-04,ICICIBANK.NS,TCS.NS,0.3296716011785126
2022-11-07,ICICIBANK.NS,TCS.NS,0.3329150684247894
2022-11-09,ICICIBANK.NS,TCS.NS,0.3452197595078363
2022-11-10,ICICIBANK.NS,TCS.NS,0.330873891911884
2022-11-11,ICICIBANK.NS,TCS.NS,0.3049783287013829
2022-11-14,ICICIBANK.NS,TCS.NS,0.29569975824060324
2022-11-15,ICICIBANK.NS,TCS.NS,0.28932149889534575
2022-11-16,ICICIBANK.NS,TCS.NS,0.29085285049688475
2022-11-17,ICICIBANK.NS,TCS.NS,0.2956353956703669
2022-11-18,ICICIBANK.NS,TCS.NS,0.2840896189701111
2022-11-21,ICICIBANK.NS,TCS.NS,0.3137065044078841
2022-11-22,ICICIBANK.NS,TCS.NS,0.32535850731108773
2022-11-23,ICICIBANK.NS,TCS.NS,0.324159420097603
2022-11-24,ICICIBANK.NS,TCS.NS,0.3382010554595296
2022-11-25,ICICIBANK.NS,TCS.NS,0.2996462326386934
2022-11-28,ICICIBANK.NS,TCS.NS,0.2347652264172674
2022-11-29,ICICIBANK.NS,TCS.NS,0.1971747034621719
2022-11-30,ICICIBANK.NS,TCS.NS,0.194114067360695
2022-12-01,ICICIBANK.NS,TCS.NS,0.1486795951307171
2022-12-02,ICICIBANK.NS,TCS.NS,0.16211795942915372
2022-12-05,ICICIBANK.NS,TCS.NS,0.16754953180253612
2022-12-06,ICICIBANK.NS,TCS.NS,0.1755979366262325
2022-12-07,ICICIBANK.NS,TCS.NS,0.17409879471996684
2022-12-08,ICICIBANK.NS,TCS.NS,0.15671054490343242
2022-12-09,ICICIBANK.NS,TCS.NS,0.16095799597205154
2022-12-12,ICICIBANK.NS,TCS.NS,0.20874352069600446
2022-12-13,ICICIBANK.NS,TCS.NS,0.21038932890480327
2022-12-14,ICICIBANK.NS,TCS.NS,0.1699448457674132
2022-12-15,ICICIBANK.NS,TCS.NS,0.20711962950160795
2022-12-16,ICICIBANK.NS,TCS.NS,0.2192655948126566
2022-12-19,ICICIBANK.NS,TCS.NS,0.20856892700143898
2022-12-20,ICICIBANK.NS,TCS.NS,0.21532974757995568
2022-12-21,ICICIBANK.NS,TCS.NS,0.17424253472876977
2022-12-22,ICICIBANK.NS,TCS.NS,0.1907731330026363
2022-12-23,ICICIBANK.NS,TCS.NS,0.2170285760667319
2022-12-26,ICICIBANK.NS,TCS.NS,0.2287174504814561
2022-12-27,ICICIBANK.NS,TCS.NS,0.21833062615792695
2022-12-28,ICICIBANK.NS,TCS.NS,0.2229629358764518
2022-12-29,ICICIBANK.NS,TCS.NS,0.21124417797126474
2022-12-30,ICICIBANK.NS,TCS.NS,0.13353334968810146
2023-01-02,ICICIBANK.NS,TCS.NS,0.12942557769706775
2023-01-03,ICICIBANK.NS,TCS.NS,0.11867542209213795
2023-01-04,ICICIBANK.NS,TCS.NS,0.12425871489622906
2023-01-05,ICICIBANK.NS,TCS.NS,0.09825328766255341
2023-01-06,ICICIBANK.NS,TCS.NS,0.14095902909168925
2023-01-09,ICICIBANK.NS,TCS.NS,0.14949523589327926
2023-01-10,ICICIBANK.NS,TCS.NS,0.1784022863117369
2023-01-11,ICICIBANK.NS,TCS.NS,0.17752726366635685
2023-01-12,ICICIBANK.NS,TCS.NS,0.16200667745688282
2023-01-13,ICICIBANK.NS,TCS.NS,0.17598869295666136
2023-01-16,ICICIBANK.NS,TCS.NS,0.1687348923412197
2023-01-17,ICICIBANK.NS,TCS.NS,0.19895984223588128
2023-01-18,ICICIBANK.NS,TCS.NS,0.1893167129232003
2023-01-19,ICICIBANK.NS,TCS.NS,0.19138708995533915
2023-01-20,ICICIBANK.NS,TCS.NS,0.18693947478436335
2023-01-23,ICICIBANK.NS,TCS.NS,0.19552704674914556
2023-01-24,ICICIBANK.NS,TCS.NS,0.19386516056662453
2023-01-25,ICICIBANK.NS,TCS.NS,0.1991384376709937
2023-01-27,ICICIBANK.NS,TCS.NS,0.20633320089238763
2023-01-30,ICICIBANK.NS,TCS.NS,0.22271566080558985
2023-01-31,ICICIBANK.NS,TCS.NS,0.18106148213521442
2023-02-01,ICICIBANK.NS,TCS.NS,0.2037578019901894
2023-02-02,ICICIBANK.NS,TCS.NS,0.21616178254212715
2023-02-03,ICICIBANK.NS,TCS.NS,0.22023319917455703
2023-02-06,ICICIBANK.NS,TCS.NS,0.25791976084916696
2023-02-07,ICICIBANK.NS,TCS.NS,0.26764577207592216
2023-02-08,ICICIBANK.NS,TCS.NS,0.2891345887131704
2023-02-09,ICICIBANK.NS,TCS.NS,0.28889091012206636
2023-02-10,ICICIBANK.NS,TCS.NS,0.2945136841899181
2023-02-13,ICICIBANK.NS,TCS.NS,0.2956875688465139
2023-02-14,ICICIBANK.NS,TCS.NS,0.3096750931321777
2023-02-15,ICICIBANK.NS,TCS.NS,0.31025520610517004
2023-02-16,ICICIBANK.NS,TCS.NS,0.31100094270410183
2023-02-17,ICICIBANK.NS,TCS.NS,0.29572281876068524
2023-02-20,ICICIBANK.NS,TCS.NS,0.3028035575610894
2023-02-21,ICICIBANK.NS,TCS.NS,0.29531437531347293
2023-02-22,ICICIBANK.NS,TCS.NS,0.31835885464085206
2023-02-23,ICICIBANK.NS,TCS.NS,0.3232062911812955
2023-02-24,ICICIBANK.NS,TCS.NS,0.3735001636713285
2023-02-27,ICICIBANK.NS,TCS.NS,0.2925490873724101
2023-02-28,ICICIBANK.NS,TCS.NS,0.29507505703799136
2023-03-01,ICICIBANK.NS,TCS.NS,0.283724488531816
2023-03-02,ICICIBANK.NS,TCS.NS,0.28132050331686537
2023-03-03,ICICIBANK.NS,TCS.NS,0.3043453248503205
2023-03-06,ICICIBANK.NS,TCS.NS,0.3066991793640824
2023-03-08,ICICIBANK.NS,TCS.NS,0.30965756443509906
2023-03-09,ICICIBANK.NS,TCS.NS,0.32998871557474185
2023-03-10,ICICIBANK.NS,TCS.NS,0.34545853942067783
2023-03-13,ICICIBANK.NS,TCS.NS,0.34629981096981327
2023-03-14,ICICIBANK.NS,TCS.NS,0.32268165812876215
2023-03-15,ICICIBANK.NS,TCS.NS,0.33708205661350493
2023-03-16,ICICIBANK.NS,TCS.NS,0.33313303223190094
2023-03-17,ICICIBANK.NS,TCS.NS,0.34790748725404147
2023-03-20,ICICIBANK.NS,TCS.NS,0.3434803202610424
2023-03-21,ICICIBANK.NS,TCS.NS,0.29677493854296466
2023-03-22,ICICIBANK.NS,TCS.NS,0.29376102148341077
2023-03-23,ICICIBANK.NS,TCS.NS,0.2933882690406196
2023-03-24,ICICIBANK.NS,TCS.NS,0.2935488772739263
2023-03-27,ICICIBANK.NS,TCS.NS,0.29025345579234413
2023-03-28,ICICIBANK.NS,TCS.NS,0.2859730441452801
2023-03-29,ICICIBANK.NS,TCS.NS,0.2819464074325802
2023-03-31,ICICIBANK.NS,TCS.NS,0.3407640102976124
2023-04-03,ICICIBANK.NS,TCS.NS,0.33841323064747264
2023-04-05,ICICIBANK.NS,TCS.NS,0.34377325008677484
2023-04-06,ICICIBANK.NS,TCS.NS,0.33155477244566356
2023-04-10,ICICIBANK.NS,TCS.NS,0.32377488881582495
2023-04-11,ICICIBANK.NS,TCS.NS,0.2715014037403668
2023-04-12,ICICIBANK.NS,TCS.NS,0.27360569280270974
2023-04-13,ICICIBANK.NS,TCS.NS,0.25086216484826956
2023-04-17,ICICIBANK.NS,TCS.NS,0.22629394586798626
2023-04-18,ICICIBANK.NS,TCS.NS,0.24528942868494552
2023-04-19,ICICIBANK.NS,TCS.NS,0.25681832801350835
2023-04-20,ICICIBANK.NS,TCS.NS,0.25578199971954196
2023-04-21,ICICIBANK.NS,TCS.NS,0.22131277824181647
2023-04-24,ICICIBANK.NS,TCS.NS,0.23048384985257936
2023-04-25,ICICIBANK.NS,TCS.NS,0.23365044764278878
2023-04-26,ICICIBANK.NS,TCS.NS,0.23610279294399383
2023-04-27,ICICIBANK.NS,TCS.NS,0.23829947814574065
2023-04-28,ICICIBANK.NS,TCS.NS,0.23968566750807715
2023-05-02,ICICIBANK.NS,TCS.NS,0.23512313986478756
2023-05-03,ICICIBANK.NS,TCS.NS,0.2695100326150498
2023-05-04,ICICIBANK.NS,TCS.NS,0.22851882255791747
2023-05-05,ICICIBANK.NS,TCS.NS,0.21053990999955982
2023-05-08,ICICIBANK.NS,TCS.NS,0.21469132265677715
2023-05-09,ICICIBANK.NS,TCS.NS,0.19537132213126998
2023-05-10,ICICIBANK.NS,TCS.NS,0.19770051822802237
2023-05-11,ICICIBANK.NS,TCS.NS,0.18736873350289335
2023-05-12,ICICIBANK.NS,TCS.NS,0.1867200236352276
2023-05-15,ICICIBANK.NS,TCS.NS,0.1883084679770973
2023-05-16,ICICIBANK.NS,TCS.NS,0.17811304715612677
2023-05-17,ICICIBANK.NS,TCS.NS,0.18309831938323512
2023-05-18,ICICIBANK.NS,TCS.NS,0.17622080948108315
2023-05-19,ICICIBANK.NS,TCS.NS,0.19278542644222355
2023-05-22,ICICIBANK.NS,TCS.NS,0.14181960943001998
2023-05-23,ICICIBANK.NS,TCS.NS,0.13745357521370702
2023-05-24,ICICIBANK.NS,TCS.NS,0.12984540263232047
2023-05-25,ICICIBANK.NS,TCS.NS,0.09162664739426372
2023-05-26,ICICIBANK.NS,TCS.NS,0.10908734493111312
2023-05-29,ICICIBANK.NS,TCS.NS,0.10945860090200057
2023-05-30,ICICIBANK.NS,TCS.NS,0.18118794156337803
2023-05-31,ICICIBANK.NS,TCS.NS,0.18095098807679327
2023-06-01,ICICIBANK.NS,TCS.NS,0.1525421488818738
2023-06-02,ICICIBANK.NS,TCS.NS,0.1416616573665518
2023-06-05,ICICIBANK.NS,TCS.NS,0.11851664243617607
2023-06-06,ICICIBANK.NS,TCS.NS,0.14006713061959844
2023-06-07,ICICIBANK.NS,TCS.NS,0.12560821505893688
2023-06-08,ICICIBANK.NS,TCS.NS,0.08133446065677513
2023-06-09,ICICIBANK.NS,TCS.NS,0.08175448669697731
2023-06-12,ICICIBANK.NS,TCS.NS,0.01873974270387505
2023-06-13,ICICIBANK.NS,TCS.NS,0.019100614566439314
2023-06-14,ICICIBANK.NS,TCS.NS,0.007984143232038561
2023-06-15,ICICIBANK.NS,TCS.NS,0.015714575792296376
2023-06-16,ICICIBANK.NS,TCS.NS,0.004036101380253515
2023-06-19,ICICIBANK.NS,TCS.NS,-0.030113366104145063
2023-06-20,ICICIBANK.NS,TCS.NS,0.01677269692385894
2023-06-21,ICICIBANK.NS,TCS.NS,0.0005372817250600769
2023-06-22,ICICIBANK.NS,TCS.NS,-0.0033228372704680272
2023-06-23,ICICIBANK.NS,TCS.NS,0.0007129943677332953
2023-06-26,ICICIBANK.NS,TCS.NS,-0.004768058044440934
2023-06-27,ICICIBANK.NS,TCS.NS,0.0014998253073106793
2023-06-28,ICICIBANK.NS,TCS.NS,0.010145851108204533
2023-06-30,ICICIBANK.NS,TCS.NS,-0.16268619702198484
2023-07-03,ICICIBANK.NS,TCS.NS,-0.17437475026966354
2023-07-04,ICICIBANK.NS,TCS.NS,-0.17123221922345572
2023-07-05,ICICIBANK.NS,TCS.NS,-0.1818015964057164
2023-07-06,ICICIBANK.NS,TCS.NS,-0.1587638518766608
2023-07-07,ICICIBANK.NS,TCS.NS,-0.11129623404183045
2023-07-10,ICICIBANK.NS,TCS.NS,-0.13064292420488213
2023-07-11,ICICIBANK.NS,TCS.NS,-0.09674641337714293
2023-07-12,ICICIBANK.NS,TCS.NS,-0.09008136994746677
2023-07-13,ICICIBANK.NS,TCS.NS,-0.026004567258232265
2023-07-14,ICICIBANK.NS,TCS.NS,-0.0074882193010861456
2023-07-17,ICICIBANK.NS,TCS.NS,-0.021980024281949763
2023-07-18,ICICIBANK.NS,TCS.NS,0.014770457673303225
2023-07-19,ICICIBANK.NS,TCS.NS,0.011238136274709112
2023-07-20,ICICIBANK.NS,TCS.NS,0.008111683765826471
2023-07-21,ICICIBANK.NS,TCS.NS,0.00782355210202035
2023-07-24,ICICIBANK.NS,TCS.NS,0.0013484349195623726
2023-07-25,ICICIBANK.NS,TCS.NS,0.004977628521586066
2023-07-26,ICICIBANK.NS,TCS.NS,0.005374080531398189
2023-07-27,ICICIBANK.NS,TCS.NS,0.00220461716865672
2023-07-28,ICICIBANK.NS,TCS.NS,-0.0045611945982475515
2023-07-31,ICICIBANK.NS,TCS.NS,-0.0032762684103024766
2023-08-01,ICICIBANK.NS,TCS.NS,-0.02123026430022065
2023-08-02,ICICIBANK.NS,TCS.NS,-0.005357891586149547
2023-08-03,ICICIBANK.NS,TCS.NS,0.047642541462673584
2023-08-04,ICICIBANK.NS,TCS.NS,0.059202701998225526
2023-08-07,ICICIBANK.NS,TCS.NS,0.07049042041723237
2023-08-08,ICICIBANK.NS,TCS.NS,0.06876552785152942
2023-08-09,ICICIBANK.NS,TCS.NS,0.0685887223346164
2023-08-10,ICICIBANK.NS,TCS.NS,0.057801492826498824
2023-08-11,ICICIBANK.NS,TCS.NS,0.06134594906083494
2023-08-14,ICICIBANK.NS,TCS.NS,0.05215839354965519
2023-08-16,ICICIBANK.NS,TCS.NS,0.07083455665388813
2023-08-17,ICICIBANK.NS,TCS.NS,0.07840135722536552
2023-08-18,ICICIBANK.NS,TCS.NS,0.08623058507329436
2023-08-21,ICICIBANK.NS,TCS.NS,0.09240161661201485
2023-08-22,ICICIBANK.NS,TCS.NS,0.07772682242007262
2023-08-23,ICICIBANK.NS,TCS.NS,0.08489596079470427
2023-08-24,ICICIBANK.NS,TCS.NS,0.08419907717275296
2023-08-25,ICICIBANK.NS,TCS.NS,0.08198785306629494
2023-08-28,ICICIBANK.NS,TCS.NS,0.1114184307447377
2023-08-29,ICICIBANK.NS,TCS.NS,0.11336038193986664
2023-08-30,ICICIBANK.NS,TCS.NS,0.11564935616564434
2023-08-31,ICICIBANK.NS,TCS.NS,0.1007204868447532
2023-09-01,ICICIBANK.NS,TCS.NS,0.1167431189346499
2023-09-04,ICICIBANK.NS,TCS.NS,0.10565073802625237
2023-09-05,ICICIBANK.NS,TCS.NS,0.10540961939554225
2023-09-06,ICICIBANK.NS,TCS.NS,0.11206423556672646
2023-09-07,ICICIBANK.NS,TCS.NS,0.12391968278669921
2023-09-08,ICICIBANK.NS,TCS.NS,0.1204402005972725
2023-09-11,ICICIBANK.NS,TCS.NS,0.12305005060507228
2023-09-12,ICICIBANK.NS,TCS.NS,0.19252912560392604
2023-09-13,ICICIBANK.NS,TCS.NS,0.22222117121634669
2023-09-14,ICICIBANK.NS,TCS.NS,0.22350877949553183
2023-09-15,ICICIBANK.NS,TCS.NS,0.23197665464124226
2023-09-18,ICICIBANK.NS,TCS.NS,0.2318689027007973
2023-09-20,ICICIBANK.NS,TCS.NS,0.22821116330891925
2023-09-21,ICICIBANK.NS,TCS.NS,0.2481918385799831
2023-09-22,ICICIBANK.NS,TCS.NS,0.24189952540819848
2023-09-25,ICICIBANK.NS,TCS.NS,0.23020748536312607
2023-09-26,ICICIBANK.NS,TCS.NS,0.251645764104765
2023-09-27,ICICIBANK.NS,TCS.NS,0.2698878589557939
2023-09-28,ICICIBANK.NS,TCS.NS,0.26562856913413924
2023-09-29,ICICIBANK.NS,TCS.NS,0.2575682201476309
2023-10-03,ICICIBANK.NS,TCS.NS,0.26362573532250444
2023-10-04,ICICIBANK.NS,TCS.NS,0.25650745711739614
2023-10-05,ICICIBANK.NS,TCS.NS,0.288140871043552
2023-10-06,ICICIBANK.NS,TCS.NS,0.2915202606229459
2023-10-09,ICICIBANK.NS,TCS.NS,0.2862950719521027
2023-10-10,ICICIBANK.NS,TCS.NS,0.23752097257501448
2023-10-11,ICICIBANK.NS,TCS.NS,0.24240152148426894
2023-10-12,ICICIBANK.NS,TCS.NS,0.2453366690436152
2023-10-13,ICICIBANK.NS,TCS.NS,0.23891245656199644
2023-10-16,ICICIBANK.NS,TCS.NS,0.23242303452500887
2023-10-17,ICICIBANK.NS,TCS.NS,0.2421526851996339
2023-10-18,ICICIBANK.NS,TCS.NS,0.2849702508998719
2023-10-19,ICICIBANK.NS,TCS.NS,0.3034305822252529
2023-10-20,ICICIBANK.NS,TCS.NS,0.2934775472989382
2023-10-23,ICICIBANK.NS,TCS.NS,0.29011187366968666
2023-10-25,ICICIBANK.NS,TCS.NS,0.3037187248959778
2023-10-26,ICICIBANK.NS,TCS.NS,0.34270539251884435
2023-10-27,ICICIBANK.NS,TCS.NS,0.34472383449010957
2023-10-30,ICICIBANK.NS,TCS.NS,0.3681654222572368
2023-10-31,ICICIBANK.NS,TCS.NS,0.36738525631388713
2023-11-01,ICICIBANK.NS,TCS.NS,0.3346499426445027
2023-11-02,ICICIBANK.NS,TCS.NS,0.3329380577268862
2023-11-03,ICICIBANK.NS,TCS.NS,0.3049055566246538
2023-11-06,ICICIBANK.NS,TCS.NS,0.32703893396756956
2023-11-07,ICICIBANK.NS,TCS.NS,0.32537773360009753
2023-11-08,ICICIBANK.NS,TCS.NS,0.3028375923053018
2023-11-09,ICICIBANK.NS,TCS.NS,0.3056121146431861
2023-11-10,ICICIBANK.NS,TCS.NS,0.3045353067139641
2023-11-13,ICICIBANK.NS,TCS.NS,0.30638937436167163
2023-11-15,ICICIBANK.NS,TCS.NS,0.3200127477199952
2023-11-16,ICICIBANK.NS,TCS.NS,0.2778887690469616
2023-11-17,ICICIBANK.NS,TCS.NS,0.26229140643139753
2023-11-20,ICICIBANK.NS,TCS.NS,0.2595524001029089
2023-11-21,ICICIBANK.NS,TCS.NS,0.2493365452938241
2023-11-22,ICICIBANK.NS,TCS.NS,0.2484245277098306
2023-11-23,ICICIBANK.NS,TCS.NS,0.24738193305656428
2023-11-24,ICICIBANK.NS,TCS.NS,0.218329743559972
2023-11-28,ICICIBANK.NS,TCS.NS,0.2155471137534702
2023-11-29,ICICIBANK.NS,TCS.NS,0.25139598281524084
2023-11-30,ICICIBANK.NS,TCS.NS,0.2594318341480948
2023-12-01,ICICIBANK.NS,TCS.NS,0.26092155022512165
2023-12-04,ICICIBANK.NS,TCS.NS,0.21567697504920738
2023-12-05,ICICIBANK.NS,TCS.NS,0.22425407725693858
2023-12-06,ICICIBANK.NS,TCS.NS,0.18463907777312868
2023-12-07,ICICIBANK.NS,TCS.NS,0.17654727684457375
2023-12-08,ICICIBANK.NS,TCS.NS,0.1825067669701244
2023-12-11,ICICIBANK.NS,TCS.NS,0.17592205839727396
2023-12-12,ICICIBANK.NS,TCS.NS,0.132999103467096
2023-12-13,ICICIBANK.NS,TCS.NS,0.13452180303589306
2023-12-14,ICICIBANK.NS,TCS.NS,0.181402145884902
2023-12-15,ICICIBANK.NS,TCS.NS,0.16590821933014485
2023-12-18,ICICIBANK.NS,TCS.NS,0.16687165015081748
2023-12-19,ICICIBANK.NS,TCS.NS,0.17413531465474097
2023-12-20,ICICIBANK.NS,TCS.NS,0.17032911716766155
2023-12-21,ICICIBANK.NS,TCS.NS,0.1766730742679917
2023-12-22,ICICIBANK.NS,TCS.NS,0.16968374041128728
2023-12-26,ICICIBANK.NS,TCS.NS,0.17130330516076536
2023-12-27,ICICIBANK.NS,TCS.NS,0.17361946858677987
2023-12-28,ICICIBANK.NS,TCS.NS,0.17116642346403985
2023-12-29,ICICIBANK.NS,TCS.NS,0.17892709002757218
2024-01-01,ICICIBANK.NS,TCS.NS,0.17270119870775755
2024-01-02,ICICIBANK.NS,TCS.NS,0.198161780297129
2024-01-03,ICICIBANK.NS,TCS.NS,0.1737746729097125
2024-01-04,ICICIBANK.NS,TCS.NS,0.1678811051035717
2024-01-05,ICICIBANK.NS,TCS.NS,0.18277484812736616
2024-01-08,ICICIBANK.NS,TCS.NS,0.21018619091340002
2024-01-09,ICICIBANK.NS,TCS.NS,0.2104017187905099
2024-01-10,ICICIBANK.NS,TCS.NS,0.22175364116814864
2024-01-11,ICICIBANK.NS,TCS.NS,0.2237992197081195
2024-01-12,ICICIBANK.NS,TCS.NS,0.2579099388886596
2024-01-15,ICICIBANK.NS,TCS.NS,0.2612514656452037
2024-01-16,ICICIBANK.NS,TCS.NS,0.2551037155477504
2024-01-17,ICICIBANK.NS,TCS.NS,0.22240906532461915
2024-01-18,ICICIBANK.NS,TCS.NS,0.2285785745280405
2024-01-19,ICICIBANK.NS,TCS.NS,0.23975055151267
2024-01-23,ICICIBANK.NS,TCS.NS,0.140466373464501
2024-01-24,ICICIBANK.NS,TCS.NS,0.1382174100839772
2024-01-25,ICICIBANK.NS,TCS.NS,0.12671829914027402
2024-01-29,ICICIBANK.NS,TCS.NS,0.11830103841959283
2024-01-30,ICICIBANK.NS,TCS.NS,0.1133607837952358
2024-01-31,ICICIBANK.NS,TCS.NS,0.11078789596532863
2024-02-01,ICICIBANK.NS,TCS.NS,0.10396074757491207
2024-02-02,ICICIBANK.NS,TCS.NS,0.10151761193945934
2024-02-05,ICICIBANK.NS,TCS.NS,0.09612531087949126
2024-02-06,ICICIBANK.NS,TCS.NS,0.09665566369038653
2024-02-07,ICICIBANK.NS,TCS.NS,0.10506179669067171
2024-02-08,ICICIBANK.NS,TCS.NS,0.07305245999487792
2024-02-09,ICICIBANK.NS,TCS.NS,0.06475064635322168
2024-02-12,ICICIBANK.NS,TCS.NS,0.07137420914420563
2024-02-13,ICICIBANK.NS,TCS.NS,0.06802907764322674
2024-02-14,ICICIBANK.NS,TCS.NS,0.08224644831107894
2024-02-15,ICICIBANK.NS,TCS.NS,0.08221662205740837
2024-02-16,ICICIBANK.NS,TCS.NS,0.08389368463569027
2024-02-19,ICICIBANK.NS,TCS.NS,0.0700730898538004
2024-02-20,ICICIBANK.NS,TCS.NS,0.06586179375529944
2024-02-21,ICICIBANK.NS,TCS.NS,0.06337737872545954
2024-02-22,ICICIBANK.NS,TCS.NS,0.08408470870940855
2024-02-23,ICICIBANK.NS,TCS.NS,0.0878264864156014
2024-02-26,ICICIBANK.NS,TCS.NS,0.08817002362410631
2024-02-27,ICICIBANK.NS,TCS.NS,0.08787306064110034
2024-02-28,ICICIBANK.NS,TCS.NS,0.08313323423066843
2024-02-29,ICICIBANK.NS,TCS.NS,0.09968383186287033
2024-03-01,ICICIBANK.NS,TCS.NS,0.08314815578843422
2024-03-04,ICICIBANK.NS,TCS.NS,0.10145825061837649
2024-03-05,ICICIBANK.NS,TCS.NS,0.10981565226710938
2024-03-06,ICICIBANK.NS,TCS.NS,0.11530185291382537
2024-03-07,ICICIBANK.NS,TCS.NS,0.1060589840597493
2024-03-11,ICICIBANK.NS,TCS.NS,0.10600673666900769
2024-03-12,ICICIBANK.NS,TCS.NS,0.09765369152534166
2024-03-13,ICICIBANK.NS,TCS.NS,0.0625954341744848
2024-03-14,ICICIBANK.NS,TCS.NS,0.053459134036689344
2024-03-15,ICICIBANK.NS,TCS.NS,0.05017867631846443
2024-03-18,ICICIBANK.NS,TCS.NS,0.041309048601668986
2024-03-19,ICICIBANK.NS,TCS.NS,0.0226139725164808
2024-03-20,ICICIBANK.NS,TCS.NS,0.023153823004390974
2024-03-21,ICICIBANK.NS,TCS.NS,0.033254453741404344
2024-03-22,ICICIBANK.NS,TCS.NS,0.02234694075899489
2024-03-26,ICICIBANK.NS,TCS.NS,0.026951286025899402
2024-03-27,ICICIBANK.NS,TCS.NS,0.028844845977509845
2024-03-28,ICICIBANK.NS,TCS.NS,0.032742607375402265
2024-04-01,ICICIBANK.NS,TCS.NS,0.03605435056034923
2024-04-02,ICICIBANK.NS,TCS.NS,0.037686374843015395
2024-04-03,ICICIBANK.NS,TCS.NS,0.030818121538738516
2024-04-04,ICICIBANK.NS,TCS.NS,0.03193028461934236
2024-04-05,ICICIBANK.NS,TCS.NS,0.02144245974773431
2024-04-08,ICICIBANK.NS,TCS.NS,-0.0017778724432489464
2024-04-09,ICICIBANK.NS,TCS.NS,-0.013790485164975429
2024-04-10,ICICIBANK.NS,TCS.NS,-0.01937300769404738
2024-04-12,ICICIBANK.NS,TCS.NS,-0.01937852041164589
2024-04-15,ICICIBANK.NS,TCS.NS,-0.021621570828903765
2024-04-16,ICICIBANK.NS,TCS.NS,-0.003630967458572086
2024-04-18,ICICIBANK.NS,TCS.NS,-0.0020668041041255005
2024-04-19,ICICIBANK.NS,TCS.NS,0.005419413896642868
2024-04-22,ICICIBANK.NS,TCS.NS,0.020597893153183756
2024-04-23,ICICIBANK.NS,TCS.NS,0.0010356770132195054
2024-04-24,ICICIBANK.NS,TCS.NS,0.062157144719330204
2024-04-25,ICICIBANK.NS,TCS.NS,0.05893193190044177
2024-04-26,ICICIBANK.NS,TCS.NS,0.07426066108086268
2024-04-29,ICICIBANK.NS,TCS.NS,0.12323865184789415
2024-04-30,ICICIBANK.NS,TCS.NS,0.13526844124923193
2024-05-02,ICICIBANK.NS,TCS.NS,0.11849132355060107
2024-05-03,ICICIBANK.NS,TCS.NS,0.12339447567653969
2024-05-06,ICICIBANK.NS,TCS.NS,0.13859924271672475
2024-05-07,ICICIBANK.NS,TCS.NS,0.11508285077309864
2024-05-08,ICICIBANK.NS,TCS.NS,0.11987218118091902
2024-05-09,ICICIBANK.NS,TCS.NS,0.1162800480951205
2024-05-10,ICICIBANK.NS,TCS.NS,0.17541364409830243
2024-05-13,ICICIBANK.NS,TCS.NS,0.1884108671888987
2024-05-14,ICICIBANK.NS,TCS.NS,0.19599373061428527
2024-05-15,ICICIBANK.NS,TCS.NS,0.18101094379734814
2024-05-16,ICICIBANK.NS,TCS.NS,0.18856106422046862
2024-05-17,ICICIBANK.NS,TCS.NS,0.1924388959780316
2024-05-21,ICICIBANK.NS,TCS.NS,0.190948075738387
2024-05-22,ICICIBANK.NS,TCS.NS,0.20030640405093955
2024-05-23,ICICIBANK.NS,TCS.NS,0.24126925157368942
2024-05-24,ICICIBANK.NS,TCS.NS,0.2471432906000916
2024-05-27,ICICIBANK.NS,TCS.NS,0.22959103257752717
2024-05-28,ICICIBANK.NS,TCS.NS,0.22845655416677754
2024-05-29,ICICIBANK.NS,TCS.NS,0.23558077143740289
2024-05-30,ICICIBANK.NS,TCS.NS,0.205056289162233
2024-05-31,ICICIBANK.NS,TCS.NS,0.20269432072861304
2024-06-03,ICICIBANK.NS,TCS.NS,0.22960683281893698
2024-06-04,ICICIBANK.NS,TCS.NS,0.14777789149553922
2024-06-05,ICICIBANK.NS,TCS.NS,0.17126308167661725
2024-06-06,ICICIBANK.NS,TCS.NS,0.1650404026398651
2024-06-07,ICICIBANK.NS,TCS.NS,0.1689404834127586
2024-06-10,ICICIBANK.NS,TCS.NS,0.17781946033422813
2024-06-11,ICICIBANK.NS,TCS.NS,0.1820108120601156
2024-06-12,ICICIBANK.NS,TCS.NS,0.1888702789518806
2024-06-13,ICICIBANK.NS,TCS.NS,0.17890120629116318
2024-06-14,ICICIBANK.NS,TCS.NS,0.18297818938343105
2024-06-18,ICICIBANK.NS,TCS.NS,0.1792545052651476
2024-06-19,ICICIBANK.NS,TCS.NS,0.17586313693884323
2024-06-20,ICICIBANK.NS,TCS.NS,0.19833491101914494
2024-06-21,ICICIBANK.NS,TCS.NS,0.1978725676380679
2024-06-24,ICICIBANK.NS,TCS.NS,0.19952131033048442
2024-06-25,ICICIBANK.NS,TCS.NS,0.2213226527768655
2024-06-26,ICICIBANK.NS,TCS.NS,0.22109261241624628
2024-06-27,ICICIBANK.NS,TCS.NS,0.21346124930299545
2024-06-28,ICICIBANK.NS,TCS.NS,0.21992447672912513
2024-07-01,ICICIBANK.NS,TCS.NS,0.2264148834868906
2024-07-02,ICICIBANK.NS,TCS.NS,0.1949350495310964
2024-07-03,ICICIBANK.NS,TCS.NS,0.19468905323847283
2024-07-04,ICICIBANK.NS,TCS.NS,0.22176799323816793
2024-07-05,ICICIBANK.NS,TCS.NS,0.2237892397844595
2024-07-08,ICICIBANK.NS,TCS.NS,0.22410272549109414
2024-07-09,ICICIBANK.NS,TCS.NS,0.2341996523161177
2024-07-10,ICICIBANK.NS,TCS.NS,0.23993479928708206
2024-07-11,ICICIBANK.NS,TCS.NS,0.24057066462093818
2024-07-12,ICICIBANK.NS,TCS.NS,0.1360777593793445
2024-07-15,ICICIBANK.NS,TCS.NS,0.12258816428799094
2024-07-16,ICICIBANK.NS,TCS.NS,0.11927463724885677
2024-07-18,ICICIBANK.NS,TCS.NS,0.1342555958553298
2024-07-19,ICICIBANK.NS,TCS.NS,0.12744937724146588
2024-07-22,ICICIBANK.NS,TCS.NS,0.13028906517763456
2024-07-23,ICICIBANK.NS,TCS.NS,0.13279041847251558
2024-07-24,ICICIBANK.NS,TCS.NS,0.1306260520632849
2024-07-25,ICICIBANK.NS,TCS.NS,0.12194496930398725
2024-07-26,ICICIBANK.NS,TCS.NS,0.09974191838034899
2024-07-29,ICICIBANK.NS,TCS.NS,0.08880269269248753
2024-07-30,ICICIBANK.NS,TCS.NS,0.09822574449647715
2024-07-31,ICICIBANK.NS,TCS.NS,0.09966848198025076
2024-08-01,ICICIBANK.NS,TCS.NS,0.0971458197648406
2024-08-02,ICICIBANK.NS,TCS.NS,0.13454016364464122
2024-08-05,ICICIBANK.NS,TCS.NS,0.17441339000484793
2024-08-06,ICICIBANK.NS,TCS.NS,0.17063177107049968
2024-08-07,ICICIBANK.NS,TCS.NS,0.174612163300279
2024-08-08,ICICIBANK.NS,TCS.NS,0.17149053540046136
2024-08-09,ICICIBANK.NS,TCS.NS,0.169317636944265
2024-08-12,ICICIBANK.NS,TCS.NS,0.16379630590997185
2024-08-13,ICICIBANK.NS,TCS.NS,0.1608177781214097
2024-08-14,ICICIBANK.NS,TCS.NS,0.1475824152857447
2024-08-16,ICICIBANK.NS,TCS.NS,0.17720020931299377
2024-08-19,ICICIBANK.NS,TCS.NS,0.16528268518469122
2024-08-20,ICICIBANK.NS,TCS.NS,0.14987333278540277
2024-08-21,ICICIBANK.NS,TCS.NS,0.14645314683475458
2024-08-22,ICICIBANK.NS,TCS.NS,0.13127921511420146
2024-08-23,ICICIBANK.NS,TCS.NS,0.12188810472899667
2024-08-26,ICICIBANK.NS,TCS.NS,0.10610949327822745
2024-08-27,ICICIBANK.NS,TCS.NS,0.11859458882417029
2024-08-28,ICICIBANK.NS,TCS.NS,0.1287123389241553
2024-08-29,ICICIBANK.NS,TCS.NS,0.12094933746928992
2024-08-30,ICICIBANK.NS,TCS.NS,0.16507031238308031
2024-09-02,ICICIBANK.NS,TCS.NS,0.16103153888462304
2024-09-03,ICICIBANK.NS,TCS.NS,0.15521160640820134
2024-09-04,ICICIBANK.NS,TCS.NS,0.15476634297062822
2024-09-05,ICICIBANK.NS,TCS.NS,0.15643599767499244
2024-09-06,ICICIBANK.NS,TCS.NS,0.16534149644221274
2024-09-09,ICICIBANK.NS,TCS.NS,0.1510033278623725
2024-09-10,ICICIBANK.NS,TCS.NS,0.16589086341343542
2024-09-11,ICICIBANK.NS,TCS.NS,0.16392107142741497
2024-09-12,ICICIBANK.NS,TCS.NS,0.18254565159777394
2024-09-13,ICICIBANK.NS,TCS.NS,0.20029530444291968
2024-09-16,ICICIBANK.NS,TCS.NS,0.20294131736472137
2024-09-17,ICICIBANK.NS,TCS.NS,0.20146358574249562
2024-09-18,ICICIBANK.NS,TCS.NS,0.131599645967136
2024-09-19,ICICIBANK.NS,TCS.NS,0.1253472225977219
2024-09-20,ICICIBANK.NS,TCS.NS,0.09692152688590491
2024-09-23,ICICIBANK.NS,TCS.NS,0.10491333085112367
2024-09-24,ICICIBANK.NS,TCS.NS,0.0903793315339388
2024-09-25,ICICIBANK.NS,TCS.NS,0.07602107751037153
2024-09-26,ICICIBANK.NS,TCS.NS,0.0970582160868311
2024-09-27,ICICIBANK.NS,TCS.NS,0.102476820834478
2024-09-30,ICICIBANK.NS,TCS.NS,0.09864818387565462
2024-10-01,ICICIBANK.NS,TCS.NS,0.09862547661153298
2024-10-03,ICICIBANK.NS,TCS.NS,0.11874362568841092
2024-10-04,ICICIBANK.NS,TCS.NS,0.11664797909573289
2024-10-07,ICICIBANK.NS,TCS.NS,0.10783554028324376
2024-10-08,ICICIBANK.NS,TCS.NS,0.10733730927574467
2024-10-09,ICICIBANK.NS,TCS.NS,0.17453531899104324
2024-10-10,ICICIBANK.NS,TCS.NS,0.1736563009315633
2024-10-11,ICICIBANK.NS,TCS.NS,0.20512250141953992
2024-10-14,ICICIBANK.NS,TCS.NS,0.17999156923326362
2024-10-15,ICICIBANK.NS,TCS.NS,0.1649352326798863
2024-10-16,ICICIBANK.NS,TCS.NS,0.1680176223568853
2024-10-17,ICICIBANK.NS,TCS.NS,0.16971604420942832
2024-10-18,ICICIBANK.NS,TCS.NS,0.18535812043439373
2024-10-21,ICICIBANK.NS,TCS.NS,0.20842048326929952
2024-10-22,ICICIBANK.NS,TCS.NS,0.18401193052419623
2024-10-23,ICICIBANK.NS,TCS.NS,0.15588871972334423
2024-10-24,ICICIBANK.NS,TCS.NS,0.15479201500903184
2024-10-25,ICICIBANK.NS,TCS.NS,0.1529926067896879
2024-10-28,ICICIBANK.NS,TCS.NS,0.18072812283363965
2024-10-29,ICICIBANK.NS,TCS.NS,0.13267753869332716
2024-10-30,ICICIBANK.NS,TCS.NS,0.05042458094616071
2024-10-31,ICICIBANK.NS,TCS.NS,0.11030317721213019
2024-11-01,ICICIBANK.NS,TCS.NS,0.10650386255047425
2024-11-04,ICICIBANK.NS,TCS.NS,0.10684712610445687
2024-11-05,ICICIBANK.NS,TCS.NS,0.1046737388100544
2024-11-06,ICICIBANK.NS,TCS.NS,0.11060457533233989
2024-11-07,ICICIBANK.NS,TCS.NS,0.1027808711480849
2024-11-08,ICICIBANK.NS,TCS.NS,0.12577653611624123
2024-11-11,ICICIBANK.NS,TCS.NS,0.07416257843044789
2024-11-12,ICICIBANK.NS,TCS.NS,0.09971783946231848
2024-11-13,ICICIBANK.NS,TCS.NS,0.11429011593079352
2024-11-14,ICICIBANK.NS,TCS.NS,0.11968006821032319
2024-11-18,ICICIBANK.NS,TCS.NS,0.14072908274872975
2024-11-19,ICICIBANK.NS,TCS.NS,0.14549855030086298
2024-11-21,ICICIBANK.NS,TCS.NS,0.1376412811398507
2024-11-22,ICICIBANK.NS,TCS.NS,0.2149576753738941
2024-11-25,ICICIBANK.NS,TCS.NS,0.23883800216534076
2024-11-26,ICICIBANK.NS,TCS.NS,0.24009654500622216
2024-11-27,ICICIBANK.NS,TCS.NS,0.23815712618210666
2024-11-28,ICICIBANK.NS,TCS.NS,0.25479080237726914
2024-11-29,ICICIBANK.NS,TCS.NS,0.26329987558967144
2024-12-02,ICICIBANK.NS,TCS.NS,0.2590514756593061
2024-12-03,ICICIBANK.NS,TCS.NS,0.2596344225389762
2024-12-04,ICICIBANK.NS,TCS.NS,0.2610467620544556
2024-12-05,ICICIBANK.NS,TCS.NS,0.29383547903060975
2024-12-06,ICICIBANK.NS,TCS.NS,0.2974956096416455
2024-12-09,ICICIBANK.NS,TCS.NS,0.29538603097620025
2024-12-10,ICICIBANK.NS,TCS.NS,0.28575904302915534
2024-12-11,ICICIBANK.NS,TCS.NS,0.286334283848117
2024-12-12,ICICIBANK.NS,TCS.NS,0.28888178196636494
2024-12-13,ICICIBANK.NS,TCS.NS,0.2921823638690518
2024-12-16,ICICIBANK.NS,TCS.NS,0.36873730135610683
2024-12-17,ICICIBANK.NS,TCS.NS,0.38492659739722135
2024-12-18,ICICIBANK.NS,TCS.NS,0.4118895939390534
2024-12-19,ICICIBANK.NS,TCS.NS,0.43261924431315163
2024-12-20,ICICIBANK.NS,TCS.NS,0.4173113840238617
2024-12-23,ICICIBANK.NS,TCS.NS,0.41426582007948837
2024-12-24,ICICIBANK.NS,TCS.NS,0.41289089808474677
2024-12-26,ICICIBANK.NS,TCS.NS,0.42683195583198574
2024-12-27,ICICIBANK.NS,TCS.NS,0.4184101571172863
2024-12-30,ICICIBANK.NS,TCS.NS,0.4170808293234523
2024-12-31,ICICIBANK.NS,TCS.NS,0.4155701178400927
2025-01-01,ICICIBANK.NS,TCS.NS,0.4286221661764918
2025-01-02,ICICIBANK.NS,TCS.NS,0.43543211637510637
2025-01-03,ICICIBANK.NS,TCS.NS,0.45738041252953837
2025-01-06,ICICIBANK.NS,TCS.NS,0.4580632336989688
2025-01-07,ICICIBANK.NS,TCS.NS,0.4308124290840931
2025-01-08,ICICIBANK.NS,TCS.NS,0.3740190763793448
2025-01-09,ICICIBANK.NS,TCS.NS,0.37516552160876776
2025-01-10,ICICIBANK.NS,TCS.NS,0.2945068322695477
2025-01-13,ICICIBANK.NS,TCS.NS,0.2787265616125375
2025-01-14,ICICIBANK.NS,TCS.NS,0.2683503419374364
2025-01-15,ICICIBANK.NS,TCS.NS,0.2673255102653682
2025-01-16,ICICIBANK.NS,TCS.NS,0.25273131666833937
2025-01-17,ICICIBANK.NS,TCS.NS,0.2648679844589722
2025-01-20,ICICIBANK.NS,TCS.NS,0.2732181823527902
2025-01-21,ICICIBANK.NS,TCS.NS,0.2870992872450377
2025-01-22,ICICIBANK.NS,TCS.NS,0.28930364638642064
2025-01-23,ICICIBANK.NS,TCS.NS,0.28519558883927953
2025-01-24,ICICIBANK.NS,TCS.NS,0.31930300852287263
2025-01-27,ICICIBANK.NS,TCS.NS,0.27970409336551794
2025-01-28,ICICIBANK.NS,TCS.NS,0.23423053478186392
2025-01-29,ICICIBANK.NS,TCS.NS,0.23830810628632992
2025-01-30,ICICIBANK.NS,TCS.NS,0.2337041853388374
2025-01-31,ICICIBANK.NS,TCS.NS,0.236284582534275
2025-02-01,ICICIBANK.NS,TCS.NS,0.22585886511023837
2025-02-03,ICICIBANK.NS,TCS.NS,0.2367468217788995
2025-02-04,ICICIBANK.NS,TCS.NS,0.24824139781740018
2025-02-05,ICICIBANK.NS,TCS.NS,0.2398855901019683
2025-02-06,ICICIBANK.NS,TCS.NS,0.23882339878384923
2025-02-07,ICICIBANK.NS,TCS.NS,0.2401316449818149
2025-02-10,ICICIBANK.NS,TCS.NS,0.24106381966275842
2025-02-11,ICICIBANK.NS,TCS.NS,0.25185462604872233
2025-02-12,ICICIBANK.NS,TCS.NS,0.2544798387101529
2025-02-13,ICICIBANK.NS,TCS.NS,0.2557264475625154
2025-02-14,ICICIBANK.NS,TCS.NS,0.17453623263583468
2025-02-17,ICICIBANK.NS,TCS.NS,0.14497535169971504
2025-02-18,ICICIBANK.NS,TCS.NS,0.1451329887066355
2025-02-19,ICICIBANK.NS,TCS.NS,0.09677394958809851
2025-02-20,ICICIBANK.NS,TCS.NS,0.07306181495236769
2025-02-21,ICICIBANK.NS,TCS.NS,0.056396903929909405
2025-02-24,ICICIBANK.NS,TCS.NS,0.08861736218660649
2025-02-25,ICICIBANK.NS,TCS.NS,0.0770279167465353
2025-02-27,ICICIBANK.NS,TCS.NS,0.06559304077748529
2025-02-28,ICICIBANK.NS,TCS.NS,0.06055897998147578
2025-03-03,ICICIBANK.NS,TCS.NS,0.06292127262642704
2025-03-04,ICICIBANK.NS,TCS.NS,0.07331134245063396
2025-03-05,ICICIBANK.NS,TCS.NS,0.07964616340315789
2025-03-06,ICICIBANK.NS,TCS.NS,0.08612352617431086
2025-03-07,ICICIBANK.NS,TCS.NS,0.08229476111900667
2025-03-10,ICICIBANK.NS,TCS.NS,0.07102279668235922
2025-03-11,ICICIBANK.NS,TCS.NS,0.06730625740091478
2025-03-12,ICICIBANK.NS,TCS.NS,0.052271439306090454
2025-03-13,ICICIBANK.NS,TCS.NS,0.06848450721028936
2025-03-17,ICICIBANK.NS,TCS.NS,0.033317080061145046
2025-03-18,ICICIBANK.NS,TCS.NS,0.03754440458806261
2025-03-19,ICICIBANK.NS,TCS.NS,0.04361904944074858
2025-03-20,ICICIBANK.NS,TCS.NS,0.05732284167763053
2025-03-21,ICICIBANK.NS,TCS.NS,0.06706397371438928
2025-03-24,ICICIBANK.NS,TCS.NS,0.08350023960090626
2025-03-25,ICICIBANK.NS,TCS.NS,0.07179112830852316
2025-03-26,ICICIBANK.NS,TCS.NS,0.05986569868380553
2025-03-27,ICICIBANK.NS,TCS.NS,0.05924163190537293
2025-03-28,ICICIBANK.NS,TCS.NS,0.041851693895844984
2025-04-01,ICICIBANK.NS,TCS.NS,0.03889094179814346
2025-04-02,ICICIBANK.NS,TCS.NS,0.038894953844699404
2025-04-03,ICICIBANK.NS,TCS.NS,0.061516803981606534
2025-04-04,ICICIBANK.NS,TCS.NS,0.08188138776415499
2025-04-07,ICICIBANK.NS,TCS.NS,0.08905855264707696
2025-04-08,ICICIBANK.NS,TCS.NS,0.18286348502941244
2025-04-09,ICICIBANK.NS,TCS.NS,0.20547913139826934
2025-04-11,ICICIBANK.NS,TCS.NS,0.21409943427897274
2025-04-15,ICICIBANK.NS,TCS.NS,0.23501038644788513
2025-04-16,ICICIBANK.NS,TCS.NS,0.24322218978157967
2025-04-17,ICICIBANK.NS,TCS.NS,0.2773795233004935
2025-04-21,ICICIBANK.NS,TCS.NS,0.27977849594569487
2025-04-22,ICICIBANK.NS,TCS.NS,0.27242938473312167
2025-04-23,ICICIBANK.NS,TCS.NS,0.2795756141341223
2025-04-24,ICICIBANK.NS,TCS.NS,0.27488052418868303
2025-04-25,ICICIBANK.NS,TCS.NS,0.26771125451489375
2025-04-28,ICICIBANK.NS,TCS.NS,0.2990341864251092
2025-04-29,ICICIBANK.NS,TCS.NS,0.30297787201170806
2025-04-30,ICICIBANK.NS,TCS.NS,0.30580276685780017
2025-05-02,ICICIBANK.NS,TCS.NS,0.3054743076312215
2025-05-05,ICICIBANK.NS,TCS.NS,0.3047340302933546
2025-05-06,ICICIBANK.NS,TCS.NS,0.30475859277415535
2025-05-07,ICICIBANK.NS,TCS.NS,0.3057477028668984
2025-05-08,ICICIBANK.NS,TCS.NS,0.2953203285442319
2025-05-09,ICICIBANK.NS,TCS.NS,0.275903497959272
2025-05-12,ICICIBANK.NS,TCS.NS,0.4092412002521831
2025-05-13,ICICIBANK.NS,TCS.NS,0.4186699326386459
2025-05-14,ICICIBANK.NS,TCS.NS,0.4105982379825711
2025-05-15,ICICIBANK.NS,TCS.NS,0.41030650271869346
2025-05-16,ICICIBANK.NS,TCS.NS,0.40997039174748834
2025-05-19,ICICIBANK.NS,TCS.NS,0.4108734097467474
2025-05-20,ICICIBANK.NS,TCS.NS,0.4096785322071702
2025-05-21,ICICIBANK.NS,TCS.NS,0.4073258929413163
2025-05-22,ICICIBANK.NS,TCS.NS,0.4063605644931341
2025-05-23,ICICIBANK.NS,TCS.NS,0.43903941286388787
2025-05-26,ICICIBANK.NS,TCS.NS,0.44316277528265996
2025-05-27,ICICIBANK.NS,TCS.NS,0.45778778886994875
2025-05-28,ICICIBANK.NS,TCS.NS,0.4413103901652025
2025-05-29,ICICIBANK.NS,TCS.NS,0.44565780015017364
2025-05-30,ICICIBANK.NS,TCS.NS,0.44937304553716356
2025-06-02,ICICIBANK.NS,TCS.NS,0.4223721715239976
2025-06-03,ICICIBANK.NS,TCS.NS,0.43084248026412936
2025-06-04,ICICIBANK.NS,TCS.NS,0.43017806452113494
2025-06-05,ICICIBANK.NS,TCS.NS,0.42345744240085
2025-06-06,ICICIBANK.NS,TCS.NS,0.4300317613035972
2025-06-09,ICICIBANK.NS,TCS.NS,0.40101749217058086
2025-06-10,ICICIBANK.NS,TCS.NS,0.38314138868847125
2025-06-11,ICICIBANK.NS,TCS.NS,0.40008735157691633
2025-06-12,ICICIBANK.NS,TCS.NS,0.4043692962334611
2025-06-13,ICICIBANK.NS,TCS.NS,0.3998888626706906
2025-06-16,ICICIBANK.NS,TCS.NS,0.4106343641877117
2025-06-17,ICICIBANK.NS,TCS.NS,0.40759750673288686
2025-06-18,ICICIBANK.NS,TCS.NS,0.43772374332821634
2025-06-19,ICICIBANK.NS,TCS.NS,0.43625687405895114
2025-06-20,ICICIBANK.NS,TCS.NS,0.436150450500279
2025-06-23,ICICIBANK.NS,TCS.NS,0.4313015401603935
2025-06-24,ICICIBANK.NS,TCS.NS,0.44581874430319973
2025-06-25,ICICIBANK.NS,TCS.NS,0.438298947981225
2025-06-26,ICICIBANK.NS,TCS.NS,0.43752397761581396
2025-06-27,ICICIBANK.NS,TCS.NS,0.4456484243295988
2025-06-30,ICICIBANK.NS,TCS.NS,0.4153980394541017
2025-07-01,ICICIBANK.NS,TCS.NS,0.42392098205982465
2025-07-02,ICICIBANK.NS,TCS.NS,0.44878066212002915
2025-07-03,ICICIBANK.NS,TCS.NS,0.48593847431918735
2025-07-04,ICICIBANK.NS,TCS.NS,0.4911058275773757
2025-07-07,ICICIBANK.NS,TCS.NS,0.4899881097894107
2025-07-08,ICICIBANK.NS,TCS.NS,0.4937296374269375
2025-07-09,ICICIBANK.NS,TCS.NS,0.5047066938134132
2025-07-10,ICICIBANK.NS,TCS.NS,0.515353341171497
2025-07-11,ICICIBANK.NS,TCS.NS,0.4886338396526876
2025-07-14,ICICIBANK.NS,TCS.NS,0.4974788816443656
2025-07-15,ICICIBANK.NS,TCS.NS,0.5001294410533036
2025-07-16,ICICIBANK.NS,TCS.NS,0.5027089613500666
2025-07-17,ICICIBANK.NS,TCS.NS,0.5103155338155846
2025-07-18,ICICIBANK.NS,TCS.NS,0.5094756686389248
2025-07-21,ICICIBANK.NS,TCS.NS,0.44978433284714825
2025-07-22,ICICIBANK.NS,TCS.NS,0.45940729020142534
2025-07-23,ICICIBANK.NS,TCS.NS,0.4667001754543155
2025-07-24,ICICIBANK.NS,TCS.NS,0.4680953300615233
2025-07-25,ICICIBANK.NS,TCS.NS,0.47075834558665636
2025-07-28,ICICIBANK.NS,TCS.NS,0.44928195722220976
2025-07-29,ICICIBANK.NS,TCS.NS,0.4498560440107568
2025-07-30,ICICIBANK.NS,TCS.NS,0.45006225256504856
2025-07-31,ICICIBANK.NS,TCS.NS,0.4506892516376552
2025-08-01,ICICIBANK.NS,TCS.NS,0.4949697771098878
2025-08-04,ICICIBANK.NS,TCS.NS,0.1994727749744702
2025-08-05,ICICIBANK.NS,TCS.NS,0.1432470743693678
2025-08-06,ICICIBANK.NS,TCS.NS,0.15401678429614876
2025-08-07,ICICIBANK.NS,TCS.NS,0.1141832624633062
2025-08-08,ICICIBANK.NS,TCS.NS,0.1163514703104077
2025-08-11,ICICIBANK.NS,TCS.NS,0.11074111291087531
2025-08-12,ICICIBANK.NS,TCS.NS,0.10523391963559818
2025-08-13,ICICIBANK.NS,TCS.NS,0.09543051303630834
2025-08-14,ICICIBANK.NS,TCS.NS,0.08908248855596528
2025-08-18,ICICIBANK.NS,TCS.NS,0.07233355880488995
2025-08-19,ICICIBANK.NS,TCS.NS,0.0586382347307055
2025-08-20,ICICIBANK.NS,TCS.NS,0.010074977311560058
2025-08-21,ICICIBANK.NS,TCS.NS,0.015551974066392898
2025-08-22,ICICIBANK.NS,TCS.NS,0.034297546805788316
2025-08-25,ICICIBANK.NS,TCS.NS,0.006466968462190963
2025-08-26,ICICIBANK.NS,TCS.NS,-0.007030315280124283
2025-08-28,ICICIBANK.NS,TCS.NS,0.018495958272297507
2025-08-29,ICICIBANK.NS,TCS.NS,0.02148077013971329
2025-09-01,ICICIBANK.NS,TCS.NS,0.04741579804079323
2025-09-02,ICICIBANK.NS,TCS.NS,0.04083401304531649
2025-09-03,ICICIBANK.NS,TCS.NS,0.08448174081180052
2025-09-04,ICICIBANK.NS,TCS.NS,0.11072475894249138
2025-09-05,ICICIBANK.NS,TCS.NS,0.10952919796446832
2025-09-08,ICICIBANK.NS,TCS.NS,0.10259334871742451
2025-09-09,ICICIBANK.NS,TCS.NS,0.11132727059523839
2025-09-10,ICICIBANK.NS,TCS.NS,0.08514883612562586
2025-09-11,ICICIBANK.NS,TCS.NS,0.08699738312048996
2025-09-12,ICICIBANK.NS,TCS.NS,0.07262968879903241
2025-09-15,ICICIBANK.NS,TCS.NS,0.07004542786338515
2025-09-16,ICICIBANK.NS,TCS.NS,0.06298609404405146
2025-09-17,ICICIBANK.NS,TCS.NS,0.04768869321402047
2025-09-18,ICICIBANK.NS,TCS.NS,0.048450154663427974
2025-09-19,ICICIBANK.NS,TCS.NS,0.047358943703994655
2025-09-22,ICICIBANK.NS,TCS.NS,0.04577876217199483
2025-09-23,ICICIBANK.NS,TCS.NS,0.04400184996609859
2025-09-24,ICICIBANK.NS,TCS.NS,0.07386147278763026
2025-09-25,ICICIBANK.NS,TCS.NS,0.08064057901418295
2025-09-26,ICICIBANK.NS,TCS.NS,0.1165481575796384
2025-09-29,ICICIBANK.NS,TCS.NS,0.11262117582399632
2025-09-30,ICICIBANK.NS,TCS.NS,0.09474664278349618
2025-10-01,ICICIBANK.NS,TCS.NS,0.13059188109503722
2025-10-03,ICICIBANK.NS,TCS.NS,0.13124289303004427
2025-10-06,ICICIBANK.NS,TCS.NS,0.11612561908042476
2025-10-07,ICICIBANK.NS,TCS.NS,0.11091279434625391
2025-10-08,ICICIBANK.NS,TCS.NS,0.09485615497774541
2025-10-09,ICICIBANK.NS,TCS.NS,0.10829310160663168
2025-10-10,ICICIBANK.NS,TCS.NS,0.09106896975989719
2025-10-13,ICICIBANK.NS,TCS.NS,0.09053427971469057
2025-10-14,ICICIBANK.NS,TCS.NS,0.07393297967106506
2025-10-15,ICICIBANK.NS,TCS.NS,0.09320057459140928
2025-10-16,ICICIBANK.NS,TCS.NS,0.15921481600136034
2025-10-17,ICICIBANK.NS,TCS.NS,0.1476984740972692
2025-10-20,ICICIBANK.NS,TCS.NS,0.012977999319781323
2025-10-21,ICICIBANK.NS,TCS.NS,0.010934162628045757
2025-10-23,ICICIBANK.NS,TCS.NS,-0.03611700349410879
2025-10-24,ICICIBANK.NS,TCS.NS,-0.01638164252300391
2025-10-27,ICICIBANK.NS,TCS.NS,-0.01566539575687265
2025-10-28,ICICIBANK.NS,TCS.NS,-0.00197050312031979
2025-10-29,ICICIBANK.NS,TCS.NS,-0.001815086741848722
2025-10-30,ICICIBANK.NS,TCS.NS,-0.0062207512821847635
2025-10-31,ICICIBANK.NS,TCS.NS,-0.0023608841820867412
2025-11-03,ICICIBANK.NS,TCS.NS,-0.013322641480607873
2025-11-04,ICICIBANK.NS,TCS.NS,-0.0037460676714403717
2025-11-06,ICICIBANK.NS,TCS.NS,-0.015574950196466993
2025-11-07,ICICIBANK.NS,TCS.NS,-0.03396034929030992
2025-11-10,ICICIBANK.NS,TCS.NS,-0.02587446695252395
2025-11-11,ICICIBANK.NS,TCS.NS,-0.01688482198630702
2025-11-12,ICICIBANK.NS,TCS.NS,-0.011529349556111856
2025-11-13,ICICIBANK.NS,TCS.NS,-0.033260457126531986
2025-11-14,ICICIBANK.NS,TCS.NS,-0.0290269257714363
2025-11-17,ICICIBANK.NS,TCS.NS,-0.03054996181808793
2025-11-18,ICICIBANK.NS,TCS.NS,-0.015911593958778728
2025-11-19,ICICIBANK.NS,TCS.NS,0.004231454534200629
2025-11-20,ICICIBANK.NS,TCS.NS,-0.010078433328258625
2025-11-21,ICICIBANK.NS,TCS.NS,-0.005727822140882127
2025-11-24,ICICIBANK.NS,TCS.NS,0.0030355872567344937
2025-11-25,ICICIBANK.NS,TCS.NS,-0.02689721599383815
2025-11-26,ICICIBANK.NS,TCS.NS,0.0009759447404861251
2025-11-27,ICICIBANK.NS,TCS.NS,-0.02893520215698823
2025-11-28,ICICIBANK.NS,TCS.NS,-0.030468966187320437
2025-12-01,ICICIBANK.NS,TCS.NS,-0.029230028027543327
2025-12-02,ICICIBANK.NS,TCS.NS,-0.028782156774406584
2025-12-03,ICICIBANK.NS,TCS.NS,-0.00424780674465762
2025-12-04,ICICIBANK.NS,TCS.NS,-0.011420592950277775
2025-12-05,ICICIBANK.NS,TCS.NS,-0.011533341564121837
2025-12-08,ICICIBANK.NS,TCS.NS,-0.012066879435716011
2025-12-09,ICICIBANK.NS,TCS.NS,0.0035759035710340287
2025-12-10,ICICIBANK.NS,TCS.NS,0.007038837762194789
2025-12-11,ICICIBANK.NS,TCS.NS,0.00903291401598427
2025-12-12,ICICIBANK.NS,TCS.NS,0.012115137765457718
2025-12-15,ICICIBANK.NS,TCS.NS,0.013532685367622733
2025-12-16,ICICIBANK.NS,TCS.NS,0.0116576145479996
2025-12-17,ICICIBANK.NS,TCS.NS,0.0009549462135585577
2025-12-18,ICICIBANK.NS,TCS.NS,0.01261988415827575
2025-12-19,ICICIBANK.NS,TCS.NS,0.009129304050019075
2025-12-22,ICICIBANK.NS,TCS.NS,0.01619298329958338
2025-12-23,ICICIBANK.NS,TCS.NS,-0.0015202318984283778
2025-12-24,ICICIBANK.NS,TCS.NS,-0.047757167440273515
2025-12-26,ICICIBANK.NS,TCS.NS,-0.03487906117555872
2025-12-29,ICICIBANK.NS,TCS.NS,-0.024615536246256158
2025-12-30,ICICIBANK.NS,TCS.NS,-0.04775378198328828
2025-12-31,ICICIBANK.NS,TCS.NS,-0.053791994733570686
2026-01-01,ICICIBANK.NS,TCS.NS,-0.05476793485921806
2026-01-02,ICICIBANK.NS,TCS.NS,-0.028607180412696928
2026-01-05,ICICIBANK.NS,TCS.NS,-0.04310642167472103
2026-01-06,ICICIBANK.NS,TCS.NS,0.009043033986140071
2026-01-07,ICICIBANK.NS,TCS.NS,0.03524856822796996
2026-01-08,ICICIBANK.NS,TCS.NS,0.010112305655592934
2026-01-09,ICICIBANK.NS,TCS.NS,0.018145662312445694
2026-01-12,ICICIBANK.NS,TCS.NS,0.017461571113190133
2026-01-13,ICICIBANK.NS,TCS.NS,0.03887845279640806
2026-01-14,ICICIBANK.NS,TCS.NS,0.09447800716961496
2026-01-15,ICICIBANK.NS,TCS.NS,0.1967957455911582
2026-01-16,ICICIBANK.NS,TCS.NS,0.1661195161626579
2026-01-19,ICICIBANK.NS,TCS.NS,0.26197586105936277
2026-01-20,ICICIBANK.NS,TCS.NS,0.27459811944957424
2026-01-21,ICICIBANK.NS,TCS.NS,0.24817416866687436
2026-01-22,ICICIBANK.NS,TCS.NS,0.23255288869517482
2026-01-23,ICICIBANK.NS,TCS.NS,0.23325007930586042
2026-01-27,ICICIBANK.NS,TCS.NS,0.21906507124096944
2026-01-28,ICICIBANK.NS,TCS.NS,0.24109033759922083
2026-01-29,ICICIBANK.NS,TCS.NS,0.2057910957150732
2026-01-30,ICICIBANK.NS,TCS.NS,0.21272484172540462
2026-02-02,ICICIBANK.NS,TCS.NS,0.22009237177697735
2026-02-03,ICICIBANK.NS,TCS.NS,0.28895615155304466
2026-02-04,ICICIBANK.NS,TCS.NS,0.12039514368942585
2026-02-05,ICICIBANK.NS,TCS.NS,0.11765764910543669
2026-02-06,ICICIBANK.NS,TCS.NS,0.10885053352928917
2026-02-09,ICICIBANK.NS,TCS.NS,0.12657366657957622
2026-02-10,ICICIBANK.NS,TCS.NS,0.1366704909573339
2026-02-11,ICICIBANK.NS,TCS.NS,0.1357507829128308
2026-02-12,ICICIBANK.NS,TCS.NS,0.032095181049856016
2026-02-13,ICICIBANK.NS,TCS.NS,0.039680246131024964
2026-02-16,ICICIBANK.NS,TCS.NS,0.037810080747521436
2026-02-17,ICICIBANK.NS,TCS.NS,0.03994737250284218
2026-02-18,ICICIBANK.NS,TCS.NS,0.03980216509461744
2026-02-19,ICICIBANK.NS,TCS.NS,0.041308676475070465
2026-02-20,ICICIBANK.NS,TCS.NS,0.024372171396613403
2026-02-23,ICICIBANK.NS,TCS.NS,0.031607318418594633
2026-02-24,ICICIBANK.NS,TCS.NS,0.06649922751900546
2026-02-25,ICICIBANK.NS,TCS.NS,0.08984754087841297
2026-02-26,ICICIBANK.NS,TCS.NS,0.0968433405184876
2026-02-27,ICICIBANK.NS,TCS.NS,0.07822687190374021
2026-03-02,ICICIBANK.NS,TCS.NS,0.08668449116838037
2026-03-04,ICICIBANK.NS,TCS.NS,0.08788930176334896
2026-03-05,ICICIBANK.NS,TCS.NS,0.08829011085030122
2026-03-06,ICICIBANK.NS,TCS.NS,0.09197876274414818
2026-03-09,ICICIBANK.NS,TCS.NS,0.1051071215259198
2026-03-10,ICICIBANK.NS,TCS.NS,0.09682695043962611
2026-03-11,ICICIBANK.NS,TCS.NS,0.10619690509810534
2026-03-12,ICICIBANK.NS,TCS.NS,0.11183674949947423
2026-03-13,ICICIBANK.NS,TCS.NS,0.11726699576269463
2026-03-16,ICICIBANK.NS,TCS.NS,0.126731460543409
2026-03-17,ICICIBANK.NS,TCS.NS,0.11742750366920474
2026-03-18,ICICIBANK.NS,TCS.NS,0.11810888229611805
2026-03-19,ICICIBANK.NS,TCS.NS,0.16077905238010323
2026-03-20,ICICIBANK.NS,TCS.NS,0.15576983980628242
2026-03-23,ICICIBANK.NS,TCS.NS,0.15192064377040915
2026-03-24,ICICIBANK.NS,TCS.NS,0.1643761862341938
2026-03-25,ICICIBANK.NS,TCS.NS,0.16064430662760434
2026-03-27,ICICIBANK.NS,TCS.NS,0.14451728804217737
2026-03-30,ICICIBANK.NS,TCS.NS,0.1545442870802726
2026-04-01,ICICIBANK.NS,TCS.NS,0.16564469072417692
2026-04-02,ICICIBANK.NS,TCS.NS,0.16032641834843475
2026-04-06,ICICIBANK.NS,TCS.NS,0.17822804780992363
2026-04-07,ICICIBANK.NS,TCS.NS,0.1747458852308066
2026-04-08,ICICIBANK.NS,TCS.NS,0.18169057943671466
2026-04-09,ICICIBANK.NS,TCS.NS,0.17315971393402474
2026-04-10,ICICIBANK.NS,TCS.NS,0.13106337719688052
2026-04-13,ICICIBANK.NS,TCS.NS,0.10161067916357068
2026-04-15,ICICIBANK.NS,TCS.NS,0.0841661031740534
2026-04-16,ICICIBANK.NS,TCS.NS,0.07087134262726438
2026-04-17,ICICIBANK.NS,TCS.NS,0.07118083356737798
2026-04-20,ICICIBANK.NS,TCS.NS,0.08039814725167183
2026-04-21,ICICIBANK.NS,TCS.NS,0.08817551545319066
2026-04-22,ICICIBANK.NS,TCS.NS,0.10426034053743996
2026-04-23,ICICIBANK.NS,TCS.NS,0.1185738952942137
2026-04-24,ICICIBANK.NS,TCS.NS,0.15365051151172518
2026-04-27,ICICIBANK.NS,TCS.NS,0.13994910930616986
2026-04-28,ICICIBANK.NS,TCS.NS,0.13522130167868435
2026-04-29,ICICIBANK.NS,TCS.NS,0.12362302749875582
2026-04-30,ICICIBANK.NS,TCS.NS,0.1307907074406193
2026-05-01,ICICIBANK.NS,TCS.NS,0.12970660772282683
2026-05-04,ICICIBANK.NS,TCS.NS,0.12580365046178701
2026-05-05,ICICIBANK.NS,TCS.NS,0.09307350183448887
2026-05-06,ICICIBANK.NS,TCS.NS,0.1737521880453585
2026-05-07,ICICIBANK.NS,TCS.NS,0.17320980176003323
2026-05-08,ICICIBANK.NS,TCS.NS,0.18044856898300457
2026-05-11,ICICIBANK.NS,TCS.NS,0.1829867570484815
2026-05-12,ICICIBANK.NS,TCS.NS,0.20688998025079508
2026-05-13,ICICIBANK.NS,TCS.NS,0.21202261266337896
2026-05-14,ICICIBANK.NS,TCS.NS,0.2886188472648432
2026-05-15,ICICIBANK.NS,TCS.NS,0.2816320336872694
2026-05-18,ICICIBANK.NS,TCS.NS,0.2859826284306022
2026-05-19,ICICIBANK.NS,TCS.NS,0.2732782438288565
2026-05-20,ICICIBANK.NS,TCS.NS,0.27438911643586444
2026-05-21,ICICIBANK.NS,TCS.NS,0.27317948926368035
2026-05-22,ICICIBANK.NS,TCS.NS,0.26616535886364284
2026-05-25,ICICIBANK.NS,TCS.NS,0.2782755588611261
2026-05-26,ICICIBANK.NS,TCS.NS,0.2741852255871031
2026-05-27,ICICIBANK.NS,TCS.NS,0.2593861006723448
2026-05-28,ICICIBANK.NS,TCS.NS,0.2576623762106636
2026-05-29,ICICIBANK.NS,TCS.NS,0.2630866876703021
2026-06-01,ICICIBANK.NS,TCS.NS,0.243342837701731
2026-06-02,ICICIBANK.NS,TCS.NS,0.17664824259767112
2026-06-03,ICICIBANK.NS,TCS.NS,0.09284371420390707
2026-06-04,ICICIBANK.NS,TCS.NS,0.08612463262900334
2026-06-05,ICICIBANK.NS,TCS.NS,0.06645814033213
2026-06-08,ICICIBANK.NS,TCS.NS,0.08179749521495601
2026-06-09,ICICIBANK.NS,TCS.NS,0.0719774752866888
2026-06-10,ICICIBANK.NS,TCS.NS,0.06653883542118373
2026-06-11,ICICIBANK.NS,TCS.NS,0.05382037161364067
2026-06-12,ICICIBANK.NS,TCS.NS,0.0648385345508099
2026-06-15,ICICIBANK.NS,TCS.NS,0.06766157624075742
2026-06-16,ICICIBANK.NS,TCS.NS,0.07222591516199126
2026-06-17,ICICIBANK.NS,TCS.NS,0.01838693428763054
2026-06-18,ICICIBANK.NS,TCS.NS,0.02151046137941233
2026-06-19,ICICIBANK.NS,TCS.NS,0.016536923969622246
2026-06-22,ICICIBANK.NS,TCS.NS,0.007793956163043958
2026-06-23,ICICIBANK.NS,TCS.NS,0.029244047954467365
2026-06-24,ICICIBANK.NS,TCS.NS,0.07169477411395409
2026-06-25,ICICIBANK.NS,TCS.NS,0.05560225228353798
2026-06-26,ICICIBANK.NS,TCS.NS,0.0518201348895077
2026-06-29,ICICIBANK.NS,TCS.NS,0.05147501060154386
2026-06-30,ICICIBANK.NS,TCS.NS,0.061569652674675984
2026-07-01,ICICIBANK.NS,TCS.NS,0.04454579741656867
2026-07-02,ICICIBANK.NS,TCS.NS,0.05157183132069854
2026-07-03,ICICIBANK.NS,TCS.NS,0.07984860023770422
2026-07-06,ICICIBANK.NS,TCS.NS,0.11843293618728905
2026-07-07,ICICIBANK.NS,TCS.NS,0.1318926994230985
2026-07-08,ICICIBANK.NS,TCS.NS,0.16161408750700754
2026-07-09,ICICIBANK.NS,TCS.NS,0.1639684795644153
2026-07-10,ICICIBANK.NS,TCS.NS,0.17327563499485218
2026-07-13,ICICIBANK.NS,TCS.NS,0.18116622267605773
2026-07-14,ICICIBANK.NS,TCS.NS,0.16503668744581695
2026-07-15,ICICIBANK.NS,TCS.NS,0.14449988760439378
2026-07-16,ICICIBANK.NS,TCS.NS,0.14209183009067927
2026-07-17,ICICIBANK.NS,TCS.NS,0.1258593555493978
2026-07-20,ICICIBANK.NS,TCS.NS,0.1382277244222587
2026-07-21,ICICIBANK.NS,TCS.NS,0.14074941583158018
2026-07-22,ICICIBANK.NS,TCS.NS,0.15450722992902027
2026-07-23,ICICIBANK.NS,TCS.NS,0.14950792383712713
2026-07-24,ICICIBANK.NS,TCS.NS,0.14809208779880553
2026-07-27,ICICIBANK.NS,TCS.NS,0.16045259784033394
2026-07-28,ICICIBANK.NS,TCS.NS,0.11739977273823202
2026-07-29,ICICIBANK.NS,TCS.NS,0.11989901797474001
2026-07-30,ICICIBANK.NS,TCS.NS,0.11990328603283582
2026-07-31,ICICIBANK.NS,TCS.NS,0.11873055831521068
2026-08-03,ICICIBANK.NS,TCS.NS,0.17754797003451114
2026-08-04,ICICIBANK.NS,TCS.NS,0.12809010367673876
2026-08-05,ICICIBANK.NS,TCS.NS,0.12991729544107536
2026-08-06,ICICIBANK.NS,TCS.NS,0.13211143765922112
2026-08-07,ICICIBANK.NS,TCS.NS,0.06946769024492111
2026-08-10,ICICIBANK.NS,TCS.NS,0.06390168513618229
2026-08-11,ICICIBANK.NS,TCS.NS,0.07494350191066883
2026-08-12,ICICIBANK.NS,TCS.NS,0.07582266617862436
2026-08-13,ICICIBANK.NS,TCS.NS,0.06202102076095559
2026-08-14,ICICIBANK.NS,TCS.NS,0.06550630497777818
2026-08-17,ICICIBANK.NS,TCS.NS,0.059895906823632016
2026-08-18,ICICIBANK.NS,TCS.NS,0.05375016363704644
2026-08-19,ICICIBANK.NS,TCS.NS,0.0529773067783996
2026-08-20,ICICIBANK.NS,TCS.NS,0.053962137290838506
2026-08-21,ICICIBANK.NS,TCS.NS,0.044037454670596485
2026-08-24,ICICIBANK.NS,TCS.NS,0.06479133296771708
2026-08-25,ICICIBANK.NS,TCS.NS,0.1311511247391785
2026-08-26,ICICIBANK.NS,TCS.NS,0.214555398428633
2026-08-27,ICICIBANK.NS,TCS.NS,0.20897954653184417
2026-08-28,ICICIBANK.NS,TCS.NS,0.1578047545775735
2026-08-31,ICICIBANK.NS,TCS.NS,0.16763479392158007
2026-09-01,ICICIBANK.NS,TCS.NS,0.18621693580565435
2026-09-02,ICICIBANK.NS,TCS.NS,0.1950675581230055
2026-09-03,ICICIBANK.NS,TCS.NS,0.2111398330488582
2026-09-04,ICICIBANK.NS,TCS.NS,0.20551174156000754
2026-09-07,ICICIBANK.NS,TCS.NS,0.20344622632785903
2026-09-08,ICICIBANK.NS,TCS.NS,0.20460023217127984
2026-09-09,ICICIBANK.NS,TCS.NS,0.2149343979427208
2026-09-10,ICICIBANK.NS,TCS.NS,0.2181167015976441
2026-09-11,ICICIBANK.NS,TCS.NS,0.23129054703593943
2026-09-14,ICICIBANK.NS,TCS.NS,0.23143870249810744
2026-09-15,ICICIBANK.NS,TCS.NS,0.1653625083279601
2026-09-16,ICICIBANK.NS,TCS.NS,0.11058964424337127
2026-09-17,ICICIBANK.NS,TCS.NS,0.11777863007876196
2026-09-18,ICICIBANK.NS,TCS.NS,0.13269317718253404
2026-09-21,ICICIBANK.NS,TCS.NS,0.13624225857596511
2026-09-22,ICICIBANK.NS,TCS.NS,0.12059825036658778
2026-09-23,ICICIBANK.NS,TCS.NS,0.12902695077992601
2026-09-24,ICICIBANK.NS,TCS.NS,0.08261394483121422
2026-09-25,ICICIBANK.NS,TCS.NS,0.07528972006108965
2026-09-28,ICICIBANK.NS,TCS.NS,0.10121465906527537
2026-09-29,ICICIBANK.NS,TCS.NS,0.12263069667551174
2026-09-30,ICICIBANK.NS,TCS.NS,0.10480939727796154
2026-10-01,ICICIBANK.NS,TCS.NS,0.09663056365061784
2021-12-31,ICICIBANK.NS,INFY.NS,0.1192898660170584
2022-01-03,ICICIBANK.NS,INFY.NS,0.11453241929538557
2022-01-04,ICICIBANK.NS,INFY.NS,0.10637805302757113
2022-01-05,ICICIBANK.NS,INFY.NS,0.07255182964433259
2022-01-06,ICICIBANK.NS,INFY.NS,0.09277047033971277
2022-01-07,ICICIBANK.NS,INFY.NS,0.08875551299970785
2022-01-10,ICICIBANK.NS,INFY.NS,0.10847498962442109
2022-01-11,ICICIBANK.NS,INFY.NS,0.10656729458257261
2022-01-12,ICICIBANK.NS,INFY.NS,0.06311364464757245
2022-01-13,ICICIBANK.NS,INFY.NS,0.06235665185852184
2022-01-14,ICICIBANK.NS,INFY.NS,0.0515674196904285
2022-01-17,ICICIBANK.NS,INFY.NS,0.0740873320450828
2022-01-18,ICICIBANK.NS,INFY.NS,0.07780392156592247
2022-01-19,ICICIBANK.NS,INFY.NS,0.23603635925003946
2022-01-20,ICICIBANK.NS,INFY.NS,0.23258506889907576
2022-01-21,ICICIBANK.NS,INFY.NS,0.2336916893794414
2022-01-24,ICICIBANK.NS,INFY.NS,0.20738398631175542
2022-01-25,ICICIBANK.NS,INFY.NS,0.2158440727062808
2022-01-27,ICICIBANK.NS,INFY.NS,0.22852203668855373
2022-01-28,ICICIBANK.NS,INFY.NS,0.21824705698350785
2022-01-31,ICICIBANK.NS,INFY.NS,0.24249225889062948
2022-02-01,ICICIBANK.NS,INFY.NS,0.27717815243864097
2022-02-02,ICICIBANK.NS,INFY.NS,0.28596540382932417
2022-02-03,ICICIBANK.NS,INFY.NS,0.2912782788664939
2022-02-04,ICICIBANK.NS,INFY.NS,0.29017654261236003
2022-02-07,ICICIBANK.NS,INFY.NS,0.3070810960866146
2022-02-08,ICICIBANK.NS,INFY.NS,0.30254132963596436
2022-02-09,ICICIBANK.NS,INFY.NS,0.3131296984440016
2022-02-10,ICICIBANK.NS,INFY.NS,0.3182210676204173
2022-02-11,ICICIBANK.NS,INFY.NS,0.34427058504527996
2022-02-14,ICICIBANK.NS,INFY.NS,0.38350452032038934
2022-02-15,ICICIBANK.NS,INFY.NS,0.4172653810064837
2022-02-16,ICICIBANK.NS,INFY.NS,0.4181328797095928
2022-02-17,ICICIBANK.NS,INFY.NS,0.4459649994483074
2022-02-18,ICICIBANK.NS,INFY.NS,0.46357682605421724
2022-02-21,ICICIBANK.NS,INFY.NS,0.4473908461824954
2022-02-22,ICICIBANK.NS,INFY.NS,0.44804063719141934
2022-02-23,ICICIBANK.NS,INFY.NS,0.44924919308119765
2022-02-24,ICICIBANK.NS,INFY.NS,0.5143083877887838
2022-02-25,ICICIBANK.NS,INFY.NS,0.5322975664920482
2022-02-28,ICICIBANK.NS,INFY.NS,0.536334673840511
2022-03-02,ICICIBANK.NS,INFY.NS,0.5275309809922097
2022-03-03,ICICIBANK.NS,INFY.NS,0.5034612735377226
2022-03-04,ICICIBANK.NS,INFY.NS,0.4793994254537245
2022-03-07,ICICIBANK.NS,INFY.NS,0.4204097402886583
2022-03-08,ICICIBANK.NS,INFY.NS,0.4355122646420336
2022-03-09,ICICIBANK.NS,INFY.NS,0.435702696554056
2022-03-10,ICICIBANK.NS,INFY.NS,0.4371961273919462
2022-03-11,ICICIBANK.NS,INFY.NS,0.43426916954599276
2022-03-14,ICICIBANK.NS,INFY.NS,0.4866505087142784
2022-03-15,ICICIBANK.NS,INFY.NS,0.5099478816007579
2022-03-16,ICICIBANK.NS,INFY.NS,0.5117684400325597
2022-03-17,ICICIBANK.NS,INFY.NS,0.4836842043602475
2022-03-21,ICICIBANK.NS,INFY.NS,0.48053794159153773
2022-03-22,ICICIBANK.NS,INFY.NS,0.49106896223231716
2022-03-23,ICICIBANK.NS,INFY.NS,0.4913889677389319
2022-03-24,ICICIBANK.NS,INFY.NS,0.4796667625007978
2022-03-25,ICICIBANK.NS,INFY.NS,0.48225285683757535
2022-03-28,ICICIBANK.NS,INFY.NS,0.4778101592435482
2022-03-29,ICICIBANK.NS,INFY.NS,0.47922719223515764
2022-03-30,ICICIBANK.NS,INFY.NS,0.48466356186851084
2022-03-31,ICICIBANK.NS,INFY.NS,0.4888677027634262
2022-04-01,ICICIBANK.NS,INFY.NS,0.4884291919567691
2022-04-04,ICICIBANK.NS,INFY.NS,0.5247391633202223
2022-04-05,ICICIBANK.NS,INFY.NS,0.5269393786759811
2022-04-06,ICICIBANK.NS,INFY.NS,0.5247386076811603
2022-04-07,ICICIBANK.NS,INFY.NS,0.5037030542246985
2022-04-08,ICICIBANK.NS,INFY.NS,0.5036733385947654
2022-04-11,ICICIBANK.NS,INFY.NS,0.4756028940853607
2022-04-12,ICICIBANK.NS,INFY.NS,0.4685560446983369
2022-04-13,ICICIBANK.NS,INFY.NS,0.47769439840314953
2022-04-18,ICICIBANK.NS,INFY.NS,0.43680660829967366
2022-04-19,ICICIBANK.NS,INFY.NS,0.40709030928367124
2022-04-20,ICICIBANK.NS,INFY.NS,0.37826715076471307
2022-04-21,ICICIBANK.NS,INFY.NS,0.3904942770548526
2022-04-22,ICICIBANK.NS,INFY.NS,0.3984072580990829
2022-04-25,ICICIBANK.NS,INFY.NS,0.3897597342578331
2022-04-26,ICICIBANK.NS,INFY.NS,0.39222015041638475
2022-04-27,ICICIBANK.NS,INFY.NS,0.39909457878619015
2022-04-28,ICICIBANK.NS,INFY.NS,0.41475171729545895
2022-04-29,ICICIBANK.NS,INFY.NS,0.41015052668348945
2022-05-02,ICICIBANK.NS,INFY.NS,0.3912070567231154
2022-05-04,ICICIBANK.NS,INFY.NS,0.3862852779366031
2022-05-05,ICICIBANK.NS,INFY.NS,0.38921705898154796
2022-05-06,ICICIBANK.NS,INFY.NS,0.3968777635336476
2022-05-09,ICICIBANK.NS,INFY.NS,0.37473868204738225
2022-05-10,ICICIBANK.NS,INFY.NS,0.3722129328587568
2022-05-11,ICICIBANK.NS,INFY.NS,0.3598039044912796
2022-05-12,ICICIBANK.NS,INFY.NS,0.36296869075853105
2022-05-13,ICICIBANK.NS,INFY.NS,0.3465025294341223
2022-05-16,ICICIBANK.NS,INFY.NS,0.3154933439819984
2022-05-17,ICICIBANK.NS,INFY.NS,0.3043497814425813
2022-05-18,ICICIBANK.NS,INFY.NS,0.3058459217713962
2022-05-19,ICICIBANK.NS,INFY.NS,0.34124102555153923
2022-05-20,ICICIBANK.NS,INFY.NS,0.3604687832700906
2022-05-23,ICICIBANK.NS,INFY.NS,0.357311423623918
2022-05-24,ICICIBANK.NS,INFY.NS,0.35876294580178264
2022-05-25,ICICIBANK.NS,INFY.NS,0.35313115802968414
2022-05-26,ICICIBANK.NS,INFY.NS,0.30917504898625864
2022-05-27,ICICIBANK.NS,INFY.NS,0.31417229385390244
2022-05-30,ICICIBANK.NS,INFY.NS,0.31756443124938977
2022-05-31,ICICIBANK.NS,INFY.NS,0.3206347398646131
2022-06-01,ICICIBANK.NS,INFY.NS,0.34386647036367096
2022-06-02,ICICIBANK.NS,INFY.NS,0.340412578606002
2022-06-03,ICICIBANK.NS,INFY.NS,0.4058761048207785
2022-06-06,ICICIBANK.NS,INFY.NS,0.3932305402864917
2022-06-07,ICICIBANK.NS,INFY.NS,0.4012664769651429
2022-06-08,ICICIBANK.NS,INFY.NS,0.3970104909813552
2022-06-09,ICICIBANK.NS,INFY.NS,0.39787425664413556
2022-06-10,ICICIBANK.NS,INFY.NS,0.3736306273344212
2022-06-13,ICICIBANK.NS,INFY.NS,0.4212329791057262
2022-06-14,ICICIBANK.NS,INFY.NS,0.4009099471566517
2022-06-15,ICICIBANK.NS,INFY.NS,0.4199022071724225
2022-06-16,ICICIBANK.NS,INFY.NS,0.43022783299643325
2022-06-17,ICICIBANK.NS,INFY.NS,0.4173600979081015
2022-06-20,ICICIBANK.NS,INFY.NS,0.41175270988467483
2022-06-21,ICICIBANK.NS,INFY.NS,0.44634951083417984
2022-06-22,ICICIBANK.NS,INFY.NS,0.4468274715339096
2022-06-23,ICICIBANK.NS,INFY.NS,0.45632434069209554
2022-06-24,ICICIBANK.NS,INFY.NS,0.44216127737396155
2022-06-27,ICICIBANK.NS,INFY.NS,0.4369590243457608
2022-06-28,ICICIBANK.NS,INFY.NS,0.431255551137055
2022-06-29,ICICIBANK.NS,INFY.NS,0.4335319491691472
2022-06-30,ICICIBANK.NS,INFY.NS,0.4436958077587833
2022-07-01,ICICIBANK.NS,INFY.NS,0.43654946171470294
2022-07-04,ICICIBANK.NS,INFY.NS,0.44001541465174
2022-07-05,ICICIBANK.NS,INFY.NS,0.44558842092677836
2022-07-06,ICICIBANK.NS,INFY.NS,0.44868814208213176
2022-07-07,ICICIBANK.NS,INFY.NS,0.46416994777972115
2022-07-08,ICICIBANK.NS,INFY.NS,0.47479898451018115
2022-07-11,ICICIBANK.NS,INFY.NS,0.440618947907091
2022-07-12,ICICIBANK.NS,INFY.NS,0.4740791485032659
2022-07-13,ICICIBANK.NS,INFY.NS,0.5097967032140804
2022-07-14,ICICIBANK.NS,INFY.NS,0.5315323902854058
2022-07-15,ICICIBANK.NS,INFY.NS,0.5271545872586607
2022-07-18,ICICIBANK.NS,INFY.NS,0.5479255494172088
2022-07-19,ICICIBANK.NS,INFY.NS,0.551723875489827
2022-07-20,ICICIBANK.NS,INFY.NS,0.5498452002548885
2022-07-21,ICICIBANK.NS,INFY.NS,0.5402624362219046
2022-07-22,ICICIBANK.NS,INFY.NS,0.5074853804080104
2022-07-25,ICICIBANK.NS,INFY.NS,0.5057845937708367
2022-07-26,ICICIBANK.NS,INFY.NS,0.5042998388201105
2022-07-27,ICICIBANK.NS,INFY.NS,0.5115137422767697
2022-07-28,ICICIBANK.NS,INFY.NS,0.5286583824937716
2022-07-29,ICICIBANK.NS,INFY.NS,0.5157603449290272
2022-08-01,ICICIBANK.NS,INFY.NS,0.5393178297683527
2022-08-02,ICICIBANK.NS,INFY.NS,0.5408665604995835
2022-08-03,ICICIBANK.NS,INFY.NS,0.5483836545662728
2022-08-04,ICICIBANK.NS,INFY.NS,0.5282499112416382
2022-08-05,ICICIBANK.NS,INFY.NS,0.5416857759740723
2022-08-08,ICICIBANK.NS,INFY.NS,0.5474878196084207
2022-08-10,ICICIBANK.NS,INFY.NS,0.5271979079040756
2022-08-11,ICICIBANK.NS,INFY.NS,0.528300276731483
2022-08-12,ICICIBANK.NS,INFY.NS,0.4516858967166057
2022-08-16,ICICIBANK.NS,INFY.NS,0.4366364584454309
2022-08-17,ICICIBANK.NS,INFY.NS,0.43828818413869997
2022-08-18,ICICIBANK.NS,INFY.NS,0.4312252048527595
2022-08-19,ICICIBANK.NS,INFY.NS,0.42447789314219925
2022-08-22,ICICIBANK.NS,INFY.NS,0.4351741472330124
2022-08-23,ICICIBANK.NS,INFY.NS,0.3947758870478832
2022-08-24,ICICIBANK.NS,INFY.NS,0.3846786996523294
2022-08-25,ICICIBANK.NS,INFY.NS,0.38802550876883757
2022-08-26,ICICIBANK.NS,INFY.NS,0.3868789563698654
2022-08-29,ICICIBANK.NS,INFY.NS,0.4357441010301232
2022-08-30,ICICIBANK.NS,INFY.NS,0.4703444312593288
2022-09-01,ICICIBANK.NS,INFY.NS,0.4830065136590405
2022-09-02,ICICIBANK.NS,INFY.NS,0.4751117965821915
2022-09-05,ICICIBANK.NS,INFY.NS,0.4763239693384754
2022-09-06,ICICIBANK.NS,INFY.NS,0.4773141102005247
2022-09-07,ICICIBANK.NS,INFY.NS,0.45229988835166135
2022-09-08,ICICIBANK.NS,INFY.NS,0.39003147851582776
2022-09-09,ICICIBANK.NS,INFY.NS,0.3892469412167377
2022-09-12,ICICIBANK.NS,INFY.NS,0.3885625899876676
2022-09-13,ICICIBANK.NS,INFY.NS,0.3699645127824063
2022-09-14,ICICIBANK.NS,INFY.NS,0.3381169289639823
2022-09-15,ICICIBANK.NS,INFY.NS,0.35570834577654953
2022-09-16,ICICIBANK.NS,INFY.NS,0.3681658340491583
2022-09-19,ICICIBANK.NS,INFY.NS,0.34582768550302684
2022-09-20,ICICIBANK.NS,INFY.NS,0.33369849931707074
2022-09-21,ICICIBANK.NS,INFY.NS,0.350480621721453
2022-09-22,ICICIBANK.NS,INFY.NS,0.3554466056659352
2022-09-23,ICICIBANK.NS,INFY.NS,0.3517074351849311
2022-09-26,ICICIBANK.NS,INFY.NS,0.3060984889536379
2022-09-27,ICICIBANK.NS,INFY.NS,0.29259874260925783
2022-09-28,ICICIBANK.NS,INFY.NS,0.30080032179936156
2022-09-29,ICICIBANK.NS,INFY.NS,0.2929986280610501
2022-09-30,ICICIBANK.NS,INFY.NS,0.30094595314927386
2022-10-03,ICICIBANK.NS,INFY.NS,0.30898068313614857
2022-10-04,ICICIBANK.NS,INFY.NS,0.332834902674483
2022-10-06,ICICIBANK.NS,INFY.NS,0.3407439238476597
2022-10-07,ICICIBANK.NS,INFY.NS,0.38235282501491746
2022-10-10,ICICIBANK.NS,INFY.NS,0.3633821099042727
2022-10-11,ICICIBANK.NS,INFY.NS,0.3874300411833718
2022-10-12,ICICIBANK.NS,INFY.NS,0.3841483436087429
2022-10-13,ICICIBANK.NS,INFY.NS,0.3861716998268861
2022-10-14,ICICIBANK.NS,INFY.NS,0.36643774165084675
2022-10-17,ICICIBANK.NS,INFY.NS,0.37694286033117613
2022-10-18,ICICIBANK.NS,INFY.NS,0.3845619002159198
2022-10-19,ICICIBANK.NS,INFY.NS,0.3890336089840763
2022-10-20,ICICIBANK.NS,INFY.NS,0.41027758590122076
2022-10-21,ICICIBANK.NS,INFY.NS,0.40302869108972034
2022-10-24,ICICIBANK.NS,INFY.NS,0.40504419033103195
2022-10-25,ICICIBANK.NS,INFY.NS,0.40274521896054477
2022-10-27,ICICIBANK.NS,INFY.NS,0.37997324540567934
2022-10-28,ICICIBANK.NS,INFY.NS,0.38463578224884615
2022-10-31,ICICIBANK.NS,INFY.NS,0.3802361449254181
2022-11-01,ICICIBANK.NS,INFY.NS,0.36878111663550667
2022-11-02,ICICIBANK.NS,INFY.NS,0.3680528833839306
2022-11-03,ICICIBANK.NS,INFY.NS,0.3812530917947709
2022-11-04,ICICIBANK.NS,INFY.NS,0.37509655335073216
2022-11-07,ICICIBANK.NS,INFY.NS,0.36895415132766207
2022-11-09,ICICIBANK.NS,INFY.NS,0.37846567040934986
2022-11-10,ICICIBANK.NS,INFY.NS,0.3718726750306745
2022-11-11,ICICIBANK.NS,INFY.NS,0.3553305066040505
2022-11-14,ICICIBANK.NS,INFY.NS,0.34198079942153725
2022-11-15,ICICIBANK.NS,INFY.NS,0.3423444679419809
2022-11-16,ICICIBANK.NS,INFY.NS,0.3464471860607246
2022-11-17,ICICIBANK.NS,INFY.NS,0.3571184464276922
2022-11-18,ICICIBANK.NS,INFY.NS,0.34414055766820345
2022-11-21,ICICIBANK.NS,INFY.NS,0.36973740897201224
2022-11-22,ICICIBANK.NS,INFY.NS,0.374571220547373
2022-11-23,ICICIBANK.NS,INFY.NS,0.3737368044076743
2022-11-24,ICICIBANK.NS,INFY.NS,0.3868457106532542
2022-11-25,ICICIBANK.NS,INFY.NS,0.34884453326109277
2022-11-28,ICICIBANK.NS,INFY.NS,0.31121825116115476
2022-11-29,ICICIBANK.NS,INFY.NS,0.2905566843924411
2022-11-30,ICICIBANK.NS,INFY.NS,0.28868215429344
2022-12-01,ICICIBANK.NS,INFY.NS,0.26818383353824754
2022-12-02,ICICIBANK.NS,INFY.NS,0.2787324211892998
2022-12-05,ICICIBANK.NS,INFY.NS,0.2794376667451702
2022-12-06,ICICIBANK.NS,INFY.NS,0.28241837551890153
2022-12-07,ICICIBANK.NS,INFY.NS,0.2829011757289305
2022-12-08,ICICIBANK.NS,INFY.NS,0.2822212297981456
2022-12-09,ICICIBANK.NS,INFY.NS,0.2792873044089009
2022-12-12,ICICIBANK.NS,INFY.NS,0.33566856644429516
2022-12-13,ICICIBANK.NS,INFY.NS,0.3454701263271793
2022-12-14,ICICIBANK.NS,INFY.NS,0.32488153516303503
2022-12-15,ICICIBANK.NS,INFY.NS,0.36084147062016664
2022-12-16,ICICIBANK.NS,INFY.NS,0.38209101727270744
2022-12-19,ICICIBANK.NS,INFY.NS,0.3735897291692426
2022-12-20,ICICIBANK.NS,INFY.NS,0.36632041585740416
2022-12-21,ICICIBANK.NS,INFY.NS,0.3625875096858129
2022-12-22,ICICIBANK.NS,INFY.NS,0.40008603786504726
2022-12-23,ICICIBANK.NS,INFY.NS,0.4287994086179014
2022-12-26,ICICIBANK.NS,INFY.NS,0.42517312286914594
2022-12-27,ICICIBANK.NS,INFY.NS,0.4306793437672365
2022-12-28,ICICIBANK.NS,INFY.NS,0.42580894159987553
2022-12-29,ICICIBANK.NS,INFY.NS,0.4108068951675687
2022-12-30,ICICIBANK.NS,INFY.NS,0.379833900060822
2023-01-02,ICICIBANK.NS,INFY.NS,0.3645724888982175
2023-01-03,ICICIBANK.NS,INFY.NS,0.3638088573725741
2023-01-04,ICICIBANK.NS,INFY.NS,0.36614104383731055
2023-01-05,ICICIBANK.NS,INFY.NS,0.36066085993618163
2023-01-06,ICICIBANK.NS,INFY.NS,0.3754662930248122
2023-01-09,ICICIBANK.NS,INFY.NS,0.3711106537771106
2023-01-10,ICICIBANK.NS,INFY.NS,0.32835202978832884
2023-01-11,ICICIBANK.NS,INFY.NS,0.3152650078776809
2023-01-12,ICICIBANK.NS,INFY.NS,0.29936234081658947
2023-01-13,ICICIBANK.NS,INFY.NS,0.3144681966986269
2023-01-16,ICICIBANK.NS,INFY.NS,0.30013685462049017
2023-01-17,ICICIBANK.NS,INFY.NS,0.31364489204263735
2023-01-18,ICICIBANK.NS,INFY.NS,0.2991338830235042
2023-01-19,ICICIBANK.NS,INFY.NS,0.30091832468594754
2023-01-20,ICICIBANK.NS,INFY.NS,0.29279141257630487
2023-01-23,ICICIBANK.NS,INFY.NS,0.2866523294099756
2023-01-24,ICICIBANK.NS,INFY.NS,0.28642980931438344
2023-01-25,ICICIBANK.NS,INFY.NS,0.2962126271288732
2023-01-27,ICICIBANK.NS,INFY.NS,0.32591695461370623
2023-01-30,ICICIBANK.NS,INFY.NS,0.3493352715042668
2023-01-31,ICICIBANK.NS,INFY.NS,0.3405512378787144
2023-02-01,ICICIBANK.NS,INFY.NS,0.36758746755438476
2023-02-02,ICICIBANK.NS,INFY.NS,0.38755263032146897
2023-02-03,ICICIBANK.NS,INFY.NS,0.3939492618992426
2023-02-06,ICICIBANK.NS,INFY.NS,0.4689324338424086
2023-02-07,ICICIBANK.NS,INFY.NS,0.4891932902483275
2023-02-08,ICICIBANK.NS,INFY.NS,0.4963618319633181
2023-02-09,ICICIBANK.NS,INFY.NS,0.49378472749647745
2023-02-10,ICICIBANK.NS,INFY.NS,0.5097364896694706
2023-02-13,ICICIBANK.NS,INFY.NS,0.49994997368560645
2023-02-14,ICICIBANK.NS,INFY.NS,0.5266516794870024
2023-02-15,ICICIBANK.NS,INFY.NS,0.5256508405095273
2023-02-16,ICICIBANK.NS,INFY.NS,0.5269899137740537
2023-02-17,ICICIBANK.NS,INFY.NS,0.5142575734745886
2023-02-20,ICICIBANK.NS,INFY.NS,0.5079461428066813
2023-02-21,ICICIBANK.NS,INFY.NS,0.5139717347850035
2023-02-22,ICICIBANK.NS,INFY.NS,0.5218687273537246
2023-02-23,ICICIBANK.NS,INFY.NS,0.5172167211962475
2023-02-24,ICICIBANK.NS,INFY.NS,0.5472870516062273
2023-02-27,ICICIBANK.NS,INFY.NS,0.4465382399934941
2023-02-28,ICICIBANK.NS,INFY.NS,0.44281086825088306
2023-03-01,ICICIBANK.NS,INFY.NS,0.43410029655020005
2023-03-02,ICICIBANK.NS,INFY.NS,0.43229465158372266
2023-03-03,ICICIBANK.NS,INFY.NS,0.42749498180963735
2023-03-06,ICICIBANK.NS,INFY.NS,0.4359337172075986
2023-03-08,ICICIBANK.NS,INFY.NS,0.4331213370649767
2023-03-09,ICICIBANK.NS,INFY.NS,0.4381341479153815
2023-03-10,ICICIBANK.NS,INFY.NS,0.45089227245838703
2023-03-13,ICICIBANK.NS,INFY.NS,0.45650738821522746
2023-03-14,ICICIBANK.NS,INFY.NS,0.44628306135627666
2023-03-15,ICICIBANK.NS,INFY.NS,0.45483209895575694
2023-03-16,ICICIBANK.NS,INFY.NS,0.45349403027464535
2023-03-17,ICICIBANK.NS,INFY.NS,0.4799677706036188
2023-03-20,ICICIBANK.NS,INFY.NS,0.4784736601364166
2023-03-21,ICICIBANK.NS,INFY.NS,0.43682589684086615
2023-03-22,ICICIBANK.NS,INFY.NS,0.43330775722653175
2023-03-23,ICICIBANK.NS,INFY.NS,0.4301236189027689
2023-03-24,ICICIBANK.NS,INFY.NS,0.4271132033388127
2023-03-27,ICICIBANK.NS,INFY.NS,0.4186475365343076
2023-03-28,ICICIBANK.NS,INFY.NS,0.4086129936483703
2023-03-29,ICICIBANK.NS,INFY.NS,0.3935666971437618
2023-03-31,ICICIBANK.NS,INFY.NS,0.46102983005335296
2023-04-03,ICICIBANK.NS,INFY.NS,0.45047477706259104
2023-04-05,ICICIBANK.NS,INFY.NS,0.4356351906347521
2023-04-06,ICICIBANK.NS,INFY.NS,0.42266010739187776
2023-04-10,ICICIBANK.NS,INFY.NS,0.4213457111755645
2023-04-11,ICICIBANK.NS,INFY.NS,0.3777113412420443
2023-04-12,ICICIBANK.NS,INFY.NS,0.38650999596856844
2023-04-13,ICICIBANK.NS,INFY.NS,0.35146735021790104
2023-04-17,ICICIBANK.NS,INFY.NS,0.22951021892225854
2023-04-18,ICICIBANK.NS,INFY.NS,0.24495843683095492
2023-04-19,ICICIBANK.NS,INFY.NS,0.2530941854396146
2023-04-20,ICICIBANK.NS,INFY.NS,0.2502591085357128
2023-04-21,ICICIBANK.NS,INFY.NS,0.24270053461134908
2023-04-24,ICICIBANK.NS,INFY.NS,0.2431381197647164
2023-04-25,ICICIBANK.NS,INFY.NS,0.2449317189828185
2023-04-26,ICICIBANK.NS,INFY.NS,0.2463470045417955
2023-04-27,ICICIBANK.NS,INFY.NS,0.2495919209965904
2023-04-28,ICICIBANK.NS,INFY.NS,0.2342631043321894
2023-05-02,ICICIBANK.NS,INFY.NS,0.2306252550675453
2023-05-03,ICICIBANK.NS,INFY.NS,0.23238081567832894
2023-05-04,ICICIBANK.NS,INFY.NS,0.21315743251441835
2023-05-05,ICICIBANK.NS,INFY.NS,0.18987593990174828
2023-05-08,ICICIBANK.NS,INFY.NS,0.19093698313382393
2023-05-09,ICICIBANK.NS,INFY.NS,0.1707881049897776
2023-05-10,ICICIBANK.NS,INFY.NS,0.17046049612464922
2023-05-11,ICICIBANK.NS,INFY.NS,0.16007124466793365
2023-05-12,ICICIBANK.NS,INFY.NS,0.1593333872021517
2023-05-15,ICICIBANK.NS,INFY.NS,0.15890438127255016
2023-05-16,ICICIBANK.NS,INFY.NS,0.14772664503785488
2023-05-17,ICICIBANK.NS,INFY.NS,0.12755329541533492
2023-05-18,ICICIBANK.NS,INFY.NS,0.1263177664182961
2023-05-19,ICICIBANK.NS,INFY.NS,0.1419813674224469
2023-05-22,ICICIBANK.NS,INFY.NS,0.119908637678747
2023-05-23,ICICIBANK.NS,INFY.NS,0.13623180647164265
2023-05-24,ICICIBANK.NS,INFY.NS,0.13054694088837382
2023-05-25,ICICIBANK.NS,INFY.NS,0.11606115388201507
2023-05-26,ICICIBANK.NS,INFY.NS,0.1267507396511892
2023-05-29,ICICIBANK.NS,INFY.NS,0.1270006586594749
2023-05-30,ICICIBANK.NS,INFY.NS,0.18128153078441098
2023-05-31,ICICIBANK.NS,INFY.NS,0.17791561579226498
2023-06-01,ICICIBANK.NS,INFY.NS,0.16934342169991867
2023-06-02,ICICIBANK.NS,INFY.NS,0.16406751683614232
2023-06-05,ICICIBANK.NS,INFY.NS,0.16075038819697285
2023-06-06,ICICIBANK.NS,INFY.NS,0.17886097223676883
2023-06-07,ICICIBANK.NS,INFY.NS,0.17797480699961063
2023-06-08,ICICIBANK.NS,INFY.NS,0.17221432530771164
2023-06-09,ICICIBANK.NS,INFY.NS,0.17133438008205193
2023-06-12,ICICIBANK.NS,INFY.NS,0.11294134635996135
2023-06-13,ICICIBANK.NS,INFY.NS,0.12089679281944862
2023-06-14,ICICIBANK.NS,INFY.NS,0.12371641985129121
2023-06-15,ICICIBANK.NS,INFY.NS,0.13309188909613767
2023-06-16,ICICIBANK.NS,INFY.NS,0.11874551156920261
2023-06-19,ICICIBANK.NS,INFY.NS,0.10978097930703153
2023-06-20,ICICIBANK.NS,INFY.NS,0.13331688245159576
2023-06-21,ICICIBANK.NS,INFY.NS,0.13520046330712526
2023-06-22,ICICIBANK.NS,INFY.NS,0.1274950649695931
2023-06-23,ICICIBANK.NS,INFY.NS,0.13627542496846112
2023-06-26,ICICIBANK.NS,INFY.NS,0.1439550468769116
2023-06-27,ICICIBANK.NS,INFY.NS,0.15623652212608027
2023-06-28,ICICIBANK.NS,INFY.NS,0.16003812179448512
2023-06-30,ICICIBANK.NS,INFY.NS,0.021549834253709543
2023-07-03,ICICIBANK.NS,INFY.NS,0.03117397102455179
2023-07-04,ICICIBANK.NS,INFY.NS,0.03299050253044857
2023-07-05,ICICIBANK.NS,INFY.NS,0.03579690057407903
2023-07-06,ICICIBANK.NS,INFY.NS,0.0424057623663163
2023-07-07,ICICIBANK.NS,INFY.NS,0.09242073527001848
2023-07-10,ICICIBANK.NS,INFY.NS,0.07432467367692465
2023-07-11,ICICIBANK.NS,INFY.NS,0.10227406575443174
2023-07-12,ICICIBANK.NS,INFY.NS,0.20171358177901813
2023-07-13,ICICIBANK.NS,INFY.NS,0.24557008524860208
2023-07-14,ICICIBANK.NS,INFY.NS,0.22383956631927074
2023-07-17,ICICIBANK.NS,INFY.NS,0.2180886818995577
2023-07-18,ICICIBANK.NS,INFY.NS,0.24357236892747525
2023-07-19,ICICIBANK.NS,INFY.NS,0.2824445689950484
2023-07-20,ICICIBANK.NS,INFY.NS,0.1802090997898521
2023-07-21,ICICIBANK.NS,INFY.NS,0.1370503990052613
2023-07-24,ICICIBANK.NS,INFY.NS,0.13041231665295466
2023-07-25,ICICIBANK.NS,INFY.NS,0.13103443570106893
2023-07-26,ICICIBANK.NS,INFY.NS,0.12348080140338596
2023-07-27,ICICIBANK.NS,INFY.NS,0.12003810006015904
2023-07-28,ICICIBANK.NS,INFY.NS,0.11277788193222475
2023-07-31,ICICIBANK.NS,INFY.NS,0.12266964006222268
2023-08-01,ICICIBANK.NS,INFY.NS,0.11503549246053855
2023-08-02,ICICIBANK.NS,INFY.NS,0.12512374458773085
2023-08-03,ICICIBANK.NS,INFY.NS,0.10423838973924268
2023-08-04,ICICIBANK.NS,INFY.NS,0.11256158721886265
2023-08-07,ICICIBANK.NS,INFY.NS,0.12445254258231825
2023-08-08,ICICIBANK.NS,INFY.NS,0.12083154505538925
2023-08-09,ICICIBANK.NS,INFY.NS,0.12087794677576814
2023-08-10,ICICIBANK.NS,INFY.NS,0.11169485435543781
2023-08-11,ICICIBANK.NS,INFY.NS,0.13523591302986437
2023-08-14,ICICIBANK.NS,INFY.NS,0.13097804014064077
2023-08-16,ICICIBANK.NS,INFY.NS,0.1338242049861573
2023-08-17,ICICIBANK.NS,INFY.NS,0.13652417707006978
2023-08-18,ICICIBANK.NS,INFY.NS,0.1369559153357487
2023-08-21,ICICIBANK.NS,INFY.NS,0.14276716951381027
2023-08-22,ICICIBANK.NS,INFY.NS,0.13374710264155174
2023-08-23,ICICIBANK.NS,INFY.NS,0.1310994540130216
2023-08-24,ICICIBANK.NS,INFY.NS,0.13191201025827357
2023-08-25,ICICIBANK.NS,INFY.NS,0.1304425388483267
2023-08-28,ICICIBANK.NS,INFY.NS,0.13335340028115117
2023-08-29,ICICIBANK.NS,INFY.NS,0.1340402403678037
2023-08-30,ICICIBANK.NS,INFY.NS,0.11632761180111705
2023-08-31,ICICIBANK.NS,INFY.NS,0.10295582072625425
2023-09-01,ICICIBANK.NS,INFY.NS,0.10872587514266668
2023-09-04,ICICIBANK.NS,INFY.NS,0.10201808650084702
2023-09-05,ICICIBANK.NS,INFY.NS,0.10190569439601999
2023-09-06,ICICIBANK.NS,INFY.NS,0.11356465302954204
2023-09-07,ICICIBANK.NS,INFY.NS,0.09491537037323516
2023-09-08,ICICIBANK.NS,INFY.NS,0.09171849888595164
2023-09-11,ICICIBANK.NS,INFY.NS,0.07041491977140303
2023-09-12,ICICIBANK.NS,INFY.NS,0.08996875683593207
2023-09-13,ICICIBANK.NS,INFY.NS,0.09191049728567087
2023-09-14,ICICIBANK.NS,INFY.NS,0.08944392983319371
2023-09-15,ICICIBANK.NS,INFY.NS,0.08791176346385263
2023-09-18,ICICIBANK.NS,INFY.NS,0.09524072415552177
2023-09-20,ICICIBANK.NS,INFY.NS,0.09006153121138971
2023-09-21,ICICIBANK.NS,INFY.NS,0.06227886795062863
2023-09-22,ICICIBANK.NS,INFY.NS,0.06574099911231503
2023-09-25,ICICIBANK.NS,INFY.NS,0.0514353449768845
2023-09-26,ICICIBANK.NS,INFY.NS,0.07780567790772784
2023-09-27,ICICIBANK.NS,INFY.NS,0.07909293032781614
2023-09-28,ICICIBANK.NS,INFY.NS,0.07803770419848458
2023-09-29,ICICIBANK.NS,INFY.NS,0.0733326079067146
2023-10-03,ICICIBANK.NS,INFY.NS,0.07613344417841963
2023-10-04,ICICIBANK.NS,INFY.NS,0.049634235716266836
2023-10-05,ICICIBANK.NS,INFY.NS,0.06594154643828647
2023-10-06,ICICIBANK.NS,INFY.NS,0.07691873348081209
2023-10-09,ICICIBANK.NS,INFY.NS,0.07919436736588502
2023-10-10,ICICIBANK.NS,INFY.NS,0.06644580717315647
2023-10-11,ICICIBANK.NS,INFY.NS,0.04503968659967349
2023-10-12,ICICIBANK.NS,INFY.NS,0.04491388784110699
2023-10-13,ICICIBANK.NS,INFY.NS,0.020186814446913053
2023-10-16,ICICIBANK.NS,INFY.NS,0.020355354316429347
2023-10-17,ICICIBANK.NS,INFY.NS,0.08310829784536582
2023-10-18,ICICIBANK.NS,INFY.NS,0.16578583794652474
2023-10-19,ICICIBANK.NS,INFY.NS,0.17699549775245046
2023-10-20,ICICIBANK.NS,INFY.NS,0.18175802399002408
2023-10-23,ICICIBANK.NS,INFY.NS,0.18067125753018695
2023-10-25,ICICIBANK.NS,INFY.NS,0.22056030932295062
2023-10-26,ICICIBANK.NS,INFY.NS,0.24799269691428955
2023-10-27,ICICIBANK.NS,INFY.NS,0.2552991612234169
2023-10-30,ICICIBANK.NS,INFY.NS,0.24496606522840825
2023-10-31,ICICIBANK.NS,INFY.NS,0.24755202439489013
2023-11-01,ICICIBANK.NS,INFY.NS,0.2841780568482108
2023-11-02,ICICIBANK.NS,INFY.NS,0.2868892439386796
2023-11-03,ICICIBANK.NS,INFY.NS,0.30843471714682097
2023-11-06,ICICIBANK.NS,INFY.NS,0.32857407485701895
2023-11-07,ICICIBANK.NS,INFY.NS,0.32798371000777077
2023-11-08,ICICIBANK.NS,INFY.NS,0.3398227812444179
2023-11-09,ICICIBANK.NS,INFY.NS,0.3119327134057859
2023-11-10,ICICIBANK.NS,INFY.NS,0.29514221370252297
2023-11-13,ICICIBANK.NS,INFY.NS,0.31080954299299474
2023-11-15,ICICIBANK.NS,INFY.NS,0.3257075864375153
2023-11-16,ICICIBANK.NS,INFY.NS,0.2908930003797023
2023-11-17,ICICIBANK.NS,INFY.NS,0.2920317579830029
2023-11-20,ICICIBANK.NS,INFY.NS,0.2913390767568721
2023-11-21,ICICIBANK.NS,INFY.NS,0.29305738245811236
2023-11-22,ICICIBANK.NS,INFY.NS,0.2792909474157278
2023-11-23,ICICIBANK.NS,INFY.NS,0.27875012394885357
2023-11-24,ICICIBANK.NS,INFY.NS,0.2634013231238025
2023-11-28,ICICIBANK.NS,INFY.NS,0.26126209840203174
2023-11-29,ICICIBANK.NS,INFY.NS,0.3080409511931917
2023-11-30,ICICIBANK.NS,INFY.NS,0.3100731374107333
2023-12-01,ICICIBANK.NS,INFY.NS,0.2924008800351106
2023-12-04,ICICIBANK.NS,INFY.NS,0.303203913529544
2023-12-05,ICICIBANK.NS,INFY.NS,0.2698329654551132
2023-12-06,ICICIBANK.NS,INFY.NS,0.24222917243129932
2023-12-07,ICICIBANK.NS,INFY.NS,0.25668590851192524
2023-12-08,ICICIBANK.NS,INFY.NS,0.275177717362111
2023-12-11,ICICIBANK.NS,INFY.NS,0.2697632659257694
2023-12-12,ICICIBANK.NS,INFY.NS,0.25005235850022606
2023-12-13,ICICIBANK.NS,INFY.NS,0.24950010363456562
2023-12-14,ICICIBANK.NS,INFY.NS,0.31341256542632145
2023-12-15,ICICIBANK.NS,INFY.NS,0.28842658494002027
2023-12-18,ICICIBANK.NS,INFY.NS,0.29815661953349126
2023-12-19,ICICIBANK.NS,INFY.NS,0.29999524105559494
2023-12-20,ICICIBANK.NS,INFY.NS,0.35210060438753515
2023-12-21,ICICIBANK.NS,INFY.NS,0.3499024590428887
2023-12-22,ICICIBANK.NS,INFY.NS,0.3365229823003216
2023-12-26,ICICIBANK.NS,INFY.NS,0.32668956425272433
2023-12-27,ICICIBANK.NS,INFY.NS,0.33640693378484215
2023-12-28,ICICIBANK.NS,INFY.NS,0.3372919369701861
2023-12-29,ICICIBANK.NS,INFY.NS,0.3551274680268579
2024-01-01,ICICIBANK.NS,INFY.NS,0.35631413769422154
2024-01-02,ICICIBANK.NS,INFY.NS,0.3832374151027443
2024-01-03,ICICIBANK.NS,INFY.NS,0.3560532596935935
2024-01-04,ICICIBANK.NS,INFY.NS,0.3541815117692885
2024-01-05,ICICIBANK.NS,INFY.NS,0.358036038018113
2024-01-08,ICICIBANK.NS,INFY.NS,0.35198970216982695
2024-01-09,ICICIBANK.NS,INFY.NS,0.35070246659122556
2024-01-10,ICICIBANK.NS,INFY.NS,0.34302414963234634
2024-01-11,ICICIBANK.NS,INFY.NS,0.34218841947435674
2024-01-12,ICICIBANK.NS,INFY.NS,0.3550981584709586
2024-01-15,ICICIBANK.NS,INFY.NS,0.359695999043587
2024-01-16,ICICIBANK.NS,INFY.NS,0.3595051596271027
2024-01-17,ICICIBANK.NS,INFY.NS,0.3305618490508867
2024-01-18,ICICIBANK.NS,INFY.NS,0.3281798100442686
2024-01-19,ICICIBANK.NS,INFY.NS,0.32910157583555716
2024-01-23,ICICIBANK.NS,INFY.NS,0.2638258238357872
2024-01-24,ICICIBANK.NS,INFY.NS,0.2005126080626378
2024-01-25,ICICIBANK.NS,INFY.NS,0.1924582495967441
2024-01-29,ICICIBANK.NS,INFY.NS,0.19439600007941993
2024-01-30,ICICIBANK.NS,INFY.NS,0.18770724061986888
2024-01-31,ICICIBANK.NS,INFY.NS,0.18593437600157947
2024-02-01,ICICIBANK.NS,INFY.NS,0.1853279684517083
2024-02-02,ICICIBANK.NS,INFY.NS,0.17050571624409738
2024-02-05,ICICIBANK.NS,INFY.NS,0.1666341328476378
2024-02-06,ICICIBANK.NS,INFY.NS,0.16727258680358392
2024-02-07,ICICIBANK.NS,INFY.NS,0.16290240886050697
2024-02-08,ICICIBANK.NS,INFY.NS,0.1659240428231482
2024-02-09,ICICIBANK.NS,INFY.NS,0.13613531079771968
2024-02-12,ICICIBANK.NS,INFY.NS,0.1313194252802986
2024-02-13,ICICIBANK.NS,INFY.NS,0.1194504075129804
2024-02-14,ICICIBANK.NS,INFY.NS,0.13012081841660944
2024-02-15,ICICIBANK.NS,INFY.NS,0.12027389713619364
2024-02-16,ICICIBANK.NS,INFY.NS,0.12336024735916498
2024-02-19,ICICIBANK.NS,INFY.NS,0.11649712353063109
2024-02-20,ICICIBANK.NS,INFY.NS,0.11872038206789094
2024-02-21,ICICIBANK.NS,INFY.NS,0.11531580310260697
2024-02-22,ICICIBANK.NS,INFY.NS,0.12579034051137056
2024-02-23,ICICIBANK.NS,INFY.NS,0.12772305690232505
2024-02-26,ICICIBANK.NS,INFY.NS,0.1273070312933461
2024-02-27,ICICIBANK.NS,INFY.NS,0.12484578212658423
2024-02-28,ICICIBANK.NS,INFY.NS,0.12519308895019265
2024-02-29,ICICIBANK.NS,INFY.NS,0.11782109665079216
2024-03-01,ICICIBANK.NS,INFY.NS,0.09569127495165311
2024-03-04,ICICIBANK.NS,INFY.NS,0.10315333741592368
2024-03-05,ICICIBANK.NS,INFY.NS,0.10738972064675821
2024-03-06,ICICIBANK.NS,INFY.NS,0.0986755660734063
2024-03-07,ICICIBANK.NS,INFY.NS,0.10116969555368417
2024-03-11,ICICIBANK.NS,INFY.NS,0.1070330762447774
2024-03-12,ICICIBANK.NS,INFY.NS,0.10241858911675185
2024-03-13,ICICIBANK.NS,INFY.NS,0.054816035432162596
2024-03-14,ICICIBANK.NS,INFY.NS,0.043674814262859595
2024-03-15,ICICIBANK.NS,INFY.NS,0.034629354443308585
2024-03-18,ICICIBANK.NS,INFY.NS,0.032034525947361045
2024-03-19,ICICIBANK.NS,INFY.NS,0.01649558642426909
2024-03-20,ICICIBANK.NS,INFY.NS,0.016623086081901405
2024-03-21,ICICIBANK.NS,INFY.NS,0.034241776238876726
2024-03-22,ICICIBANK.NS,INFY.NS,0.016951178589086263
2024-03-26,ICICIBANK.NS,INFY.NS,0.016090871780036018
2024-03-27,ICICIBANK.NS,INFY.NS,0.0170705795417101
2024-03-28,ICICIBANK.NS,INFY.NS,0.012449315030752566
2024-04-01,ICICIBANK.NS,INFY.NS,0.01139533278780381
2024-04-02,ICICIBANK.NS,INFY.NS,0.007141554210843626
2024-04-03,ICICIBANK.NS,INFY.NS,0.008432682748076402
2024-04-04,ICICIBANK.NS,INFY.NS,0.006344379143329867
2024-04-05,ICICIBANK.NS,INFY.NS,-0.0008396658279765054
2024-04-08,ICICIBANK.NS,INFY.NS,-0.008184350575616854
2024-04-09,ICICIBANK.NS,INFY.NS,0.011850933964634124
2024-04-10,ICICIBANK.NS,INFY.NS,0.018166135031388513
2024-04-12,ICICIBANK.NS,INFY.NS,0.020777555674561524
2024-04-15,ICICIBANK.NS,INFY.NS,-0.04230455221735585
2024-04-16,ICICIBANK.NS,INFY.NS,-0.01202807345680533
2024-04-18,ICICIBANK.NS,INFY.NS,-0.021240513058843426
2024-04-19,ICICIBANK.NS,INFY.NS,-0.0014789245313450415
2024-04-22,ICICIBANK.NS,INFY.NS,0.029300641942054367
2024-04-23,ICICIBANK.NS,INFY.NS,0.015672527851008766
2024-04-24,ICICIBANK.NS,INFY.NS,0.04012972861766032
2024-04-25,ICICIBANK.NS,INFY.NS,0.14348965366287367
2024-04-26,ICICIBANK.NS,INFY.NS,0.1480400330666739
2024-04-29,ICICIBANK.NS,INFY.NS,0.16093882208792384
2024-04-30,ICICIBANK.NS,INFY.NS,0.1681270276440538
2024-05-02,ICICIBANK.NS,INFY.NS,0.16228025873226948
2024-05-03,ICICIBANK.NS,INFY.NS,0.16266235831870451
2024-05-06,ICICIBANK.NS,INFY.NS,0.17805906178699535
2024-05-07,ICICIBANK.NS,INFY.NS,0.1528693513533311
2024-05-08,ICICIBANK.NS,INFY.NS,0.16268311051543013
2024-05-09,ICICIBANK.NS,INFY.NS,0.1416941169937459
2024-05-10,ICICIBANK.NS,INFY.NS,0.1584986501266005
2024-05-13,ICICIBANK.NS,INFY.NS,0.1914811737771367
2024-05-14,ICICIBANK.NS,INFY.NS,0.21017744476559383
2024-05-15,ICICIBANK.NS,INFY.NS,0.20129862880942703
2024-05-16,ICICIBANK.NS,INFY.NS,0.2088510092404106
2024-05-17,ICICIBANK.NS,INFY.NS,0.21990013260652688
2024-05-21,ICICIBANK.NS,INFY.NS,0.21760213737983058
2024-05-22,ICICIBANK.NS,INFY.NS,0.19080162586830413
2024-05-23,ICICIBANK.NS,INFY.NS,0.22311101959678192
2024-05-24,ICICIBANK.NS,INFY.NS,0.23098092895753272
2024-05-27,ICICIBANK.NS,INFY.NS,0.21262723305870454
2024-05-28,ICICIBANK.NS,INFY.NS,0.2127192111431772
2024-05-29,ICICIBANK.NS,INFY.NS,0.22439920294819338
2024-05-30,ICICIBANK.NS,INFY.NS,0.20128217094409934
2024-05-31,ICICIBANK.NS,INFY.NS,0.2215692463706428
2024-06-03,ICICIBANK.NS,INFY.NS,0.21286552086627225
2024-06-04,ICICIBANK.NS,INFY.NS,0.2453765922183753
2024-06-05,ICICIBANK.NS,INFY.NS,0.3151466370149115
2024-06-06,ICICIBANK.NS,INFY.NS,0.30053791554644277
2024-06-07,ICICIBANK.NS,INFY.NS,0.30265184384004434
2024-06-10,ICICIBANK.NS,INFY.NS,0.2951414302028557
2024-06-11,ICICIBANK.NS,INFY.NS,0.29112082523431737
2024-06-12,ICICIBANK.NS,INFY.NS,0.293018586489579
2024-06-13,ICICIBANK.NS,INFY.NS,0.2855296035018535
2024-06-14,ICICIBANK.NS,INFY.NS,0.2971848646313465
2024-06-18,ICICIBANK.NS,INFY.NS,0.30163996701010753
2024-06-19,ICICIBANK.NS,INFY.NS,0.31552763310392073
2024-06-20,ICICIBANK.NS,INFY.NS,0.3299781568484382
2024-06-21,ICICIBANK.NS,INFY.NS,0.3281948869725642
2024-06-24,ICICIBANK.NS,INFY.NS,0.3246734635464458
2024-06-25,ICICIBANK.NS,INFY.NS,0.3667548330950851
2024-06-26,ICICIBANK.NS,INFY.NS,0.35799967283317946
2024-06-27,ICICIBANK.NS,INFY.NS,0.3490953900431524
2024-06-28,ICICIBANK.NS,INFY.NS,0.35026628860521825
2024-07-01,ICICIBANK.NS,INFY.NS,0.35667167038274433
2024-07-02,ICICIBANK.NS,INFY.NS,0.31144409750825075
2024-07-03,ICICIBANK.NS,INFY.NS,0.31100091485567144
2024-07-04,ICICIBANK.NS,INFY.NS,0.326170277713031
2024-07-05,ICICIBANK.NS,INFY.NS,0.32847301669223855
2024-07-08,ICICIBANK.NS,INFY.NS,0.3279473318142918
2024-07-09,ICICIBANK.NS,INFY.NS,0.31518923139374266
2024-07-10,ICICIBANK.NS,INFY.NS,0.3180465660446247
2024-07-11,ICICIBANK.NS,INFY.NS,0.31388857058580694
2024-07-12,ICICIBANK.NS,INFY.NS,0.26100870219046324
2024-07-15,ICICIBANK.NS,INFY.NS,0.2439197639336203
2024-07-16,ICICIBANK.NS,INFY.NS,0.24745252470553136
2024-07-18,ICICIBANK.NS,INFY.NS,0.2594503170787561
2024-07-19,ICICIBANK.NS,INFY.NS,0.23992825850080723
2024-07-22,ICICIBANK.NS,INFY.NS,0.23481796846874317
2024-07-23,ICICIBANK.NS,INFY.NS,0.22683428576275344
2024-07-24,ICICIBANK.NS,INFY.NS,0.22903022276751675
2024-07-25,ICICIBANK.NS,INFY.NS,0.23751252866821096
2024-07-26,ICICIBANK.NS,INFY.NS,0.26580229484248713
2024-07-29,ICICIBANK.NS,INFY.NS,0.2537245592961528
2024-07-30,ICICIBANK.NS,INFY.NS,0.2477797850552174
2024-07-31,ICICIBANK.NS,INFY.NS,0.24414523678809955
2024-08-01,ICICIBANK.NS,INFY.NS,0.2470688482081212
2024-08-02,ICICIBANK.NS,INFY.NS,0.27079948924817915
2024-08-05,ICICIBANK.NS,INFY.NS,0.3069552745298746
2024-08-06,ICICIBANK.NS,INFY.NS,0.31181633918952867
2024-08-07,ICICIBANK.NS,INFY.NS,0.3154539125559824
2024-08-08,ICICIBANK.NS,INFY.NS,0.3242528143519716
2024-08-09,ICICIBANK.NS,INFY.NS,0.325789936161148
2024-08-12,ICICIBANK.NS,INFY.NS,0.33245983776750976
2024-08-13,ICICIBANK.NS,INFY.NS,0.33138648479745497
2024-08-14,ICICIBANK.NS,INFY.NS,0.3251564673472071
2024-08-16,ICICIBANK.NS,INFY.NS,0.3351383878988205
2024-08-19,ICICIBANK.NS,INFY.NS,0.3444332136620077
2024-08-20,ICICIBANK.NS,INFY.NS,0.3386002776002506
2024-08-21,ICICIBANK.NS,INFY.NS,0.33871493474434533
2024-08-22,ICICIBANK.NS,INFY.NS,0.336401227956547
2024-08-23,ICICIBANK.NS,INFY.NS,0.3222286765274098
2024-08-26,ICICIBANK.NS,INFY.NS,0.30488867147449356
2024-08-27,ICICIBANK.NS,INFY.NS,0.3290776022338263
2024-08-28,ICICIBANK.NS,INFY.NS,0.3216708255431388
2024-08-29,ICICIBANK.NS,INFY.NS,0.35235273385183785
2024-08-30,ICICIBANK.NS,INFY.NS,0.3633383203343182
2024-09-02,ICICIBANK.NS,INFY.NS,0.3197996509086761
2024-09-03,ICICIBANK.NS,INFY.NS,0.29668050349030767
2024-09-04,ICICIBANK.NS,INFY.NS,0.29345020722813897
2024-09-05,ICICIBANK.NS,INFY.NS,0.30354171985970646
2024-09-06,ICICIBANK.NS,INFY.NS,0.34015928143123686
2024-09-09,ICICIBANK.NS,INFY.NS,0.3113922826440914
2024-09-10,ICICIBANK.NS,INFY.NS,0.31717494105516914
2024-09-11,ICICIBANK.NS,INFY.NS,0.3162958520783316
2024-09-12,ICICIBANK.NS,INFY.NS,0.3316981979075358
2024-09-13,ICICIBANK.NS,INFY.NS,0.3319220804875739
2024-09-16,ICICIBANK.NS,INFY.NS,0.33292656017412564
2024-09-17,ICICIBANK.NS,INFY.NS,0.33264541263963093
2024-09-18,ICICIBANK.NS,INFY.NS,0.2625865267755638
2024-09-19,ICICIBANK.NS,INFY.NS,0.25651213310282456
2024-09-20,ICICIBANK.NS,INFY.NS,0.2563565511125106
2024-09-23,ICICIBANK.NS,INFY.NS,0.2688536752986858
2024-09-24,ICICIBANK.NS,INFY.NS,0.2609641622574242
2024-09-25,ICICIBANK.NS,INFY.NS,0.25065972988086044
2024-09-26,ICICIBANK.NS,INFY.NS,0.2975791100558445
2024-09-27,ICICIBANK.NS,INFY.NS,0.2888384083855751
2024-09-30,ICICIBANK.NS,INFY.NS,0.30797759543231323
2024-10-01,ICICIBANK.NS,INFY.NS,0.3061728444572351
2024-10-03,ICICIBANK.NS,INFY.NS,0.31415285895164086
2024-10-04,ICICIBANK.NS,INFY.NS,0.30130038530714504
2024-10-07,ICICIBANK.NS,INFY.NS,0.2948836277012755
2024-10-08,ICICIBANK.NS,INFY.NS,0.2958206733647244
2024-10-09,ICICIBANK.NS,INFY.NS,0.3296970377763634
2024-10-10,ICICIBANK.NS,INFY.NS,0.3245213838698189
2024-10-11,ICICIBANK.NS,INFY.NS,0.30047100307838365
2024-10-14,ICICIBANK.NS,INFY.NS,0.29591514514840433
2024-10-15,ICICIBANK.NS,INFY.NS,0.29364060492982624
2024-10-16,ICICIBANK.NS,INFY.NS,0.3168163648682334
2024-10-17,ICICIBANK.NS,INFY.NS,0.30320806197669703
2024-10-18,ICICIBANK.NS,INFY.NS,0.14892931940946894
2024-10-21,ICICIBANK.NS,INFY.NS,0.14783793229695824
2024-10-22,ICICIBANK.NS,INFY.NS,0.13286387547319714
2024-10-23,ICICIBANK.NS,INFY.NS,0.11668961104003023
2024-10-24,ICICIBANK.NS,INFY.NS,0.11768762515244297
2024-10-25,ICICIBANK.NS,INFY.NS,0.11954244560990002
2024-10-28,ICICIBANK.NS,INFY.NS,0.11503251622353837
2024-10-29,ICICIBANK.NS,INFY.NS,0.08370255436448448
2024-10-30,ICICIBANK.NS,INFY.NS,0.03909134849477288
2024-10-31,ICICIBANK.NS,INFY.NS,0.07820219502382668
2024-11-01,ICICIBANK.NS,INFY.NS,0.07320607948149119
2024-11-04,ICICIBANK.NS,INFY.NS,0.05050549205833731
2024-11-05,ICICIBANK.NS,INFY.NS,0.0365258995394845
2024-11-06,ICICIBANK.NS,INFY.NS,0.032760944511167726
2024-11-07,ICICIBANK.NS,INFY.NS,0.053309913154653665
2024-11-08,ICICIBANK.NS,INFY.NS,0.039306949941944426
2024-11-11,ICICIBANK.NS,INFY.NS,0.01353980905735056
2024-11-12,ICICIBANK.NS,INFY.NS,0.016390837741621613
2024-11-13,ICICIBANK.NS,INFY.NS,0.016298566852647276
2024-11-14,ICICIBANK.NS,INFY.NS,0.0160265229417572
2024-11-18,ICICIBANK.NS,INFY.NS,0.02078701385817496
2024-11-19,ICICIBANK.NS,INFY.NS,0.02619652975487986
2024-11-21,ICICIBANK.NS,INFY.NS,0.02133896564165489
2024-11-22,ICICIBANK.NS,INFY.NS,0.0765465623466355
2024-11-25,ICICIBANK.NS,INFY.NS,0.07215248357727895
2024-11-26,ICICIBANK.NS,INFY.NS,0.07353132010030512
2024-11-27,ICICIBANK.NS,INFY.NS,0.07148989390820217
2024-11-28,ICICIBANK.NS,INFY.NS,0.10224289870010168
2024-11-29,ICICIBANK.NS,INFY.NS,0.11659370042475148
2024-12-02,ICICIBANK.NS,INFY.NS,0.11175878077160058
2024-12-03,ICICIBANK.NS,INFY.NS,0.11331641300784255
2024-12-04,ICICIBANK.NS,INFY.NS,0.08416570857147922
2024-12-05,ICICIBANK.NS,INFY.NS,0.11879884107665344
2024-12-06,ICICIBANK.NS,INFY.NS,0.12238448039648782
2024-12-09,ICICIBANK.NS,INFY.NS,0.12181376182050972
2024-12-10,ICICIBANK.NS,INFY.NS,0.10857239975811854
2024-12-11,ICICIBANK.NS,INFY.NS,0.10365320108283682
2024-12-12,ICICIBANK.NS,INFY.NS,0.10217131244955734
2024-12-13,ICICIBANK.NS,INFY.NS,0.10655873295393481
2024-12-16,ICICIBANK.NS,INFY.NS,0.153391919031539
2024-12-17,ICICIBANK.NS,INFY.NS,0.15500759938933253
2024-12-18,ICICIBANK.NS,INFY.NS,0.14682059340148867
2024-12-19,ICICIBANK.NS,INFY.NS,0.16914967937670894
2024-12-20,ICICIBANK.NS,INFY.NS,0.16647731464884127
2024-12-23,ICICIBANK.NS,INFY.NS,0.16747454199620962
2024-12-24,ICICIBANK.NS,INFY.NS,0.16594025614374122
2024-12-26,ICICIBANK.NS,INFY.NS,0.17324317649800897
2024-12-27,ICICIBANK.NS,INFY.NS,0.1430563785351583
2024-12-30,ICICIBANK.NS,INFY.NS,0.14812973127979442
2024-12-31,ICICIBANK.NS,INFY.NS,0.1536546006389808
2025-01-01,ICICIBANK.NS,INFY.NS,0.17383863486016213
2025-01-02,ICICIBANK.NS,INFY.NS,0.18601706479980934
2025-01-03,ICICIBANK.NS,INFY.NS,0.19856379182044373
2025-01-06,ICICIBANK.NS,INFY.NS,0.19802900230302306
2025-01-07,ICICIBANK.NS,INFY.NS,0.19287367517646953
2025-01-08,ICICIBANK.NS,INFY.NS,0.20626850639928718
2025-01-09,ICICIBANK.NS,INFY.NS,0.20123129450237018
2025-01-10,ICICIBANK.NS,INFY.NS,0.17612943995502595
2025-01-13,ICICIBANK.NS,INFY.NS,0.16285784404919185
2025-01-14,ICICIBANK.NS,INFY.NS,0.17841493567760408
2025-01-15,ICICIBANK.NS,INFY.NS,0.3300666252358963
2025-01-16,ICICIBANK.NS,INFY.NS,0.3123040003432338
2025-01-17,ICICIBANK.NS,INFY.NS,0.3702259151699495
2025-01-20,ICICIBANK.NS,INFY.NS,0.38712248766163826
2025-01-21,ICICIBANK.NS,INFY.NS,0.38467250737074205
2025-01-22,ICICIBANK.NS,INFY.NS,0.38438694508382204
2025-01-23,ICICIBANK.NS,INFY.NS,0.4038051460974435
2025-01-24,ICICIBANK.NS,INFY.NS,0.44374760306985356
2025-01-27,ICICIBANK.NS,INFY.NS,0.363912844963094
2025-01-28,ICICIBANK.NS,INFY.NS,0.34047309775080664
2025-01-29,ICICIBANK.NS,INFY.NS,0.3433661835599346
2025-01-30,ICICIBANK.NS,INFY.NS,0.34091911485935794
2025-01-31,ICICIBANK.NS,INFY.NS,0.354602436338126
2025-02-01,ICICIBANK.NS,INFY.NS,0.3458280886349132
2025-02-03,ICICIBANK.NS,INFY.NS,0.3334125652279417
2025-02-04,ICICIBANK.NS,INFY.NS,0.37925621634364015
2025-02-05,ICICIBANK.NS,INFY.NS,0.37110698502115214
2025-02-06,ICICIBANK.NS,INFY.NS,0.3729730392170617
2025-02-07,ICICIBANK.NS,INFY.NS,0.3808273984184809
2025-02-10,ICICIBANK.NS,INFY.NS,0.3735048665906552
2025-02-11,ICICIBANK.NS,INFY.NS,0.37571473773929204
2025-02-12,ICICIBANK.NS,INFY.NS,0.379093139843826
2025-02-13,ICICIBANK.NS,INFY.NS,0.37989329182210263
2025-02-14,ICICIBANK.NS,INFY.NS,0.3266401569633448
2025-02-17,ICICIBANK.NS,INFY.NS,0.3540437408069454
2025-02-18,ICICIBANK.NS,INFY.NS,0.3455317194011852
2025-02-19,ICICIBANK.NS,INFY.NS,0.29542955275057853
2025-02-20,ICICIBANK.NS,INFY.NS,0.2572406827021071
2025-02-21,ICICIBANK.NS,INFY.NS,0.26296736544887356
2025-02-24,ICICIBANK.NS,INFY.NS,0.2823555352410616
2025-02-25,ICICIBANK.NS,INFY.NS,0.2810344699897303
2025-02-27,ICICIBANK.NS,INFY.NS,0.2826209643645798
2025-02-28,ICICIBANK.NS,INFY.NS,0.28883048833493785
2025-03-03,ICICIBANK.NS,INFY.NS,0.2904330944283704
2025-03-04,ICICIBANK.NS,INFY.NS,0.2847429671519848
2025-03-05,ICICIBANK.NS,INFY.NS,0.2826993347765429
2025-03-06,ICICIBANK.NS,INFY.NS,0.28751067848639855
2025-03-07,ICICIBANK.NS,INFY.NS,0.2859478297126181
2025-03-10,ICICIBANK.NS,INFY.NS,0.2789925190241439
2025-03-11,ICICIBANK.NS,INFY.NS,0.20417015782882106
2025-03-12,ICICIBANK.NS,INFY.NS,0.19657761851977779
2025-03-13,ICICIBANK.NS,INFY.NS,0.2038610388278591
2025-03-17,ICICIBANK.NS,INFY.NS,0.19568471706051616
2025-03-18,ICICIBANK.NS,INFY.NS,0.19750275289706928
2025-03-19,ICICIBANK.NS,INFY.NS,0.18047435777655943
2025-03-20,ICICIBANK.NS,INFY.NS,0.189823373857387
2025-03-21,ICICIBANK.NS,INFY.NS,0.16975724850763316
2025-03-24,ICICIBANK.NS,INFY.NS,0.16714656687356805
2025-03-25,ICICIBANK.NS,INFY.NS,0.13631952223974642
2025-03-26,ICICIBANK.NS,INFY.NS,0.13482503506556018
2025-03-27,ICICIBANK.NS,INFY.NS,0.13443039339003535
2025-03-28,ICICIBANK.NS,INFY.NS,0.10903014710849358
2025-04-01,ICICIBANK.NS,INFY.NS,0.1454904547379276
2025-04-02,ICICIBANK.NS,INFY.NS,0.15871124998131142
2025-04-03,ICICIBANK.NS,INFY.NS,0.1611592787758572
2025-04-04,ICICIBANK.NS,INFY.NS,0.1586597575358803
2025-04-07,ICICIBANK.NS,INFY.NS,0.23372587600554368
2025-04-08,ICICIBANK.NS,INFY.NS,0.27997620627689246
2025-04-09,ICICIBANK.NS,INFY.NS,0.28778979613897765
2025-04-11,ICICIBANK.NS,INFY.NS,0.296437901586845
2025-04-15,ICICIBANK.NS,INFY.NS,0.3193508909940815
2025-04-16,ICICIBANK.NS,INFY.NS,0.32252051932868236
2025-04-17,ICICIBANK.NS,INFY.NS,0.2707350449764874
2025-04-21,ICICIBANK.NS,INFY.NS,0.26482231145114177
2025-04-22,ICICIBANK.NS,INFY.NS,0.2673497652898676
2025-04-23,ICICIBANK.NS,INFY.NS,0.2707865102906837
2025-04-24,ICICIBANK.NS,INFY.NS,0.2656400369631149
2025-04-25,ICICIBANK.NS,INFY.NS,0.26233559613863666
2025-04-28,ICICIBANK.NS,INFY.NS,0.296929117765593
2025-04-29,ICICIBANK.NS,INFY.NS,0.2890045495962946
2025-04-30,ICICIBANK.NS,INFY.NS,0.29119443578737997
2025-05-02,ICICIBANK.NS,INFY.NS,0.29170376310388635
2025-05-05,ICICIBANK.NS,INFY.NS,0.2976004704274026
2025-05-06,ICICIBANK.NS,INFY.NS,0.2981791960610343
2025-05-07,ICICIBANK.NS,INFY.NS,0.3028488220364717
2025-05-08,ICICIBANK.NS,INFY.NS,0.289147427039774
2025-05-09,ICICIBANK.NS,INFY.NS,0.26889598205057674
2025-05-12,ICICIBANK.NS,INFY.NS,0.4155529091975769
2025-05-13,ICICIBANK.NS,INFY.NS,0.4319607241259336
2025-05-14,ICICIBANK.NS,INFY.NS,0.42512615406910403
2025-05-15,ICICIBANK.NS,INFY.NS,0.43443637336554697
2025-05-16,ICICIBANK.NS,INFY.NS,0.43294850716313876
2025-05-19,ICICIBANK.NS,INFY.NS,0.4343991019955998
2025-05-20,ICICIBANK.NS,INFY.NS,0.428564299572145
2025-05-21,ICICIBANK.NS,INFY.NS,0.4279884240823555
2025-05-22,ICICIBANK.NS,INFY.NS,0.4355975784440531
2025-05-23,ICICIBANK.NS,INFY.NS,0.45714964517278067
2025-05-26,ICICIBANK.NS,INFY.NS,0.4697909625940682
2025-05-27,ICICIBANK.NS,INFY.NS,0.47201442774860064
2025-05-28,ICICIBANK.NS,INFY.NS,0.45992893700747983
2025-05-29,ICICIBANK.NS,INFY.NS,0.4579061337994359
2025-05-30,ICICIBANK.NS,INFY.NS,0.45537299928565456
2025-06-02,ICICIBANK.NS,INFY.NS,0.4309594013796755
2025-06-03,ICICIBANK.NS,INFY.NS,0.43529925116942053
2025-06-04,ICICIBANK.NS,INFY.NS,0.4319909301424884
2025-06-05,ICICIBANK.NS,INFY.NS,0.4318696694646971
2025-06-06,ICICIBANK.NS,INFY.NS,0.43190735682101633
2025-06-09,ICICIBANK.NS,INFY.NS,0.4125059118763463
2025-06-10,ICICIBANK.NS,INFY.NS,0.3999862201281539
2025-06-11,ICICIBANK.NS,INFY.NS,0.4472191220303596
2025-06-12,ICICIBANK.NS,INFY.NS,0.4604870461916008
2025-06-13,ICICIBANK.NS,INFY.NS,0.4635242660124307
2025-06-16,ICICIBANK.NS,INFY.NS,0.46460818514329405
2025-06-17,ICICIBANK.NS,INFY.NS,0.4604030252329492
2025-06-18,ICICIBANK.NS,INFY.NS,0.49307198233966515
2025-06-19,ICICIBANK.NS,INFY.NS,0.49121906220165107
2025-06-20,ICICIBANK.NS,INFY.NS,0.5143824268739529
2025-06-23,ICICIBANK.NS,INFY.NS,0.5189410202628651
2025-06-24,ICICIBANK.NS,INFY.NS,0.5471111516403548
2025-06-25,ICICIBANK.NS,INFY.NS,0.5381672911492928
2025-06-26,ICICIBANK.NS,INFY.NS,0.5366149960322278
2025-06-27,ICICIBANK.NS,INFY.NS,0.5431852868206773
2025-06-30,ICICIBANK.NS,INFY.NS,0.5195864638970932
2025-07-01,ICICIBANK.NS,INFY.NS,0.510420296607721
2025-07-02,ICICIBANK.NS,INFY.NS,0.5213341820431547
2025-07-03,ICICIBANK.NS,INFY.NS,0.5445111046105847
2025-07-04,ICICIBANK.NS,INFY.NS,0.4884857525252435
2025-07-07,ICICIBANK.NS,INFY.NS,0.48629070206524105
2025-07-08,ICICIBANK.NS,INFY.NS,0.4919243785136228
2025-07-09,ICICIBANK.NS,INFY.NS,0.49441329424325897
2025-07-10,ICICIBANK.NS,INFY.NS,0.5003263065725287
2025-07-11,ICICIBANK.NS,INFY.NS,0.5063923105989564
2025-07-14,ICICIBANK.NS,INFY.NS,0.5425161617813957
2025-07-15,ICICIBANK.NS,INFY.NS,0.5482505588827394
2025-07-16,ICICIBANK.NS,INFY.NS,0.5611023306921734
2025-07-17,ICICIBANK.NS,INFY.NS,0.5696072360219435
2025-07-18,ICICIBANK.NS,INFY.NS,0.5731102709695067
2025-07-21,ICICIBANK.NS,INFY.NS,0.5325184431721434
2025-07-22,ICICIBANK.NS,INFY.NS,0.5357002321324441
2025-07-23,ICICIBANK.NS,INFY.NS,0.5347449759454526
2025-07-24,ICICIBANK.NS,INFY.NS,0.5366764926574772
2025-07-25,ICICIBANK.NS,INFY.NS,0.5362512478836386
2025-07-28,ICICIBANK.NS,INFY.NS,0.5342817082985364
2025-07-29,ICICIBANK.NS,INFY.NS,0.5343958223123635
2025-07-30,ICICIBANK.NS,INFY.NS,0.5336051309104305
2025-07-31,ICICIBANK.NS,INFY.NS,0.5336674690749458
2025-08-01,ICICIBANK.NS,INFY.NS,0.5786306707101907
2025-08-04,ICICIBANK.NS,INFY.NS,0.32380390768401196
2025-08-05,ICICIBANK.NS,INFY.NS,0.29517354593061024
2025-08-06,ICICIBANK.NS,INFY.NS,0.30862853668894075
2025-08-07,ICICIBANK.NS,INFY.NS,0.2754428868532413
2025-08-08,ICICIBANK.NS,INFY.NS,0.2878411265979646
2025-08-11,ICICIBANK.NS,INFY.NS,0.28327276270965535
2025-08-12,ICICIBANK.NS,INFY.NS,0.288598698837946
2025-08-13,ICICIBANK.NS,INFY.NS,0.28364606267847564
2025-08-14,ICICIBANK.NS,INFY.NS,0.29143161243420296
2025-08-18,ICICIBANK.NS,INFY.NS,0.27266833771986954
2025-08-19,ICICIBANK.NS,INFY.NS,0.26054682133827944
2025-08-20,ICICIBANK.NS,INFY.NS,0.19664500608244478
2025-08-21,ICICIBANK.NS,INFY.NS,0.1939726862996557
2025-08-22,ICICIBANK.NS,INFY.NS,0.19691087356375392
2025-08-25,ICICIBANK.NS,INFY.NS,0.17561168485762466
2025-08-26,ICICIBANK.NS,INFY.NS,0.1790455575679913
2025-08-28,ICICIBANK.NS,INFY.NS,0.20369397282962626
2025-08-29,ICICIBANK.NS,INFY.NS,0.2071032889872264
2025-09-01,ICICIBANK.NS,INFY.NS,0.23465617732882704
2025-09-02,ICICIBANK.NS,INFY.NS,0.226979533322805
2025-09-03,ICICIBANK.NS,INFY.NS,0.24817505765876383
2025-09-04,ICICIBANK.NS,INFY.NS,0.26289407394052255
2025-09-05,ICICIBANK.NS,INFY.NS,0.24923639566530761
2025-09-08,ICICIBANK.NS,INFY.NS,0.2427499954993724
2025-09-09,ICICIBANK.NS,INFY.NS,0.2193071074334673
2025-09-10,ICICIBANK.NS,INFY.NS,0.20246110886841925
2025-09-11,ICICIBANK.NS,INFY.NS,0.20972671614740448
2025-09-12,ICICIBANK.NS,INFY.NS,0.22356887151768087
2025-09-15,ICICIBANK.NS,INFY.NS,0.2202293296729137
2025-09-16,ICICIBANK.NS,INFY.NS,0.2182636674339459
2025-09-17,ICICIBANK.NS,INFY.NS,0.20191134529782886
2025-09-18,ICICIBANK.NS,INFY.NS,0.2045113661626577
2025-09-19,ICICIBANK.NS,INFY.NS,0.19795655758844283
2025-09-22,ICICIBANK.NS,INFY.NS,0.19408561948935776
2025-09-23,ICICIBANK.NS,INFY.NS,0.21281634569435506
2025-09-24,ICICIBANK.NS,INFY.NS,0.21097208436058493
2025-09-25,ICICIBANK.NS,INFY.NS,0.22360877602828874
2025-09-26,ICICIBANK.NS,INFY.NS,0.25733191027322017
2025-09-29,ICICIBANK.NS,INFY.NS,0.2597807114328296
2025-09-30,ICICIBANK.NS,INFY.NS,0.23679191735874733
2025-10-01,ICICIBANK.NS,INFY.NS,0.23429574617511506
2025-10-03,ICICIBANK.NS,INFY.NS,0.22629516499023378
2025-10-06,ICICIBANK.NS,INFY.NS,0.21996699673793213
2025-10-07,ICICIBANK.NS,INFY.NS,0.1949019557279759
2025-10-08,ICICIBANK.NS,INFY.NS,0.17407832418083224
2025-10-09,ICICIBANK.NS,INFY.NS,0.18430172417598484
2025-10-10,ICICIBANK.NS,INFY.NS,0.17850572711216595
2025-10-13,ICICIBANK.NS,INFY.NS,0.18551553763448278
2025-10-14,ICICIBANK.NS,INFY.NS,0.17551517948895198
2025-10-15,ICICIBANK.NS,INFY.NS,0.15560967058648298
2025-10-16,ICICIBANK.NS,INFY.NS,0.1704032523212207
2025-10-17,ICICIBANK.NS,INFY.NS,0.12634793577659845
2025-10-20,ICICIBANK.NS,INFY.NS,0.03812862016023864
2025-10-21,ICICIBANK.NS,INFY.NS,0.027470962038128995
2025-10-23,ICICIBANK.NS,INFY.NS,-0.045756635579098884
2025-10-24,ICICIBANK.NS,INFY.NS,-0.04881645074869331
2025-10-27,ICICIBANK.NS,INFY.NS,-0.048739848053766896
2025-10-28,ICICIBANK.NS,INFY.NS,-0.0438641935790109
2025-10-29,ICICIBANK.NS,INFY.NS,-0.037634294345410595
2025-10-30,ICICIBANK.NS,INFY.NS,-0.05066696450618085
2025-10-31,ICICIBANK.NS,INFY.NS,-0.033624328017746154
2025-11-03,ICICIBANK.NS,INFY.NS,-0.05628659553366432
2025-11-04,ICICIBANK.NS,INFY.NS,-0.045065114159880244
2025-11-06,ICICIBANK.NS,INFY.NS,-0.04222436811784581
2025-11-07,ICICIBANK.NS,INFY.NS,-0.029294707730202058
2025-11-10,ICICIBANK.NS,INFY.NS,-0.015326641621533991
2025-11-11,ICICIBANK.NS,INFY.NS,-0.006007119483011682
2025-11-12,ICICIBANK.NS,INFY.NS,-0.004222356428856503
2025-11-13,ICICIBANK.NS,INFY.NS,-0.031469021442787
2025-11-14,ICICIBANK.NS,INFY.NS,0.002408806774191019
2025-11-17,ICICIBANK.NS,INFY.NS,0.0032160888388591035
2025-11-18,ICICIBANK.NS,INFY.NS,0.024850179132647202
2025-11-19,ICICIBANK.NS,INFY.NS,0.05692335946807413
2025-11-20,ICICIBANK.NS,INFY.NS,0.05215626813316858
2025-11-21,ICICIBANK.NS,INFY.NS,0.05352735690440811
2025-11-24,ICICIBANK.NS,INFY.NS,0.05128638160710715
2025-11-25,ICICIBANK.NS,INFY.NS,0.03383313747815925
2025-11-26,ICICIBANK.NS,INFY.NS,0.058493848754763274
2025-11-27,ICICIBANK.NS,INFY.NS,0.04299328642593685
2025-11-28,ICICIBANK.NS,INFY.NS,0.042770971762120066
2025-12-01,ICICIBANK.NS,INFY.NS,0.04689365061630767
2025-12-02,ICICIBANK.NS,INFY.NS,0.06109880492708862
2025-12-03,ICICIBANK.NS,INFY.NS,0.07354029272577912
2025-12-04,ICICIBANK.NS,INFY.NS,0.06947857292530654
2025-12-05,ICICIBANK.NS,INFY.NS,0.07657309339924853
2025-12-08,ICICIBANK.NS,INFY.NS,0.07825853577842953
2025-12-09,ICICIBANK.NS,INFY.NS,0.08688981302789552
2025-12-10,ICICIBANK.NS,INFY.NS,0.0831033153274545
2025-12-11,ICICIBANK.NS,INFY.NS,0.08467060927044259
2025-12-12,ICICIBANK.NS,INFY.NS,0.0835066525093836
2025-12-15,ICICIBANK.NS,INFY.NS,0.08451496009705935
2025-12-16,ICICIBANK.NS,INFY.NS,0.07949905444236445
2025-12-17,ICICIBANK.NS,INFY.NS,0.07168310396671371
2025-12-18,ICICIBANK.NS,INFY.NS,0.08145545188931172
2025-12-19,ICICIBANK.NS,INFY.NS,0.07825293035540026
2025-12-22,ICICIBANK.NS,INFY.NS,0.11321120329958538
2025-12-23,ICICIBANK.NS,INFY.NS,0.11453249059437201
2025-12-24,ICICIBANK.NS,INFY.NS,0.07749550593669524
2025-12-26,ICICIBANK.NS,INFY.NS,0.07554554168911115
2025-12-29,ICICIBANK.NS,INFY.NS,0.08203882887317195
2025-12-30,ICICIBANK.NS,INFY.NS,0.08360654722587504
2025-12-31,ICICIBANK.NS,INFY.NS,0.08203687956683602
2026-01-01,ICICIBANK.NS,INFY.NS,0.08258881784396015
2026-01-02,ICICIBANK.NS,INFY.NS,0.11020149581563511
2026-01-05,ICICIBANK.NS,INFY.NS,0.08325480339782346
2026-01-06,ICICIBANK.NS,INFY.NS,0.08134544075669088
2026-01-07,ICICIBANK.NS,INFY.NS,0.1009833311053026
2026-01-08,ICICIBANK.NS,INFY.NS,0.08778159260465976
2026-01-09,ICICIBANK.NS,INFY.NS,0.08916029527548647
2026-01-12,ICICIBANK.NS,INFY.NS,0.09505522101304256
2026-01-13,ICICIBANK.NS,INFY.NS,0.10098646062492657
2026-01-14,ICICIBANK.NS,INFY.NS,0.14562263350592403
2026-01-15,ICICIBANK.NS,INFY.NS,0.21432942733592483
2026-01-16,ICICIBANK.NS,INFY.NS,0.1530086398862423
2026-01-19,ICICIBANK.NS,INFY.NS,0.2396279646831908
2026-01-20,ICICIBANK.NS,INFY.NS,0.2510995586733342
2026-01-21,ICICIBANK.NS,INFY.NS,0.2534400162764952
2026-01-22,ICICIBANK.NS,INFY.NS,0.24869406948841302
2026-01-23,ICICIBANK.NS,INFY.NS,0.24561510808350237
2026-01-27,ICICIBANK.NS,INFY.NS,0.2436442342691543
2026-01-28,ICICIBANK.NS,INFY.NS,0.22409198924974455
2026-01-29,ICICIBANK.NS,INFY.NS,0.21276859977806623
2026-01-30,ICICIBANK.NS,INFY.NS,0.22709107297556194
2026-02-02,ICICIBANK.NS,INFY.NS,0.22716979622491115
2026-02-03,ICICIBANK.NS,INFY.NS,0.2528066731573116
2026-02-04,ICICIBANK.NS,INFY.NS,0.11185910896358141
2026-02-05,ICICIBANK.NS,INFY.NS,0.11335041708514308
2026-02-06,ICICIBANK.NS,INFY.NS,0.1085724564957488
2026-02-09,ICICIBANK.NS,INFY.NS,0.1271631263584205
2026-02-10,ICICIBANK.NS,INFY.NS,0.10634302748248918
2026-02-11,ICICIBANK.NS,INFY.NS,0.10539519086167108
2026-02-12,ICICIBANK.NS,INFY.NS,0.004473552120807275
2026-02-13,ICICIBANK.NS,INFY.NS,-0.00687773560826489
2026-02-16,ICICIBANK.NS,INFY.NS,-0.006755699555837326
2026-02-17,ICICIBANK.NS,INFY.NS,-0.006253686969849886
2026-02-18,ICICIBANK.NS,INFY.NS,-0.005768643075403666
2026-02-19,ICICIBANK.NS,INFY.NS,-0.012044868989781302
2026-02-20,ICICIBANK.NS,INFY.NS,-0.03833093194786105
2026-02-23,ICICIBANK.NS,INFY.NS,-0.05248228592696319
2026-02-24,ICICIBANK.NS,INFY.NS,-0.016775639975180924
2026-02-25,ICICIBANK.NS,INFY.NS,-0.0026725601004184666
2026-02-26,ICICIBANK.NS,INFY.NS,-0.0008996906116293451
2026-02-27,ICICIBANK.NS,INFY.NS,-0.036458064572228485
2026-03-02,ICICIBANK.NS,INFY.NS,-0.030544431780638925
2026-03-04,ICICIBANK.NS,INFY.NS,-0.04559135766985058
2026-03-05,ICICIBANK.NS,INFY.NS,-0.046501872060641714
2026-03-06,ICICIBANK.NS,INFY.NS,-0.060685396059119254
2026-03-09,ICICIBANK.NS,INFY.NS,-0.07836368067976412
2026-03-10,ICICIBANK.NS,INFY.NS,-0.09726277213896985
2026-03-11,ICICIBANK.NS,INFY.NS,-0.08691968028915281
2026-03-12,ICICIBANK.NS,INFY.NS,-0.07850649176749314
2026-03-13,ICICIBANK.NS,INFY.NS,-0.07165364225242603
2026-03-16,ICICIBANK.NS,INFY.NS,-0.05923464830905083
2026-03-17,ICICIBANK.NS,INFY.NS,-0.0740371274649494
2026-03-18,ICICIBANK.NS,INFY.NS,-0.06856798926848749
2026-03-19,ICICIBANK.NS,INFY.NS,-0.03114264987677148
2026-03-20,ICICIBANK.NS,INFY.NS,-0.03695665011013571
2026-03-23,ICICIBANK.NS,INFY.NS,-0.04216241305346254
2026-03-24,ICICIBANK.NS,INFY.NS,-0.006895523854078704
2026-03-25,ICICIBANK.NS,INFY.NS,-0.005281701979158233
2026-03-27,ICICIBANK.NS,INFY.NS,-0.0007194415446424551
2026-03-30,ICICIBANK.NS,INFY.NS,0.013632637813079936
2026-04-01,ICICIBANK.NS,INFY.NS,0.025670222864126638
2026-04-02,ICICIBANK.NS,INFY.NS,0.02242725492879149
2026-04-06,ICICIBANK.NS,INFY.NS,0.043535630565329546
2026-04-07,ICICIBANK.NS,INFY.NS,0.05484907450102896
2026-04-08,ICICIBANK.NS,INFY.NS,0.05917962781167928
2026-04-09,ICICIBANK.NS,INFY.NS,0.07187821818397519
2026-04-10,ICICIBANK.NS,INFY.NS,0.02701953855857186
2026-04-13,ICICIBANK.NS,INFY.NS,0.01906469722473992
2026-04-15,ICICIBANK.NS,INFY.NS,0.012116148357522562
2026-04-16,ICICIBANK.NS,INFY.NS,0.013633920512773255
2026-04-17,ICICIBANK.NS,INFY.NS,0.013752732542908071
2026-04-20,ICICIBANK.NS,INFY.NS,0.030573908896996713
2026-04-21,ICICIBANK.NS,INFY.NS,0.03514585083132841
2026-04-22,ICICIBANK.NS,INFY.NS,0.057367199586560086
2026-04-23,ICICIBANK.NS,INFY.NS,0.07317605709822696
2026-04-24,ICICIBANK.NS,INFY.NS,0.12007744434850036
2026-04-27,ICICIBANK.NS,INFY.NS,0.1111890326953917
2026-04-28,ICICIBANK.NS,INFY.NS,0.10995592890250877
2026-04-29,ICICIBANK.NS,INFY.NS,0.10280473185563709
2026-04-30,ICICIBANK.NS,INFY.NS,0.09034035274562006
2026-05-01,ICICIBANK.NS,INFY.NS,0.08612285210510501
2026-05-04,ICICIBANK.NS,INFY.NS,0.08382363199288195
2026-05-05,ICICIBANK.NS,INFY.NS,0.04464539679768503
2026-05-06,ICICIBANK.NS,INFY.NS,0.099217767092628
2026-05-07,ICICIBANK.NS,INFY.NS,0.09719747090738438
2026-05-08,ICICIBANK.NS,INFY.NS,0.0887985271255343
2026-05-11,ICICIBANK.NS,INFY.NS,0.0883706824462052
2026-05-12,ICICIBANK.NS,INFY.NS,0.111530318051945
2026-05-13,ICICIBANK.NS,INFY.NS,0.11389776067484418
2026-05-14,ICICIBANK.NS,INFY.NS,0.1691495724062911
2026-05-15,ICICIBANK.NS,INFY.NS,0.16410581063634502
2026-05-18,ICICIBANK.NS,INFY.NS,0.17130302911077133
2026-05-19,ICICIBANK.NS,INFY.NS,0.14733660658193726
2026-05-20,ICICIBANK.NS,INFY.NS,0.14911585394094298
2026-05-21,ICICIBANK.NS,INFY.NS,0.14651121201683
2026-05-22,ICICIBANK.NS,INFY.NS,0.14497590118359888
2026-05-25,ICICIBANK.NS,INFY.NS,0.14416365434157982
2026-05-26,ICICIBANK.NS,INFY.NS,0.12963145206210677
2026-05-27,ICICIBANK.NS,INFY.NS,0.12274831501748308
2026-05-28,ICICIBANK.NS,INFY.NS,0.12273954807496966
2026-05-29,ICICIBANK.NS,INFY.NS,0.13169193894318576
2026-06-01,ICICIBANK.NS,INFY.NS,0.10287545544537256
2026-06-02,ICICIBANK.NS,INFY.NS,0.0739784851084976
2026-06-03,ICICIBANK.NS,INFY.NS,0.04605558753760381
2026-06-04,ICICIBANK.NS,INFY.NS,0.04476352218688361
2026-06-05,ICICIBANK.NS,INFY.NS,0.053289946207530504
2026-06-08,ICICIBANK.NS,INFY.NS,0.07648295592625114
2026-06-09,ICICIBANK.NS,INFY.NS,0.06177064546894923
2026-06-10,ICICIBANK.NS,INFY.NS,0.048634664155750185
2026-06-11,ICICIBANK.NS,INFY.NS,0.018253484961792677
2026-06-12,ICICIBANK.NS,INFY.NS,0.019008302945129393
2026-06-15,ICICIBANK.NS,INFY.NS,0.016795443353185113
2026-06-16,ICICIBANK.NS,INFY.NS,0.019254943426511892
2026-06-17,ICICIBANK.NS,INFY.NS,-0.0403674920549814
2026-06-18,ICICIBANK.NS,INFY.NS,-0.03630498568998857
2026-06-19,ICICIBANK.NS,INFY.NS,-0.036857103052521156
2026-06-22,ICICIBANK.NS,INFY.NS,-0.05760914786379689
2026-06-23,ICICIBANK.NS,INFY.NS,-0.0386366060156986
2026-06-24,ICICIBANK.NS,INFY.NS,-0.006290213601478492
2026-06-25,ICICIBANK.NS,INFY.NS,-0.027579000371283562
2026-06-26,ICICIBANK.NS,INFY.NS,-0.03197532364937779
2026-06-29,ICICIBANK.NS,INFY.NS,-0.032354481084988715
2026-06-30,ICICIBANK.NS,INFY.NS,-0.018041297162862333
2026-07-01,ICICIBANK.NS,INFY.NS,-0.034078760396016004
2026-07-02,ICICIBANK.NS,INFY.NS,-0.016976430326230283
2026-07-03,ICICIBANK.NS,INFY.NS,-0.023242566337564302
2026-07-06,ICICIBANK.NS,INFY.NS,0.021903069366466903
2026-07-07,ICICIBANK.NS,INFY.NS,0.016115432104707873
2026-07-08,ICICIBANK.NS,INFY.NS,0.019665729503329316
2026-07-09,ICICIBANK.NS,INFY.NS,0.02194310515247622
2026-07-10,ICICIBANK.NS,INFY.NS,0.03747319493573374
2026-07-13,ICICIBANK.NS,INFY.NS,0.04790970390395032
2026-07-14,ICICIBANK.NS,INFY.NS,0.0462849227217402
2026-07-15,ICICIBANK.NS,INFY.NS,0.01364771966625756
2026-07-16,ICICIBANK.NS,INFY.NS,-0.004516363372980526
2026-07-17,ICICIBANK.NS,INFY.NS,-0.06724940553464223
2026-07-20,ICICIBANK.NS,INFY.NS,-0.06254055081034042
2026-07-21,ICICIBANK.NS,INFY.NS,-0.08313275869648003
2026-07-22,ICICIBANK.NS,INFY.NS,-0.0496725065516656
2026-07-23,ICICIBANK.NS,INFY.NS,-0.03460531077155714
2026-07-24,ICICIBANK.NS,INFY.NS,-0.03328266569773154
2026-07-27,ICICIBANK.NS,INFY.NS,-0.01307417361886396
2026-07-28,ICICIBANK.NS,INFY.NS,-0.02365301065770844
2026-07-29,ICICIBANK.NS,INFY.NS,-0.002735449309925906
2026-07-30,ICICIBANK.NS,INFY.NS,-0.003123901805828404
2026-07-31,ICICIBANK.NS,INFY.NS,0.010587106199060984
2026-08-03,ICICIBANK.NS,INFY.NS,0.07352887033022433
2026-08-04,ICICIBANK.NS,INFY.NS,0.03310053802443776
2026-08-05,ICICIBANK.NS,INFY.NS,0.024418342226047315
2026-08-06,ICICIBANK.NS,INFY.NS,0.033140250002827096
2026-08-07,ICICIBANK.NS,INFY.NS,0.02408418284220767
2026-08-10,ICICIBANK.NS,INFY.NS,0.022368894543967423
2026-08-11,ICICIBANK.NS,INFY.NS,0.05507864036587912
2026-08-12,ICICIBANK.NS,INFY.NS,0.05487927878641069
2026-08-13,ICICIBANK.NS,INFY.NS,0.05677401541317489
2026-08-14,ICICIBANK.NS,INFY.NS,0.06186111397325993
2026-08-17,ICICIBANK.NS,INFY.NS,0.07535717026745137
2026-08-18,ICICIBANK.NS,INFY.NS,0.08085293098189911
2026-08-19,ICICIBANK.NS,INFY.NS,0.07510180017243953
2026-08-20,ICICIBANK.NS,INFY.NS,0.07796753158957563
2026-08-21,ICICIBANK.NS,INFY.NS,0.07781280719680726
2026-08-24,ICICIBANK.NS,INFY.NS,0.11642158931633567
2026-08-25,ICICIBANK.NS,INFY.NS,0.18348517032802109
2026-08-26,ICICIBANK.NS,INFY.NS,0.21231014967947395
2026-08-27,ICICIBANK.NS,INFY.NS,0.2159368200807921
2026-08-28,ICICIBANK.NS,INFY.NS,0.17299596228887515
2026-08-31,ICICIBANK.NS,INFY.NS,0.1506609437779557
2026-09-01,ICICIBANK.NS,INFY.NS,0.1396454928818306
2026-09-02,ICICIBANK.NS,INFY.NS,0.1580943037025888
2026-09-03,ICICIBANK.NS,INFY.NS,0.1968280138849002
2026-09-04,ICICIBANK.NS,INFY.NS,0.19938424705664615
2026-09-07,ICICIBANK.NS,INFY.NS,0.20630910150161327
2026-09-08,ICICIBANK.NS,INFY.NS,0.20433511128726672
2026-09-09,ICICIBANK.NS,INFY.NS,0.22167664423571568
2026-09-10,ICICIBANK.NS,INFY.NS,0.22897371688092855
2026-09-11,ICICIBANK.NS,INFY.NS,0.26109931478712584
2026-09-14,ICICIBANK.NS,INFY.NS,0.2583113850033025
2026-09-15,ICICIBANK.NS,INFY.NS,0.1613085717715885
2026-09-16,ICICIBANK.NS,INFY.NS,0.10800401906579532
2026-09-17,ICICIBANK.NS,INFY.NS,0.12240490713678343
2026-09-18,ICICIBANK.NS,INFY.NS,0.1254957882722513
2026-09-21,ICICIBANK.NS,INFY.NS,0.12008688551240093
2026-09-22,ICICIBANK.NS,INFY.NS,0.10109982578820738
2026-09-23,ICICIBANK.NS,INFY.NS,0.10588409259845483
2026-09-24,ICICIBANK.NS,INFY.NS,0.040598113458877046
2026-09-25,ICICIBANK.NS,INFY.NS,0.04167240954571656
2026-09-28,ICICIBANK.NS,INFY.NS,0.04012311921042163
2026-09-29,ICICIBANK.NS,INFY.NS,0.052852539622762186
2026-09-30,ICICIBANK.NS,INFY.NS,0.005906173896484915
2026-10-01,ICICIBANK.NS,INFY.NS,-0.021646877937541588
2021-12-31,ICICIBANK.NS,LT.NS,0.17375851627744074
2022-01-03,ICICIBANK.NS,LT.NS,0.18259987098030986
2022-01-04,ICICIBANK.NS,LT.NS,0.17875847951954027
2022-01-05,ICICIBANK.NS,LT.NS,0.18140497583574994
2022-01-06,ICICIBANK.NS,LT.NS,0.19079217525751802
2022-01-07,ICICIBANK.NS,LT.NS,0.18346898142793622
2022-01-10,ICICIBANK.NS,LT.NS,0.20616748883861782
2022-01-11,ICICIBANK.NS,LT.NS,0.18660864049093176
2022-01-12,ICICIBANK.NS,LT.NS,0.19454240266264242
2022-01-13,ICICIBANK.NS,LT.NS,0.19606375440994092
2022-01-14,ICICIBANK.NS,LT.NS,0.18892515357210823
2022-01-17,ICICIBANK.NS,LT.NS,0.1891396749610064
2022-01-18,ICICIBANK.NS,LT.NS,0.18270870997007388
2022-01-19,ICICIBANK.NS,LT.NS,0.3142878877536476
2022-01-20,ICICIBANK.NS,LT.NS,0.31890902851856806
2022-01-21,ICICIBANK.NS,LT.NS,0.32997710484647724
2022-01-24,ICICIBANK.NS,LT.NS,0.4220857334819774
2022-01-25,ICICIBANK.NS,LT.NS,0.4449430893574017
2022-01-27,ICICIBANK.NS,LT.NS,0.44938826564561984
2022-01-28,ICICIBANK.NS,LT.NS,0.4585132098634787
2022-01-31,ICICIBANK.NS,LT.NS,0.5660181309525741
2022-02-01,ICICIBANK.NS,LT.NS,0.6092638701654852
2022-02-02,ICICIBANK.NS,LT.NS,0.6106246978845526
2022-02-03,ICICIBANK.NS,LT.NS,0.6066093014446744
2022-02-04,ICICIBANK.NS,LT.NS,0.605416941105734
2022-02-07,ICICIBANK.NS,LT.NS,0.6247861069724564
2022-02-08,ICICIBANK.NS,LT.NS,0.6191677418614533
2022-02-09,ICICIBANK.NS,LT.NS,0.6201522445637037
2022-02-10,ICICIBANK.NS,LT.NS,0.6296778865018539
2022-02-11,ICICIBANK.NS,LT.NS,0.6371329795779179
2022-02-14,ICICIBANK.NS,LT.NS,0.6959012188553073
2022-02-15,ICICIBANK.NS,LT.NS,0.7126016249194066
2022-02-16,ICICIBANK.NS,LT.NS,0.716621963637118
2022-02-17,ICICIBANK.NS,LT.NS,0.7185681449263607
2022-02-18,ICICIBANK.NS,LT.NS,0.7156377797946792
2022-02-21,ICICIBANK.NS,LT.NS,0.676718124608803
2022-02-22,ICICIBANK.NS,LT.NS,0.6762775532872953
2022-02-23,ICICIBANK.NS,LT.NS,0.6791954244932361
2022-02-24,ICICIBANK.NS,LT.NS,0.7037800429763813
2022-02-25,ICICIBANK.NS,LT.NS,0.7026594662678843
2022-02-28,ICICIBANK.NS,LT.NS,0.7144820791250603
2022-03-02,ICICIBANK.NS,LT.NS,0.7156676339412483
2022-03-03,ICICIBANK.NS,LT.NS,0.7312819989330197
2022-03-04,ICICIBANK.NS,LT.NS,0.7309109596555762
2022-03-07,ICICIBANK.NS,LT.NS,0.7720831204019604
2022-03-08,ICICIBANK.NS,LT.NS,0.7769184615519437
2022-03-09,ICICIBANK.NS,LT.NS,0.7733574951319248
2022-03-10,ICICIBANK.NS,LT.NS,0.7763822129238378
2022-03-11,ICICIBANK.NS,LT.NS,0.7820054063102756
2022-03-14,ICICIBANK.NS,LT.NS,0.7821195094757196
2022-03-15,ICICIBANK.NS,LT.NS,0.7796730379097353
2022-03-16,ICICIBANK.NS,LT.NS,0.7728175637524567
2022-03-17,ICICIBANK.NS,LT.NS,0.7737257335902454
2022-03-21,ICICIBANK.NS,LT.NS,0.7720112995130036
2022-03-22,ICICIBANK.NS,LT.NS,0.7743270759603578
2022-03-23,ICICIBANK.NS,LT.NS,0.7737746744407379
2022-03-24,ICICIBANK.NS,LT.NS,0.7639599746317933
2022-03-25,ICICIBANK.NS,LT.NS,0.7710433329793022
2022-03-28,ICICIBANK.NS,LT.NS,0.7621454112965627
2022-03-29,ICICIBANK.NS,LT.NS,0.7626502212080836
2022-03-30,ICICIBANK.NS,LT.NS,0.7659754124521435
2022-03-31,ICICIBANK.NS,LT.NS,0.7658892956183597
2022-04-01,ICICIBANK.NS,LT.NS,0.76572674019932
2022-04-04,ICICIBANK.NS,LT.NS,0.7706238064755498
2022-04-05,ICICIBANK.NS,LT.NS,0.7685165988664358
2022-04-06,ICICIBANK.NS,LT.NS,0.7770171440696211
2022-04-07,ICICIBANK.NS,LT.NS,0.7566810923346823
2022-04-08,ICICIBANK.NS,LT.NS,0.7567491366113164
2022-04-11,ICICIBANK.NS,LT.NS,0.7320109955835785
2022-04-12,ICICIBANK.NS,LT.NS,0.7278470694086072
2022-04-13,ICICIBANK.NS,LT.NS,0.7340407746161856
2022-04-18,ICICIBANK.NS,LT.NS,0.7380158139792597
2022-04-19,ICICIBANK.NS,LT.NS,0.7341942118044552
2022-04-20,ICICIBANK.NS,LT.NS,0.7413907510220675
2022-04-21,ICICIBANK.NS,LT.NS,0.7446111197226964
2022-04-22,ICICIBANK.NS,LT.NS,0.748089866780769
2022-04-25,ICICIBANK.NS,LT.NS,0.7378096819651455
2022-04-26,ICICIBANK.NS,LT.NS,0.7281361218309625
2022-04-27,ICICIBANK.NS,LT.NS,0.7292074515503324
2022-04-28,ICICIBANK.NS,LT.NS,0.733198115937519
2022-04-29,ICICIBANK.NS,LT.NS,0.7317507734379636
2022-05-02,ICICIBANK.NS,LT.NS,0.7184454183915301
2022-05-04,ICICIBANK.NS,LT.NS,0.7267735803949823
2022-05-05,ICICIBANK.NS,LT.NS,0.7320835382810168
2022-05-06,ICICIBANK.NS,LT.NS,0.7366916064555313
2022-05-09,ICICIBANK.NS,LT.NS,0.7275252109502014
2022-05-10,ICICIBANK.NS,LT.NS,0.7297671535050217
2022-05-11,ICICIBANK.NS,LT.NS,0.7122200383691869
2022-05-12,ICICIBANK.NS,LT.NS,0.7209133625737995
2022-05-13,ICICIBANK.NS,LT.NS,0.6945487987096935
2022-05-16,ICICIBANK.NS,LT.NS,0.6687831481498852
2022-05-17,ICICIBANK.NS,LT.NS,0.679286544501785
2022-05-18,ICICIBANK.NS,LT.NS,0.6755215017162544
2022-05-19,ICICIBANK.NS,LT.NS,0.6920874338135181
2022-05-20,ICICIBANK.NS,LT.NS,0.7106727326411478
2022-05-23,ICICIBANK.NS,LT.NS,0.7097297247019753
2022-05-24,ICICIBANK.NS,LT.NS,0.7096383090756181
2022-05-25,ICICIBANK.NS,LT.NS,0.6793915390655094
2022-05-26,ICICIBANK.NS,LT.NS,0.642748994249503
2022-05-27,ICICIBANK.NS,LT.NS,0.6481153171133742
2022-05-30,ICICIBANK.NS,LT.NS,0.637933627397039
2022-05-31,ICICIBANK.NS,LT.NS,0.6350676436691308
2022-06-01,ICICIBANK.NS,LT.NS,0.6282293998162025
2022-06-02,ICICIBANK.NS,LT.NS,0.6209268250764992
2022-06-03,ICICIBANK.NS,LT.NS,0.5538092959273555
2022-06-06,ICICIBANK.NS,LT.NS,0.5455119583302073
2022-06-07,ICICIBANK.NS,LT.NS,0.5647563118762315
2022-06-08,ICICIBANK.NS,LT.NS,0.5561216877188672
2022-06-09,ICICIBANK.NS,LT.NS,0.5566075302265617
2022-06-10,ICICIBANK.NS,LT.NS,0.5511910221994991
2022-06-13,ICICIBANK.NS,LT.NS,0.5851090608768335
2022-06-14,ICICIBANK.NS,LT.NS,0.5783408029848788
2022-06-15,ICICIBANK.NS,LT.NS,0.5682778641065416
2022-06-16,ICICIBANK.NS,LT.NS,0.5690497188017861
2022-06-17,ICICIBANK.NS,LT.NS,0.5349317342294899
2022-06-20,ICICIBANK.NS,LT.NS,0.5341399549493752
2022-06-21,ICICIBANK.NS,LT.NS,0.5589667861691602
2022-06-22,ICICIBANK.NS,LT.NS,0.5613849934961378
2022-06-23,ICICIBANK.NS,LT.NS,0.575641941779278
2022-06-24,ICICIBANK.NS,LT.NS,0.5689106228674533
2022-06-27,ICICIBANK.NS,LT.NS,0.556343364913737
2022-06-28,ICICIBANK.NS,LT.NS,0.5447539016995462
2022-06-29,ICICIBANK.NS,LT.NS,0.539178116380715
2022-06-30,ICICIBANK.NS,LT.NS,0.5313787490685106
2022-07-01,ICICIBANK.NS,LT.NS,0.5307631937091313
2022-07-04,ICICIBANK.NS,LT.NS,0.5326070507658544
2022-07-05,ICICIBANK.NS,LT.NS,0.5432611093079148
2022-07-06,ICICIBANK.NS,LT.NS,0.5385018274534716
2022-07-07,ICICIBANK.NS,LT.NS,0.5816978638190511
2022-07-08,ICICIBANK.NS,LT.NS,0.6059114573195172
2022-07-11,ICICIBANK.NS,LT.NS,0.583794064145578
2022-07-12,ICICIBANK.NS,LT.NS,0.5821872429042867
2022-07-13,ICICIBANK.NS,LT.NS,0.600909472686647
2022-07-14,ICICIBANK.NS,LT.NS,0.5995736976150646
2022-07-15,ICICIBANK.NS,LT.NS,0.5869140610825389
2022-07-18,ICICIBANK.NS,LT.NS,0.5984570041010611
2022-07-19,ICICIBANK.NS,LT.NS,0.6108092385351999
2022-07-20,ICICIBANK.NS,LT.NS,0.6180456273399499
2022-07-21,ICICIBANK.NS,LT.NS,0.6076159604712631
2022-07-22,ICICIBANK.NS,LT.NS,0.5956414578396519
2022-07-25,ICICIBANK.NS,LT.NS,0.5932127727801753
2022-07-26,ICICIBANK.NS,LT.NS,0.594208116126056
2022-07-27,ICICIBANK.NS,LT.NS,0.5741441232046904
2022-07-28,ICICIBANK.NS,LT.NS,0.5697406841333689
2022-07-29,ICICIBANK.NS,LT.NS,0.5661637733594027
2022-08-01,ICICIBANK.NS,LT.NS,0.5659181294456294
2022-08-02,ICICIBANK.NS,LT.NS,0.5695477412375413
2022-08-03,ICICIBANK.NS,LT.NS,0.5784349979428116
2022-08-04,ICICIBANK.NS,LT.NS,0.5564889961640486
2022-08-05,ICICIBANK.NS,LT.NS,0.5754280329897699
2022-08-08,ICICIBANK.NS,LT.NS,0.5703378983277885
2022-08-10,ICICIBANK.NS,LT.NS,0.5352535994473601
2022-08-11,ICICIBANK.NS,LT.NS,0.5324775003799166
2022-08-12,ICICIBANK.NS,LT.NS,0.49727310198746494
2022-08-16,ICICIBANK.NS,LT.NS,0.4619924973655543
2022-08-17,ICICIBANK.NS,LT.NS,0.46946836314783014
2022-08-18,ICICIBANK.NS,LT.NS,0.4576383323285879
2022-08-19,ICICIBANK.NS,LT.NS,0.44078126966095843
2022-08-22,ICICIBANK.NS,LT.NS,0.49656567081496605
2022-08-23,ICICIBANK.NS,LT.NS,0.4792380239677506
2022-08-24,ICICIBANK.NS,LT.NS,0.47661894497171053
2022-08-25,ICICIBANK.NS,LT.NS,0.4802041467704526
2022-08-26,ICICIBANK.NS,LT.NS,0.47257650546934954
2022-08-29,ICICIBANK.NS,LT.NS,0.4815174362900754
2022-08-30,ICICIBANK.NS,LT.NS,0.5071273676830079
2022-09-01,ICICIBANK.NS,LT.NS,0.51150094957978
2022-09-02,ICICIBANK.NS,LT.NS,0.4837408899570814
2022-09-05,ICICIBANK.NS,LT.NS,0.4846846975828224
2022-09-06,ICICIBANK.NS,LT.NS,0.48478367360209224
2022-09-07,ICICIBANK.NS,LT.NS,0.4812835066240535
2022-09-08,ICICIBANK.NS,LT.NS,0.3980533663528175
2022-09-09,ICICIBANK.NS,LT.NS,0.40128218144141337
2022-09-12,ICICIBANK.NS,LT.NS,0.4033243159084947
2022-09-13,ICICIBANK.NS,LT.NS,0.3747916439427785
2022-09-14,ICICIBANK.NS,LT.NS,0.3916072656651605
2022-09-15,ICICIBANK.NS,LT.NS,0.3875729274026942
2022-09-16,ICICIBANK.NS,LT.NS,0.3979024767098166
2022-09-19,ICICIBANK.NS,LT.NS,0.38522657993944825
2022-09-20,ICICIBANK.NS,LT.NS,0.38637212079229455
2022-09-21,ICICIBANK.NS,LT.NS,0.40269948584688237
2022-09-22,ICICIBANK.NS,LT.NS,0.4137616939748905
2022-09-23,ICICIBANK.NS,LT.NS,0.4538651994022039
2022-09-26,ICICIBANK.NS,LT.NS,0.44898880923041623
2022-09-27,ICICIBANK.NS,LT.NS,0.45341258658717054
2022-09-28,ICICIBANK.NS,LT.NS,0.4615036590768745
2022-09-29,ICICIBANK.NS,LT.NS,0.4711099836048453
2022-09-30,ICICIBANK.NS,LT.NS,0.48199730442881006
2022-10-03,ICICIBANK.NS,LT.NS,0.5034481519806611
2022-10-04,ICICIBANK.NS,LT.NS,0.5008118418549805
2022-10-06,ICICIBANK.NS,LT.NS,0.5014934299181553
2022-10-07,ICICIBANK.NS,LT.NS,0.5355750122459307
2022-10-10,ICICIBANK.NS,LT.NS,0.5318723356849464
2022-10-11,ICICIBANK.NS,LT.NS,0.5414443598846487
2022-10-12,ICICIBANK.NS,LT.NS,0.5284580347185867
2022-10-13,ICICIBANK.NS,LT.NS,0.5635630958027624
2022-10-14,ICICIBANK.NS,LT.NS,0.551590275483638
2022-10-17,ICICIBANK.NS,LT.NS,0.5191640776280111
2022-10-18,ICICIBANK.NS,LT.NS,0.5263864158342425
2022-10-19,ICICIBANK.NS,LT.NS,0.5414716387751236
2022-10-20,ICICIBANK.NS,LT.NS,0.5476201250994139
2022-10-21,ICICIBANK.NS,LT.NS,0.5089135511669922
2022-10-24,ICICIBANK.NS,LT.NS,0.5176525672172663
2022-10-25,ICICIBANK.NS,LT.NS,0.5101851875492963
2022-10-27,ICICIBANK.NS,LT.NS,0.5112192646400907
2022-10-28,ICICIBANK.NS,LT.NS,0.49427386142373236
2022-10-31,ICICIBANK.NS,LT.NS,0.4812796221574667
2022-11-01,ICICIBANK.NS,LT.NS,0.47635858830872835
2022-11-02,ICICIBANK.NS,LT.NS,0.4820696061783828
2022-11-03,ICICIBANK.NS,LT.NS,0.478039182679384
2022-11-04,ICICIBANK.NS,LT.NS,0.4822324541511068
2022-11-07,ICICIBANK.NS,LT.NS,0.48283713740291295
2022-11-09,ICICIBANK.NS,LT.NS,0.4790856059598698
2022-11-10,ICICIBANK.NS,LT.NS,0.4739796325136579
2022-11-11,ICICIBANK.NS,LT.NS,0.48797280388451303
2022-11-14,ICICIBANK.NS,LT.NS,0.4920541670245511
2022-11-15,ICICIBANK.NS,LT.NS,0.4791118835649966
2022-11-16,ICICIBANK.NS,LT.NS,0.48514069426081813
2022-11-17,ICICIBANK.NS,LT.NS,0.5389680607845995
2022-11-18,ICICIBANK.NS,LT.NS,0.5102694138987922
2022-11-21,ICICIBANK.NS,LT.NS,0.5169562982712322
2022-11-22,ICICIBANK.NS,LT.NS,0.5129548240039709
2022-11-23,ICICIBANK.NS,LT.NS,0.5116625271580041
2022-11-24,ICICIBANK.NS,LT.NS,0.5270877960083585
2022-11-25,ICICIBANK.NS,LT.NS,0.5075138044853077
2022-11-28,ICICIBANK.NS,LT.NS,0.4723891409606239
2022-11-29,ICICIBANK.NS,LT.NS,0.4573578961573221
2022-11-30,ICICIBANK.NS,LT.NS,0.4702561886018451
2022-12-01,ICICIBANK.NS,LT.NS,0.4304896838397993
2022-12-02,ICICIBANK.NS,LT.NS,0.4382307276003882
2022-12-05,ICICIBANK.NS,LT.NS,0.4368800826355038
2022-12-06,ICICIBANK.NS,LT.NS,0.4253964398062723
2022-12-07,ICICIBANK.NS,LT.NS,0.4278256305985951
2022-12-08,ICICIBANK.NS,LT.NS,0.4369820361052369
2022-12-09,ICICIBANK.NS,LT.NS,0.4381005509123186
2022-12-12,ICICIBANK.NS,LT.NS,0.4705472093949308
2022-12-13,ICICIBANK.NS,LT.NS,0.4709598305278125
2022-12-14,ICICIBANK.NS,LT.NS,0.4429851002831445
2022-12-15,ICICIBANK.NS,LT.NS,0.44762879304255343
2022-12-16,ICICIBANK.NS,LT.NS,0.43951959227776416
2022-12-19,ICICIBANK.NS,LT.NS,0.4483324319994956
2022-12-20,ICICIBANK.NS,LT.NS,0.4344068383239174
2022-12-21,ICICIBANK.NS,LT.NS,0.41436033159475955
2022-12-22,ICICIBANK.NS,LT.NS,0.4110520459725472
2022-12-23,ICICIBANK.NS,LT.NS,0.42850373866516817
2022-12-26,ICICIBANK.NS,LT.NS,0.43894076445196506
2022-12-27,ICICIBANK.NS,LT.NS,0.4385834607411125
2022-12-28,ICICIBANK.NS,LT.NS,0.4182450648752134
2022-12-29,ICICIBANK.NS,LT.NS,0.3822973668987667
2022-12-30,ICICIBANK.NS,LT.NS,0.3552503436872606
2023-01-02,ICICIBANK.NS,LT.NS,0.3127268439963501
2023-01-03,ICICIBANK.NS,LT.NS,0.3162030460281366
2023-01-04,ICICIBANK.NS,LT.NS,0.31815372264306857
2023-01-05,ICICIBANK.NS,LT.NS,0.2619547277048048
2023-01-06,ICICIBANK.NS,LT.NS,0.27364000867186095
2023-01-09,ICICIBANK.NS,LT.NS,0.23886758733174576
2023-01-10,ICICIBANK.NS,LT.NS,0.21451726142195596
2023-01-11,ICICIBANK.NS,LT.NS,0.27657649372054405
2023-01-12,ICICIBANK.NS,LT.NS,0.23074541833772802
2023-01-13,ICICIBANK.NS,LT.NS,0.20828789631159575
2023-01-16,ICICIBANK.NS,LT.NS,0.21814124151665668
2023-01-17,ICICIBANK.NS,LT.NS,0.271580765659263
2023-01-18,ICICIBANK.NS,LT.NS,0.2465911873512293
2023-01-19,ICICIBANK.NS,LT.NS,0.2527727009096194
2023-01-20,ICICIBANK.NS,LT.NS,0.23741522586460756
2023-01-23,ICICIBANK.NS,LT.NS,0.24854527263244788
2023-01-24,ICICIBANK.NS,LT.NS,0.2493457501071576
2023-01-25,ICICIBANK.NS,LT.NS,0.28248012945153456
2023-01-27,ICICIBANK.NS,LT.NS,0.2885885765471432
2023-01-30,ICICIBANK.NS,LT.NS,0.2522611653761859
2023-01-31,ICICIBANK.NS,LT.NS,0.2573948398917201
2023-02-01,ICICIBANK.NS,LT.NS,0.2759804115410958
2023-02-02,ICICIBANK.NS,LT.NS,0.2656428469344689
2023-02-03,ICICIBANK.NS,LT.NS,0.27763136710337655
2023-02-06,ICICIBANK.NS,LT.NS,0.2957912171437799
2023-02-07,ICICIBANK.NS,LT.NS,0.2882434351085701
2023-02-08,ICICIBANK.NS,LT.NS,0.2773649276601895
2023-02-09,ICICIBANK.NS,LT.NS,0.2782893274633346
2023-02-10,ICICIBANK.NS,LT.NS,0.26194036522992964
2023-02-13,ICICIBANK.NS,LT.NS,0.2526252223325536
2023-02-14,ICICIBANK.NS,LT.NS,0.2338165771585749
2023-02-15,ICICIBANK.NS,LT.NS,0.22117447823422817
2023-02-16,ICICIBANK.NS,LT.NS,0.22401408319460156
2023-02-17,ICICIBANK.NS,LT.NS,0.18402518757051317
2023-02-20,ICICIBANK.NS,LT.NS,0.18954503833221248
2023-02-21,ICICIBANK.NS,LT.NS,0.19118815810813697
2023-02-22,ICICIBANK.NS,LT.NS,0.23196488455725872
2023-02-23,ICICIBANK.NS,LT.NS,0.21362564133894596
2023-02-24,ICICIBANK.NS,LT.NS,0.2324838069542632
2023-02-27,ICICIBANK.NS,LT.NS,0.191242783366897
2023-02-28,ICICIBANK.NS,LT.NS,0.19168895768581343
2023-03-01,ICICIBANK.NS,LT.NS,0.19847670262681677
2023-03-02,ICICIBANK.NS,LT.NS,0.1991334763625957
2023-03-03,ICICIBANK.NS,LT.NS,0.2017931148033389
2023-03-06,ICICIBANK.NS,LT.NS,0.20105434400824088
2023-03-08,ICICIBANK.NS,LT.NS,0.20799699230735155
2023-03-09,ICICIBANK.NS,LT.NS,0.1802833060292141
2023-03-10,ICICIBANK.NS,LT.NS,0.21772547805092585
2023-03-13,ICICIBANK.NS,LT.NS,0.22402955530326787
2023-03-14,ICICIBANK.NS,LT.NS,0.22555421247692725
2023-03-15,ICICIBANK.NS,LT.NS,0.21302227418201425
2023-03-16,ICICIBANK.NS,LT.NS,0.22032280156012532
2023-03-17,ICICIBANK.NS,LT.NS,0.22245252358652262
2023-03-20,ICICIBANK.NS,LT.NS,0.2224484856953269
2023-03-21,ICICIBANK.NS,LT.NS,0.220933863908564
2023-03-22,ICICIBANK.NS,LT.NS,0.2014015548406649
2023-03-23,ICICIBANK.NS,LT.NS,0.19054501296050902
2023-03-24,ICICIBANK.NS,LT.NS,0.19236054155235646
2023-03-27,ICICIBANK.NS,LT.NS,0.2030862227665133
2023-03-28,ICICIBANK.NS,LT.NS,0.16954647753375832
2023-03-29,ICICIBANK.NS,LT.NS,0.16617009704910712
2023-03-31,ICICIBANK.NS,LT.NS,0.1827561888172675
2023-04-03,ICICIBANK.NS,LT.NS,0.18250895091290492
2023-04-05,ICICIBANK.NS,LT.NS,0.19391974283301472
2023-04-06,ICICIBANK.NS,LT.NS,0.18413352054666363
2023-04-10,ICICIBANK.NS,LT.NS,0.16589400160578344
2023-04-11,ICICIBANK.NS,LT.NS,0.1438994552703786
2023-04-12,ICICIBANK.NS,LT.NS,0.1321891148210995
2023-04-13,ICICIBANK.NS,LT.NS,0.12969206863047678
2023-04-17,ICICIBANK.NS,LT.NS,0.1299436420267465
2023-04-18,ICICIBANK.NS,LT.NS,0.12153766617093104
2023-04-19,ICICIBANK.NS,LT.NS,0.13204224655505697
2023-04-20,ICICIBANK.NS,LT.NS,0.1250121224974152
2023-04-21,ICICIBANK.NS,LT.NS,0.13514061462577717
2023-04-24,ICICIBANK.NS,LT.NS,0.1533826517894922
2023-04-25,ICICIBANK.NS,LT.NS,0.16208074140222845
2023-04-26,ICICIBANK.NS,LT.NS,0.16038012395099382
2023-04-27,ICICIBANK.NS,LT.NS,0.13271851751826005
2023-04-28,ICICIBANK.NS,LT.NS,0.08958806189642564
2023-05-02,ICICIBANK.NS,LT.NS,0.11427562666482587
2023-05-03,ICICIBANK.NS,LT.NS,0.1115749830352984
2023-05-04,ICICIBANK.NS,LT.NS,0.09451892750941178
2023-05-05,ICICIBANK.NS,LT.NS,0.10232020405142793
2023-05-08,ICICIBANK.NS,LT.NS,0.08506182427530166
2023-05-09,ICICIBANK.NS,LT.NS,0.07232707912837359
2023-05-10,ICICIBANK.NS,LT.NS,0.07313924800954784
2023-05-11,ICICIBANK.NS,LT.NS,0.06478064263690651
2023-05-12,ICICIBANK.NS,LT.NS,0.05972729133929692
2023-05-15,ICICIBANK.NS,LT.NS,0.06909351786286332
2023-05-16,ICICIBANK.NS,LT.NS,0.08409693874785494
2023-05-17,ICICIBANK.NS,LT.NS,0.10116669837184908
2023-05-18,ICICIBANK.NS,LT.NS,0.09377342215084547
2023-05-19,ICICIBANK.NS,LT.NS,0.09457734768637639
2023-05-22,ICICIBANK.NS,LT.NS,0.11491688223562785
2023-05-23,ICICIBANK.NS,LT.NS,0.1143449272700891
2023-05-24,ICICIBANK.NS,LT.NS,0.12261767538849204
2023-05-25,ICICIBANK.NS,LT.NS,0.08352492598667821
2023-05-26,ICICIBANK.NS,LT.NS,0.08827159769631734
2023-05-29,ICICIBANK.NS,LT.NS,0.08373501825421124
2023-05-30,ICICIBANK.NS,LT.NS,0.11327357574474277
2023-05-31,ICICIBANK.NS,LT.NS,0.11298857054769079
2023-06-01,ICICIBANK.NS,LT.NS,0.11005238363576714
2023-06-02,ICICIBANK.NS,LT.NS,0.11177872418184785
2023-06-05,ICICIBANK.NS,LT.NS,0.09953457871385776
2023-06-06,ICICIBANK.NS,LT.NS,0.09439139076438254
2023-06-07,ICICIBANK.NS,LT.NS,0.08021684584462423
2023-06-08,ICICIBANK.NS,LT.NS,0.10474628127437516
2023-06-09,ICICIBANK.NS,LT.NS,0.061368982310872996
2023-06-12,ICICIBANK.NS,LT.NS,0.03324157467121292
2023-06-13,ICICIBANK.NS,LT.NS,0.03729270036611424
2023-06-14,ICICIBANK.NS,LT.NS,0.05547511256075678
2023-06-15,ICICIBANK.NS,LT.NS,0.048830778012505564
2023-06-16,ICICIBANK.NS,LT.NS,0.03242553628849631
2023-06-19,ICICIBANK.NS,LT.NS,0.032936618984617035
2023-06-20,ICICIBANK.NS,LT.NS,-0.0014043482557599197
2023-06-21,ICICIBANK.NS,LT.NS,-0.0042980307777261174
2023-06-22,ICICIBANK.NS,LT.NS,-0.009914195280405724
2023-06-23,ICICIBANK.NS,LT.NS,-0.01851698442070075
2023-06-26,ICICIBANK.NS,LT.NS,-0.028946270872554757
2023-06-27,ICICIBANK.NS,LT.NS,-0.014935071170428658
2023-06-28,ICICIBANK.NS,LT.NS,-0.010697568217454297
2023-06-30,ICICIBANK.NS,LT.NS,-0.05928153382490777
2023-07-03,ICICIBANK.NS,LT.NS,-0.07438217462018959
2023-07-04,ICICIBANK.NS,LT.NS,-0.07903359785999914
2023-07-05,ICICIBANK.NS,LT.NS,-0.05915244096221533
2023-07-06,ICICIBANK.NS,LT.NS,-0.03409768023853034
2023-07-07,ICICIBANK.NS,LT.NS,0.03158906247083322
2023-07-10,ICICIBANK.NS,LT.NS,0.04226085558271383
2023-07-11,ICICIBANK.NS,LT.NS,0.05674107648764867
2023-07-12,ICICIBANK.NS,LT.NS,0.06885853147898159
2023-07-13,ICICIBANK.NS,LT.NS,0.05851736972458148
2023-07-14,ICICIBANK.NS,LT.NS,0.06313415751697889
2023-07-17,ICICIBANK.NS,LT.NS,0.05617058621795398
2023-07-18,ICICIBANK.NS,LT.NS,0.03494060602681292
2023-07-19,ICICIBANK.NS,LT.NS,0.013300356768172037
2023-07-20,ICICIBANK.NS,LT.NS,-0.015874476598955647
2023-07-21,ICICIBANK.NS,LT.NS,-0.01548271522844144
2023-07-24,ICICIBANK.NS,LT.NS,-0.026941405358882183
2023-07-25,ICICIBANK.NS,LT.NS,-0.022508758205052933
2023-07-26,ICICIBANK.NS,LT.NS,-0.023452840822383487
2023-07-27,ICICIBANK.NS,LT.NS,-0.029304710685209633
2023-07-28,ICICIBANK.NS,LT.NS,-0.035459918467560095
2023-07-31,ICICIBANK.NS,LT.NS,-0.039485933059093634
2023-08-01,ICICIBANK.NS,LT.NS,-0.01835096914873223
2023-08-02,ICICIBANK.NS,LT.NS,-0.004337030512469318
2023-08-03,ICICIBANK.NS,LT.NS,0.041144567262735694
2023-08-04,ICICIBANK.NS,LT.NS,0.08954346763987059
2023-08-07,ICICIBANK.NS,LT.NS,0.10240088480438633
2023-08-08,ICICIBANK.NS,LT.NS,0.09675197354813535
2023-08-09,ICICIBANK.NS,LT.NS,0.09786386226466845
2023-08-10,ICICIBANK.NS,LT.NS,0.09883345262998831
2023-08-11,ICICIBANK.NS,LT.NS,0.13943713968941107
2023-08-14,ICICIBANK.NS,LT.NS,0.15070871214760714
2023-08-16,ICICIBANK.NS,LT.NS,0.1530205930147615
2023-08-17,ICICIBANK.NS,LT.NS,0.1776722474667435
2023-08-18,ICICIBANK.NS,LT.NS,0.15819097415942637
2023-08-21,ICICIBANK.NS,LT.NS,0.1634669628369409
2023-08-22,ICICIBANK.NS,LT.NS,0.15695005076152285
2023-08-23,ICICIBANK.NS,LT.NS,0.185214265498362
2023-08-24,ICICIBANK.NS,LT.NS,0.18141063310190203
2023-08-25,ICICIBANK.NS,LT.NS,0.16964155386575036
2023-08-28,ICICIBANK.NS,LT.NS,0.161931608786825
2023-08-29,ICICIBANK.NS,LT.NS,0.1558331420298302
2023-08-30,ICICIBANK.NS,LT.NS,0.14956456126904108
2023-08-31,ICICIBANK.NS,LT.NS,0.15171907110804844
2023-09-01,ICICIBANK.NS,LT.NS,0.1522949656066107
2023-09-04,ICICIBANK.NS,LT.NS,0.15794017640677407
2023-09-05,ICICIBANK.NS,LT.NS,0.15937262816783915
2023-09-06,ICICIBANK.NS,LT.NS,0.15959765262836578
2023-09-07,ICICIBANK.NS,LT.NS,0.19714930190891458
2023-09-08,ICICIBANK.NS,LT.NS,0.204369197707455
2023-09-11,ICICIBANK.NS,LT.NS,0.19800077548456105
2023-09-12,ICICIBANK.NS,LT.NS,0.22337905792119844
2023-09-13,ICICIBANK.NS,LT.NS,0.22197308636459664
2023-09-14,ICICIBANK.NS,LT.NS,0.22079367743635092
2023-09-15,ICICIBANK.NS,LT.NS,0.2161491577864763
2023-09-18,ICICIBANK.NS,LT.NS,0.21602518251604594
2023-09-20,ICICIBANK.NS,LT.NS,0.21719077148004945
2023-09-21,ICICIBANK.NS,LT.NS,0.2007960639052926
2023-09-22,ICICIBANK.NS,LT.NS,0.19410419697690134
2023-09-25,ICICIBANK.NS,LT.NS,0.18342727520153063
2023-09-26,ICICIBANK.NS,LT.NS,0.19668726153257737
2023-09-27,ICICIBANK.NS,LT.NS,0.19733856180502835
2023-09-28,ICICIBANK.NS,LT.NS,0.19470477407765135
2023-09-29,ICICIBANK.NS,LT.NS,0.19840314817821414
2023-10-03,ICICIBANK.NS,LT.NS,0.1676485312964869
2023-10-04,ICICIBANK.NS,LT.NS,0.15912760136503803
2023-10-05,ICICIBANK.NS,LT.NS,0.19129152227168042
2023-10-06,ICICIBANK.NS,LT.NS,0.19485489088276559
2023-10-09,ICICIBANK.NS,LT.NS,0.20424005519759975
2023-10-10,ICICIBANK.NS,LT.NS,0.2072780519954344
2023-10-11,ICICIBANK.NS,LT.NS,0.2044422322764168
2023-10-12,ICICIBANK.NS,LT.NS,0.2126910624161063
2023-10-13,ICICIBANK.NS,LT.NS,0.2161952549639193
2023-10-16,ICICIBANK.NS,LT.NS,0.2176101466743125
2023-10-17,ICICIBANK.NS,LT.NS,0.24369860633646254
2023-10-18,ICICIBANK.NS,LT.NS,0.26251610044118856
2023-10-19,ICICIBANK.NS,LT.NS,0.26485501485339613
2023-10-20,ICICIBANK.NS,LT.NS,0.28695571524868
2023-10-23,ICICIBANK.NS,LT.NS,0.2896135603596147
2023-10-25,ICICIBANK.NS,LT.NS,0.3222492592705036
2023-10-26,ICICIBANK.NS,LT.NS,0.3459834647626453
2023-10-27,ICICIBANK.NS,LT.NS,0.34998107570465165
2023-10-30,ICICIBANK.NS,LT.NS,0.3552824657326382
2023-10-31,ICICIBANK.NS,LT.NS,0.34797300287874056
2023-11-01,ICICIBANK.NS,LT.NS,0.3252353379946522
2023-11-02,ICICIBANK.NS,LT.NS,0.32292894099265823
2023-11-03,ICICIBANK.NS,LT.NS,0.30129609323650375
2023-11-06,ICICIBANK.NS,LT.NS,0.335507002774073
2023-11-07,ICICIBANK.NS,LT.NS,0.3300824436745281
2023-11-08,ICICIBANK.NS,LT.NS,0.2978842936262485
2023-11-09,ICICIBANK.NS,LT.NS,0.2962106115230967
2023-11-10,ICICIBANK.NS,LT.NS,0.2915744705633654
2023-11-13,ICICIBANK.NS,LT.NS,0.29532353965739633
2023-11-15,ICICIBANK.NS,LT.NS,0.2892555919977886
2023-11-16,ICICIBANK.NS,LT.NS,0.2934975159403101
2023-11-17,ICICIBANK.NS,LT.NS,0.23891642533461876
2023-11-20,ICICIBANK.NS,LT.NS,0.23969865932675735
2023-11-21,ICICIBANK.NS,LT.NS,0.2077554148309263
2023-11-22,ICICIBANK.NS,LT.NS,0.21633832618083174
2023-11-23,ICICIBANK.NS,LT.NS,0.2252916603557345
2023-11-24,ICICIBANK.NS,LT.NS,0.22688418691947593
2023-11-28,ICICIBANK.NS,LT.NS,0.23191340223497747
2023-11-29,ICICIBANK.NS,LT.NS,0.2424365242960137
2023-11-30,ICICIBANK.NS,LT.NS,0.23707258422227967
2023-12-01,ICICIBANK.NS,LT.NS,0.28303986814539506
2023-12-04,ICICIBANK.NS,LT.NS,0.4257650976277028
2023-12-05,ICICIBANK.NS,LT.NS,0.40411285601733005
2023-12-06,ICICIBANK.NS,LT.NS,0.36499686591293656
2023-12-07,ICICIBANK.NS,LT.NS,0.3637396919446209
2023-12-08,ICICIBANK.NS,LT.NS,0.3632904205487782
2023-12-11,ICICIBANK.NS,LT.NS,0.3690275691541805
2023-12-12,ICICIBANK.NS,LT.NS,0.35291220273741847
2023-12-13,ICICIBANK.NS,LT.NS,0.34634663700543705
2023-12-14,ICICIBANK.NS,LT.NS,0.35478877648931767
2023-12-15,ICICIBANK.NS,LT.NS,0.3601407794688317
2023-12-18,ICICIBANK.NS,LT.NS,0.358603299220605
2023-12-19,ICICIBANK.NS,LT.NS,0.3565603890190705
2023-12-20,ICICIBANK.NS,LT.NS,0.3923641120036874
2023-12-21,ICICIBANK.NS,LT.NS,0.40095833103117756
2023-12-22,ICICIBANK.NS,LT.NS,0.384400958665766
2023-12-26,ICICIBANK.NS,LT.NS,0.38696717252849544
2023-12-27,ICICIBANK.NS,LT.NS,0.41195382206463327
2023-12-28,ICICIBANK.NS,LT.NS,0.41222638307587184
2023-12-29,ICICIBANK.NS,LT.NS,0.40994213831197834
2024-01-01,ICICIBANK.NS,LT.NS,0.4431495295075915
2024-01-02,ICICIBANK.NS,LT.NS,0.46282608386757923
2024-01-03,ICICIBANK.NS,LT.NS,0.44895149541324236
2024-01-04,ICICIBANK.NS,LT.NS,0.45152037155013425
2024-01-05,ICICIBANK.NS,LT.NS,0.45105849318798213
2024-01-08,ICICIBANK.NS,LT.NS,0.46588002301783976
2024-01-09,ICICIBANK.NS,LT.NS,0.45590909427866594
2024-01-10,ICICIBANK.NS,LT.NS,0.4417427980618105
2024-01-11,ICICIBANK.NS,LT.NS,0.4420813117154258
2024-01-12,ICICIBANK.NS,LT.NS,0.4548413670849845
2024-01-15,ICICIBANK.NS,LT.NS,0.452917458255294
2024-01-16,ICICIBANK.NS,LT.NS,0.4434441236274874
2024-01-17,ICICIBANK.NS,LT.NS,0.43410009908867436
2024-01-18,ICICIBANK.NS,LT.NS,0.43398589117971453
2024-01-19,ICICIBANK.NS,LT.NS,0.4435145155828105
2024-01-23,ICICIBANK.NS,LT.NS,0.2873522127730386
2024-01-24,ICICIBANK.NS,LT.NS,0.23165618974315286
2024-01-25,ICICIBANK.NS,LT.NS,0.22630556812718722
2024-01-29,ICICIBANK.NS,LT.NS,0.22672314841235203
2024-01-30,ICICIBANK.NS,LT.NS,0.22143237486152142
2024-01-31,ICICIBANK.NS,LT.NS,0.15763349602173063
2024-02-01,ICICIBANK.NS,LT.NS,0.16330883095689425
2024-02-02,ICICIBANK.NS,LT.NS,0.17315711647243412
2024-02-05,ICICIBANK.NS,LT.NS,0.1575615601558667
2024-02-06,ICICIBANK.NS,LT.NS,0.1587354790035816
2024-02-07,ICICIBANK.NS,LT.NS,0.17914050723323127
2024-02-08,ICICIBANK.NS,LT.NS,0.2233804106609841
2024-02-09,ICICIBANK.NS,LT.NS,0.2096926889456616
2024-02-12,ICICIBANK.NS,LT.NS,0.22074949348038342
2024-02-13,ICICIBANK.NS,LT.NS,0.22362313826940575
2024-02-14,ICICIBANK.NS,LT.NS,0.22014122381101384
2024-02-15,ICICIBANK.NS,LT.NS,0.25279552834575575
2024-02-16,ICICIBANK.NS,LT.NS,0.2557031595522204
2024-02-19,ICICIBANK.NS,LT.NS,0.2288743669799206
2024-02-20,ICICIBANK.NS,LT.NS,0.23024680697386674
2024-02-21,ICICIBANK.NS,LT.NS,0.2252159648138453
2024-02-22,ICICIBANK.NS,LT.NS,0.23348699140939458
2024-02-23,ICICIBANK.NS,LT.NS,0.23039191193176078
2024-02-26,ICICIBANK.NS,LT.NS,0.20302690009220956
2024-02-27,ICICIBANK.NS,LT.NS,0.20896846615815898
2024-02-28,ICICIBANK.NS,LT.NS,0.20512774813232978
2024-02-29,ICICIBANK.NS,LT.NS,0.08090402710317493
2024-03-01,ICICIBANK.NS,LT.NS,0.19214144367867098
2024-03-04,ICICIBANK.NS,LT.NS,0.218480600270191
2024-03-05,ICICIBANK.NS,LT.NS,0.21757278742709948
2024-03-06,ICICIBANK.NS,LT.NS,0.21731178513700236
2024-03-07,ICICIBANK.NS,LT.NS,0.208906310221682
2024-03-11,ICICIBANK.NS,LT.NS,0.21486452821755297
2024-03-12,ICICIBANK.NS,LT.NS,0.22195962095522334
2024-03-13,ICICIBANK.NS,LT.NS,0.19596405260706715
2024-03-14,ICICIBANK.NS,LT.NS,0.18956773918594944
2024-03-15,ICICIBANK.NS,LT.NS,0.1972303980782539
2024-03-18,ICICIBANK.NS,LT.NS,0.19841089614998417
2024-03-19,ICICIBANK.NS,LT.NS,0.17876765444379464
2024-03-20,ICICIBANK.NS,LT.NS,0.17910747230798135
2024-03-21,ICICIBANK.NS,LT.NS,0.19126748926301868
2024-03-22,ICICIBANK.NS,LT.NS,0.19820636250071993
2024-03-26,ICICIBANK.NS,LT.NS,0.1816109454160719
2024-03-27,ICICIBANK.NS,LT.NS,0.1821798611751518
2024-03-28,ICICIBANK.NS,LT.NS,0.19196086588001304
2024-04-01,ICICIBANK.NS,LT.NS,0.19650177110085948
2024-04-02,ICICIBANK.NS,LT.NS,0.17227788654534135
2024-04-03,ICICIBANK.NS,LT.NS,0.175527853354831
2024-04-04,ICICIBANK.NS,LT.NS,0.17508284442142477
2024-04-05,ICICIBANK.NS,LT.NS,0.16412020980271674
2024-04-08,ICICIBANK.NS,LT.NS,0.1587249860633785
2024-04-09,ICICIBANK.NS,LT.NS,0.15202037221975193
2024-04-10,ICICIBANK.NS,LT.NS,0.15689383833366352
2024-04-12,ICICIBANK.NS,LT.NS,0.16269514515031475
2024-04-15,ICICIBANK.NS,LT.NS,0.18744703986101646
2024-04-16,ICICIBANK.NS,LT.NS,0.20393880766954944
2024-04-18,ICICIBANK.NS,LT.NS,0.20207761792598158
2024-04-19,ICICIBANK.NS,LT.NS,0.20011041415081765
2024-04-22,ICICIBANK.NS,LT.NS,0.22809010435718552
2024-04-23,ICICIBANK.NS,LT.NS,0.21773068164937578
2024-04-24,ICICIBANK.NS,LT.NS,0.3033968444874834
2024-04-25,ICICIBANK.NS,LT.NS,0.355016813107386
2024-04-26,ICICIBANK.NS,LT.NS,0.36183515312422726
2024-04-29,ICICIBANK.NS,LT.NS,0.34839510128576556
2024-04-30,ICICIBANK.NS,LT.NS,0.35663642900514286
2024-05-02,ICICIBANK.NS,LT.NS,0.41444266637052396
2024-05-03,ICICIBANK.NS,LT.NS,0.39979516692634354
2024-05-06,ICICIBANK.NS,LT.NS,0.3950816763726468
2024-05-07,ICICIBANK.NS,LT.NS,0.4025455345388558
2024-05-08,ICICIBANK.NS,LT.NS,0.3883685237937464
2024-05-09,ICICIBANK.NS,LT.NS,0.37755490347457565
2024-05-10,ICICIBANK.NS,LT.NS,0.3563015189063113
2024-05-13,ICICIBANK.NS,LT.NS,0.37316498771800777
2024-05-14,ICICIBANK.NS,LT.NS,0.3406028469840988
2024-05-15,ICICIBANK.NS,LT.NS,0.34022323595638737
2024-05-16,ICICIBANK.NS,LT.NS,0.34379300470645924
2024-05-17,ICICIBANK.NS,LT.NS,0.34337219754397297
2024-05-21,ICICIBANK.NS,LT.NS,0.34029127676643667
2024-05-22,ICICIBANK.NS,LT.NS,0.36809025067600143
2024-05-23,ICICIBANK.NS,LT.NS,0.40525845784673936
2024-05-24,ICICIBANK.NS,LT.NS,0.4082074514351021
2024-05-27,ICICIBANK.NS,LT.NS,0.39741540032590117
2024-05-28,ICICIBANK.NS,LT.NS,0.3987622358300727
2024-05-29,ICICIBANK.NS,LT.NS,0.4231991308939173
2024-05-30,ICICIBANK.NS,LT.NS,0.41769514202332314
2024-05-31,ICICIBANK.NS,LT.NS,0.41293349040471244
2024-06-03,ICICIBANK.NS,LT.NS,0.5003785643251071
2024-06-04,ICICIBANK.NS,LT.NS,0.6928741008538989
2024-06-05,ICICIBANK.NS,LT.NS,0.6684911657509928
2024-06-06,ICICIBANK.NS,LT.NS,0.6643161640128593
2024-06-07,ICICIBANK.NS,LT.NS,0.6655339010159621
2024-06-10,ICICIBANK.NS,LT.NS,0.6721127817013162
2024-06-11,ICICIBANK.NS,LT.NS,0.6639978212367919
2024-06-12,ICICIBANK.NS,LT.NS,0.6632925961840637
2024-06-13,ICICIBANK.NS,LT.NS,0.6591817540537817
2024-06-14,ICICIBANK.NS,LT.NS,0.6633800243072333
2024-06-18,ICICIBANK.NS,LT.NS,0.6593355596349338
2024-06-19,ICICIBANK.NS,LT.NS,0.6235428003794709
2024-06-20,ICICIBANK.NS,LT.NS,0.6283831599456584
2024-06-21,ICICIBANK.NS,LT.NS,0.625472633225686
2024-06-24,ICICIBANK.NS,LT.NS,0.6278341145637224
2024-06-25,ICICIBANK.NS,LT.NS,0.6295359228407323
2024-06-26,ICICIBANK.NS,LT.NS,0.6355401101607507
2024-06-27,ICICIBANK.NS,LT.NS,0.6365882945353767
2024-06-28,ICICIBANK.NS,LT.NS,0.6316648110257505
2024-07-01,ICICIBANK.NS,LT.NS,0.6288065927844494
2024-07-02,ICICIBANK.NS,LT.NS,0.5920019023455089
2024-07-03,ICICIBANK.NS,LT.NS,0.5894807787220033
2024-07-04,ICICIBANK.NS,LT.NS,0.5682416297433381
2024-07-05,ICICIBANK.NS,LT.NS,0.5677150166253666
2024-07-08,ICICIBANK.NS,LT.NS,0.5693489856762619
2024-07-09,ICICIBANK.NS,LT.NS,0.5791006101045684
2024-07-10,ICICIBANK.NS,LT.NS,0.5800065022923143
2024-07-11,ICICIBANK.NS,LT.NS,0.5795178153355407
2024-07-12,ICICIBANK.NS,LT.NS,0.5680100105795652
2024-07-15,ICICIBANK.NS,LT.NS,0.563662284947845
2024-07-16,ICICIBANK.NS,LT.NS,0.5656849942721099
2024-07-18,ICICIBANK.NS,LT.NS,0.5718084735407977
2024-07-19,ICICIBANK.NS,LT.NS,0.56487900880067
2024-07-22,ICICIBANK.NS,LT.NS,0.5599374301876179
2024-07-23,ICICIBANK.NS,LT.NS,0.566463721862107
2024-07-24,ICICIBANK.NS,LT.NS,0.5674920707366704
2024-07-25,ICICIBANK.NS,LT.NS,0.524749986089786
2024-07-26,ICICIBANK.NS,LT.NS,0.548809387189305
2024-07-29,ICICIBANK.NS,LT.NS,0.5455294401698716
2024-07-30,ICICIBANK.NS,LT.NS,0.547252001042944
2024-07-31,ICICIBANK.NS,LT.NS,0.5560903047139938
2024-08-01,ICICIBANK.NS,LT.NS,0.5599747047424318
2024-08-02,ICICIBANK.NS,LT.NS,0.5637772875048884
2024-08-05,ICICIBANK.NS,LT.NS,0.5886235054019084
2024-08-06,ICICIBANK.NS,LT.NS,0.5973599900620521
2024-08-07,ICICIBANK.NS,LT.NS,0.5977766147771715
2024-08-08,ICICIBANK.NS,LT.NS,0.5993202938116332
2024-08-09,ICICIBANK.NS,LT.NS,0.6150045774626446
2024-08-12,ICICIBANK.NS,LT.NS,0.610035796729772
2024-08-13,ICICIBANK.NS,LT.NS,0.6096973367762618
2024-08-14,ICICIBANK.NS,LT.NS,0.6095065075946106
2024-08-16,ICICIBANK.NS,LT.NS,0.6058247540180747
2024-08-19,ICICIBANK.NS,LT.NS,0.6099791024979786
2024-08-20,ICICIBANK.NS,LT.NS,0.5975932996371376
2024-08-21,ICICIBANK.NS,LT.NS,0.5983278945110495
2024-08-22,ICICIBANK.NS,LT.NS,0.5981136519949112
2024-08-23,ICICIBANK.NS,LT.NS,0.5959518131733714
2024-08-26,ICICIBANK.NS,LT.NS,0.6019018346810643
2024-08-27,ICICIBANK.NS,LT.NS,0.6063417986571162
2024-08-28,ICICIBANK.NS,LT.NS,0.6058675708125277
2024-08-29,ICICIBANK.NS,LT.NS,0.5652090431948622
2024-08-30,ICICIBANK.NS,LT.NS,0.09919914459473761
2024-09-02,ICICIBANK.NS,LT.NS,0.10806856698451477
2024-09-03,ICICIBANK.NS,LT.NS,0.1106162183660317
2024-09-04,ICICIBANK.NS,LT.NS,0.11266640051390221
2024-09-05,ICICIBANK.NS,LT.NS,0.11433300583853251
2024-09-06,ICICIBANK.NS,LT.NS,0.16004282221106914
2024-09-09,ICICIBANK.NS,LT.NS,0.15848748501580254
2024-09-10,ICICIBANK.NS,LT.NS,0.19316291894286383
2024-09-11,ICICIBANK.NS,LT.NS,0.19462543445969396
2024-09-12,ICICIBANK.NS,LT.NS,0.21847457848392543
2024-09-13,ICICIBANK.NS,LT.NS,0.2866205928716953
2024-09-16,ICICIBANK.NS,LT.NS,0.28917068121873457
2024-09-17,ICICIBANK.NS,LT.NS,0.2943477695539019
2024-09-18,ICICIBANK.NS,LT.NS,0.3065134670761769
2024-09-19,ICICIBANK.NS,LT.NS,0.27619858249885204
2024-09-20,ICICIBANK.NS,LT.NS,0.35141082489125386
2024-09-23,ICICIBANK.NS,LT.NS,0.3527057365321156
2024-09-24,ICICIBANK.NS,LT.NS,0.349541311746219
2024-09-25,ICICIBANK.NS,LT.NS,0.35886540619259594
2024-09-26,ICICIBANK.NS,LT.NS,0.4399810633601477
2024-09-27,ICICIBANK.NS,LT.NS,0.4628621694412805
2024-09-30,ICICIBANK.NS,LT.NS,0.5212476725080151
2024-10-01,ICICIBANK.NS,LT.NS,0.5259761869167446
2024-10-03,ICICIBANK.NS,LT.NS,0.5444253921851695
2024-10-04,ICICIBANK.NS,LT.NS,0.5337041450629418
2024-10-07,ICICIBANK.NS,LT.NS,0.5345650693167128
2024-10-08,ICICIBANK.NS,LT.NS,0.5294636618297385
2024-10-09,ICICIBANK.NS,LT.NS,0.5239566252847702
2024-10-10,ICICIBANK.NS,LT.NS,0.5242540310439218
2024-10-11,ICICIBANK.NS,LT.NS,0.5068594294482263
2024-10-14,ICICIBANK.NS,LT.NS,0.5096558349132363
2024-10-15,ICICIBANK.NS,LT.NS,0.49732275067804554
2024-10-16,ICICIBANK.NS,LT.NS,0.5073550547406492
2024-10-17,ICICIBANK.NS,LT.NS,0.4783476311386339
2024-10-18,ICICIBANK.NS,LT.NS,0.4623215576220802
2024-10-21,ICICIBANK.NS,LT.NS,0.5512359378807449
2024-10-22,ICICIBANK.NS,LT.NS,0.5254245561369059
2024-10-23,ICICIBANK.NS,LT.NS,0.5424980785289527
2024-10-24,ICICIBANK.NS,LT.NS,0.5445440231797836
2024-10-25,ICICIBANK.NS,LT.NS,0.5153918355113981
2024-10-28,ICICIBANK.NS,LT.NS,0.5068634629364224
2024-10-29,ICICIBANK.NS,LT.NS,0.5054534417944148
2024-10-30,ICICIBANK.NS,LT.NS,0.44449186299247834
2024-10-31,ICICIBANK.NS,LT.NS,0.29016231365196377
2024-11-01,ICICIBANK.NS,LT.NS,0.28885793568104484
2024-11-04,ICICIBANK.NS,LT.NS,0.29026588992763863
2024-11-05,ICICIBANK.NS,LT.NS,0.28531015741689586
2024-11-06,ICICIBANK.NS,LT.NS,0.29038081231882296
2024-11-07,ICICIBANK.NS,LT.NS,0.2831809912874794
2024-11-08,ICICIBANK.NS,LT.NS,0.27399224317283094
2024-11-11,ICICIBANK.NS,LT.NS,0.26251599966654393
2024-11-12,ICICIBANK.NS,LT.NS,0.2595559143589947
2024-11-13,ICICIBANK.NS,LT.NS,0.2699389831064026
2024-11-14,ICICIBANK.NS,LT.NS,0.27242088769292255
2024-11-18,ICICIBANK.NS,LT.NS,0.2693626012009726
2024-11-19,ICICIBANK.NS,LT.NS,0.2745819166711717
2024-11-21,ICICIBANK.NS,LT.NS,0.26832252025529185
2024-11-22,ICICIBANK.NS,LT.NS,0.3014783362705652
2024-11-25,ICICIBANK.NS,LT.NS,0.33382437058759135
2024-11-26,ICICIBANK.NS,LT.NS,0.3296184086784672
2024-11-27,ICICIBANK.NS,LT.NS,0.32834219434105494
2024-11-28,ICICIBANK.NS,LT.NS,0.33355823054345074
2024-11-29,ICICIBANK.NS,LT.NS,0.3422967347357862
2024-12-02,ICICIBANK.NS,LT.NS,0.3352825511514256
2024-12-03,ICICIBANK.NS,LT.NS,0.3333900161512162
2024-12-04,ICICIBANK.NS,LT.NS,0.3176924702076554
2024-12-05,ICICIBANK.NS,LT.NS,0.331425350419576
2024-12-06,ICICIBANK.NS,LT.NS,0.3256622061876372
2024-12-09,ICICIBANK.NS,LT.NS,0.31301527000880086
2024-12-10,ICICIBANK.NS,LT.NS,0.29555971257144337
2024-12-11,ICICIBANK.NS,LT.NS,0.2955669131520053
2024-12-12,ICICIBANK.NS,LT.NS,0.2868507618151149
2024-12-13,ICICIBANK.NS,LT.NS,0.2886399898742792
2024-12-16,ICICIBANK.NS,LT.NS,0.282294667740059
2024-12-17,ICICIBANK.NS,LT.NS,0.29621504424113126
2024-12-18,ICICIBANK.NS,LT.NS,0.24769970489302398
2024-12-19,ICICIBANK.NS,LT.NS,0.2601490099681135
2024-12-20,ICICIBANK.NS,LT.NS,0.2535134832810761
2024-12-23,ICICIBANK.NS,LT.NS,0.25457303781388324
2024-12-24,ICICIBANK.NS,LT.NS,0.25801971368922644
2024-12-26,ICICIBANK.NS,LT.NS,0.2432327340134275
2024-12-27,ICICIBANK.NS,LT.NS,0.230896476968772
2024-12-30,ICICIBANK.NS,LT.NS,0.23652791384596297
2024-12-31,ICICIBANK.NS,LT.NS,0.18763688423289165
2025-01-01,ICICIBANK.NS,LT.NS,0.18743105020464662
2025-01-02,ICICIBANK.NS,LT.NS,0.18785093095791588
2025-01-03,ICICIBANK.NS,LT.NS,0.20934662477789687
2025-01-06,ICICIBANK.NS,LT.NS,0.21774757218566865
2025-01-07,ICICIBANK.NS,LT.NS,0.22562581130130002
2025-01-08,ICICIBANK.NS,LT.NS,0.25015656153253274
2025-01-09,ICICIBANK.NS,LT.NS,0.24185311535539178
2025-01-10,ICICIBANK.NS,LT.NS,0.2451068326905771
2025-01-13,ICICIBANK.NS,LT.NS,0.2638001433688905
2025-01-14,ICICIBANK.NS,LT.NS,0.2743837627755919
2025-01-15,ICICIBANK.NS,LT.NS,0.2785003787023278
2025-01-16,ICICIBANK.NS,LT.NS,0.2800052537869419
2025-01-17,ICICIBANK.NS,LT.NS,0.2595976683651034
2025-01-20,ICICIBANK.NS,LT.NS,0.2483520267341097
2025-01-21,ICICIBANK.NS,LT.NS,0.27324168187971976
2025-01-22,ICICIBANK.NS,LT.NS,0.2899607222110911
2025-01-23,ICICIBANK.NS,LT.NS,0.2961668523792947
2025-01-24,ICICIBANK.NS,LT.NS,0.2686258917311443
2025-01-27,ICICIBANK.NS,LT.NS,0.27674794988229323
2025-01-28,ICICIBANK.NS,LT.NS,0.40596544337943374
2025-01-29,ICICIBANK.NS,LT.NS,0.40870935427374594
2025-01-30,ICICIBANK.NS,LT.NS,0.3934856451926627
2025-01-31,ICICIBANK.NS,LT.NS,0.35932215786507066
2025-02-01,ICICIBANK.NS,LT.NS,0.32929765956688656
2025-02-03,ICICIBANK.NS,LT.NS,0.3242979966874964
2025-02-04,ICICIBANK.NS,LT.NS,0.36858459014401634
2025-02-05,ICICIBANK.NS,LT.NS,0.3755752293394376
2025-02-06,ICICIBANK.NS,LT.NS,0.3734756049805727
2025-02-07,ICICIBANK.NS,LT.NS,0.36546898196946664
2025-02-10,ICICIBANK.NS,LT.NS,0.3659112530914799
2025-02-11,ICICIBANK.NS,LT.NS,0.3787579813243773
2025-02-12,ICICIBANK.NS,LT.NS,0.37271431113819997
2025-02-13,ICICIBANK.NS,LT.NS,0.3745422565108424
2025-02-14,ICICIBANK.NS,LT.NS,0.3146807126337281
2025-02-17,ICICIBANK.NS,LT.NS,0.25610727286806356
2025-02-18,ICICIBANK.NS,LT.NS,0.2602191003906553
2025-02-19,ICICIBANK.NS,LT.NS,0.2844833504124117
2025-02-20,ICICIBANK.NS,LT.NS,0.27600097634215176
2025-02-21,ICICIBANK.NS,LT.NS,0.23484147857642262
2025-02-24,ICICIBANK.NS,LT.NS,0.2507769996743212
2025-02-25,ICICIBANK.NS,LT.NS,0.23972061777302914
2025-02-27,ICICIBANK.NS,LT.NS,0.2382928688990124
2025-02-28,ICICIBANK.NS,LT.NS,0.23207099509047638
2025-03-03,ICICIBANK.NS,LT.NS,0.24261824064190654
2025-03-04,ICICIBANK.NS,LT.NS,0.26029711773674097
2025-03-05,ICICIBANK.NS,LT.NS,0.26970005340433595
2025-03-06,ICICIBANK.NS,LT.NS,0.2722391294085211
2025-03-07,ICICIBANK.NS,LT.NS,0.2775282381364372
2025-03-10,ICICIBANK.NS,LT.NS,0.26113120402744094
2025-03-11,ICICIBANK.NS,LT.NS,0.26968301103678455
2025-03-12,ICICIBANK.NS,LT.NS,0.26012089413230577
2025-03-13,ICICIBANK.NS,LT.NS,0.2496162218653871
2025-03-17,ICICIBANK.NS,LT.NS,0.23142657608340425
2025-03-18,ICICIBANK.NS,LT.NS,0.23841435596015456
2025-03-19,ICICIBANK.NS,LT.NS,0.3569191108492692
2025-03-20,ICICIBANK.NS,LT.NS,0.36102010871710777
2025-03-21,ICICIBANK.NS,LT.NS,0.37972511364491457
2025-03-24,ICICIBANK.NS,LT.NS,0.39643873784496453
2025-03-25,ICICIBANK.NS,LT.NS,0.3924140014459034
2025-03-26,ICICIBANK.NS,LT.NS,0.40705245800838896
2025-03-27,ICICIBANK.NS,LT.NS,0.40554460058301406
2025-03-28,ICICIBANK.NS,LT.NS,0.39944373916998377
2025-04-01,ICICIBANK.NS,LT.NS,0.4020823360068532
2025-04-02,ICICIBANK.NS,LT.NS,0.39703423497901663
2025-04-03,ICICIBANK.NS,LT.NS,0.3895920917310235
2025-04-04,ICICIBANK.NS,LT.NS,0.34485658993516044
2025-04-07,ICICIBANK.NS,LT.NS,0.44681312123412953
2025-04-08,ICICIBANK.NS,LT.NS,0.4616626502699061
2025-04-09,ICICIBANK.NS,LT.NS,0.43997787435759916
2025-04-11,ICICIBANK.NS,LT.NS,0.44650819112915074
2025-04-15,ICICIBANK.NS,LT.NS,0.49889306161563673
2025-04-16,ICICIBANK.NS,LT.NS,0.49644175052670386
2025-04-17,ICICIBANK.NS,LT.NS,0.5196850589022122
2025-04-21,ICICIBANK.NS,LT.NS,0.5172900870025235
2025-04-22,ICICIBANK.NS,LT.NS,0.5193049734029951
2025-04-23,ICICIBANK.NS,LT.NS,0.5201380427864554
2025-04-24,ICICIBANK.NS,LT.NS,0.5096175744281463
2025-04-25,ICICIBANK.NS,LT.NS,0.5142929250932022
2025-04-28,ICICIBANK.NS,LT.NS,0.5263485553790006
2025-04-29,ICICIBANK.NS,LT.NS,0.5436332425970586
2025-04-30,ICICIBANK.NS,LT.NS,0.541244974136868
2025-05-02,ICICIBANK.NS,LT.NS,0.5424433080565663
2025-05-05,ICICIBANK.NS,LT.NS,0.5782318224890216
2025-05-06,ICICIBANK.NS,LT.NS,0.5919555400902926
2025-05-07,ICICIBANK.NS,LT.NS,0.6077684808596119
2025-05-08,ICICIBANK.NS,LT.NS,0.6093298929227645
2025-05-09,ICICIBANK.NS,LT.NS,0.46310283279736675
2025-05-12,ICICIBANK.NS,LT.NS,0.521113500224521
2025-05-13,ICICIBANK.NS,LT.NS,0.521775200043056
2025-05-14,ICICIBANK.NS,LT.NS,0.5218972232858456
2025-05-15,ICICIBANK.NS,LT.NS,0.5199748224655073
2025-05-16,ICICIBANK.NS,LT.NS,0.5253585636612138
2025-05-19,ICICIBANK.NS,LT.NS,0.5242801120184446
2025-05-20,ICICIBANK.NS,LT.NS,0.5339823507528022
2025-05-21,ICICIBANK.NS,LT.NS,0.5326623451686127
2025-05-22,ICICIBANK.NS,LT.NS,0.5341973460920283
2025-05-23,ICICIBANK.NS,LT.NS,0.5283259888197268
2025-05-26,ICICIBANK.NS,LT.NS,0.5315504070317053
2025-05-27,ICICIBANK.NS,LT.NS,0.5500077800254014
2025-05-28,ICICIBANK.NS,LT.NS,0.5411429179399375
2025-05-29,ICICIBANK.NS,LT.NS,0.544583671109638
2025-05-30,ICICIBANK.NS,LT.NS,0.5387190086692593
2025-06-02,ICICIBANK.NS,LT.NS,0.5295773011264243
2025-06-03,ICICIBANK.NS,LT.NS,0.5301018857427261
2025-06-04,ICICIBANK.NS,LT.NS,0.5318838915040087
2025-06-05,ICICIBANK.NS,LT.NS,0.5293690827103789
2025-06-06,ICICIBANK.NS,LT.NS,0.5299440214775836
2025-06-09,ICICIBANK.NS,LT.NS,0.5138724635819187
2025-06-10,ICICIBANK.NS,LT.NS,0.5164512131016388
2025-06-11,ICICIBANK.NS,LT.NS,0.5231272796906842
2025-06-12,ICICIBANK.NS,LT.NS,0.5243016598741196
2025-06-13,ICICIBANK.NS,LT.NS,0.5271852209975867
2025-06-16,ICICIBANK.NS,LT.NS,0.5395152816222347
2025-06-17,ICICIBANK.NS,LT.NS,0.5399409596627126
2025-06-18,ICICIBANK.NS,LT.NS,0.49122348817308115
2025-06-19,ICICIBANK.NS,LT.NS,0.4886602031274155
2025-06-20,ICICIBANK.NS,LT.NS,0.481806631801768
2025-06-23,ICICIBANK.NS,LT.NS,0.4768039692093851
2025-06-24,ICICIBANK.NS,LT.NS,0.47668144633084636
2025-06-25,ICICIBANK.NS,LT.NS,0.4742660013021602
2025-06-26,ICICIBANK.NS,LT.NS,0.4817419797032941
2025-06-27,ICICIBANK.NS,LT.NS,0.48476778649734853
2025-06-30,ICICIBANK.NS,LT.NS,0.4704214155753925
2025-07-01,ICICIBANK.NS,LT.NS,0.4757740658467117
2025-07-02,ICICIBANK.NS,LT.NS,0.4761168661761703
2025-07-03,ICICIBANK.NS,LT.NS,0.526418355287125
2025-07-04,ICICIBANK.NS,LT.NS,0.4166055601531523
2025-07-07,ICICIBANK.NS,LT.NS,0.4129625159044271
2025-07-08,ICICIBANK.NS,LT.NS,0.4395541952522217
2025-07-09,ICICIBANK.NS,LT.NS,0.44052904749530397
2025-07-10,ICICIBANK.NS,LT.NS,0.3544479474027663
2025-07-11,ICICIBANK.NS,LT.NS,0.3639516742140015
2025-07-14,ICICIBANK.NS,LT.NS,0.37001109025718
2025-07-15,ICICIBANK.NS,LT.NS,0.3672289723183515
2025-07-16,ICICIBANK.NS,LT.NS,0.37431168710750234
2025-07-17,ICICIBANK.NS,LT.NS,0.3737385010462741
2025-07-18,ICICIBANK.NS,LT.NS,0.37427615190857966
2025-07-21,ICICIBANK.NS,LT.NS,0.3942193070217131
2025-07-22,ICICIBANK.NS,LT.NS,0.3569111817259172
2025-07-23,ICICIBANK.NS,LT.NS,0.3610659082276711
2025-07-24,ICICIBANK.NS,LT.NS,0.3649582261227858
2025-07-25,ICICIBANK.NS,LT.NS,0.36985532074428634
2025-07-28,ICICIBANK.NS,LT.NS,0.3601174402805409
2025-07-29,ICICIBANK.NS,LT.NS,0.342645820140481
2025-07-30,ICICIBANK.NS,LT.NS,0.2821573655529131
2025-07-31,ICICIBANK.NS,LT.NS,0.28221157798584384
2025-08-01,ICICIBANK.NS,LT.NS,0.5069442344532743
2025-08-04,ICICIBANK.NS,LT.NS,0.32809373123445945
2025-08-05,ICICIBANK.NS,LT.NS,0.29956781381833936
2025-08-06,ICICIBANK.NS,LT.NS,0.300655746708031
2025-08-07,ICICIBANK.NS,LT.NS,0.27191337206651867
2025-08-08,ICICIBANK.NS,LT.NS,0.2777264849204868
2025-08-11,ICICIBANK.NS,LT.NS,0.273830670493203
2025-08-12,ICICIBANK.NS,LT.NS,0.261034140541784
2025-08-13,ICICIBANK.NS,LT.NS,0.25728620355024334
2025-08-14,ICICIBANK.NS,LT.NS,0.2496864576770879
2025-08-18,ICICIBANK.NS,LT.NS,0.22399211114570963
2025-08-19,ICICIBANK.NS,LT.NS,0.20598951601051288
2025-08-20,ICICIBANK.NS,LT.NS,0.20769704785575457
2025-08-21,ICICIBANK.NS,LT.NS,0.21511896472611922
2025-08-22,ICICIBANK.NS,LT.NS,0.21893903969046796
2025-08-25,ICICIBANK.NS,LT.NS,0.22806448651631922
2025-08-26,ICICIBANK.NS,LT.NS,0.2566427703198668
2025-08-28,ICICIBANK.NS,LT.NS,0.24048645312731254
2025-08-29,ICICIBANK.NS,LT.NS,0.23355312183555907
2025-09-01,ICICIBANK.NS,LT.NS,0.22375428067416353
2025-09-02,ICICIBANK.NS,LT.NS,0.23081384486337894
2025-09-03,ICICIBANK.NS,LT.NS,0.2649712344551507
2025-09-04,ICICIBANK.NS,LT.NS,0.264413400074671
2025-09-05,ICICIBANK.NS,LT.NS,0.26540431841266066
2025-09-08,ICICIBANK.NS,LT.NS,0.25638790980133197
2025-09-09,ICICIBANK.NS,LT.NS,0.25236017528241
2025-09-10,ICICIBANK.NS,LT.NS,0.23728455077083319
2025-09-11,ICICIBANK.NS,LT.NS,0.23742314749430166
2025-09-12,ICICIBANK.NS,LT.NS,0.25177523944108665
2025-09-15,ICICIBANK.NS,LT.NS,0.2539860249963853
2025-09-16,ICICIBANK.NS,LT.NS,0.2324128404536088
2025-09-17,ICICIBANK.NS,LT.NS,0.21559140357830847
2025-09-18,ICICIBANK.NS,LT.NS,0.21296162161017623
2025-09-19,ICICIBANK.NS,LT.NS,0.21534364479121368
2025-09-22,ICICIBANK.NS,LT.NS,0.19757405666320776
2025-09-23,ICICIBANK.NS,LT.NS,0.1824410564439481
2025-09-24,ICICIBANK.NS,LT.NS,0.17020338688975828
2025-09-25,ICICIBANK.NS,LT.NS,0.17746695523194936
2025-09-26,ICICIBANK.NS,LT.NS,0.1058680871032471
2025-09-29,ICICIBANK.NS,LT.NS,0.12265269418643264
2025-09-30,ICICIBANK.NS,LT.NS,0.11612799762860988
2025-10-01,ICICIBANK.NS,LT.NS,0.11696198796875565
2025-10-03,ICICIBANK.NS,LT.NS,0.09408387609547532
2025-10-06,ICICIBANK.NS,LT.NS,0.08448344227200885
2025-10-07,ICICIBANK.NS,LT.NS,0.07595929122742177
2025-10-08,ICICIBANK.NS,LT.NS,0.0746310487075881
2025-10-09,ICICIBANK.NS,LT.NS,0.08756277660241413
2025-10-10,ICICIBANK.NS,LT.NS,0.09198816163069873
2025-10-13,ICICIBANK.NS,LT.NS,0.09298155077089341
2025-10-14,ICICIBANK.NS,LT.NS,0.07684169470188192
2025-10-15,ICICIBANK.NS,LT.NS,0.12222875738170917
2025-10-16,ICICIBANK.NS,LT.NS,0.09878893564431339
2025-10-17,ICICIBANK.NS,LT.NS,0.08934730402962086
2025-10-20,ICICIBANK.NS,LT.NS,0.028659298630423154
2025-10-21,ICICIBANK.NS,LT.NS,0.02473457833736552
2025-10-23,ICICIBANK.NS,LT.NS,0.004317821310329893
2025-10-24,ICICIBANK.NS,LT.NS,0.005570315091286693
2025-10-27,ICICIBANK.NS,LT.NS,0.007594985212881449
2025-10-28,ICICIBANK.NS,LT.NS,0.0008345908534569629
2025-10-29,ICICIBANK.NS,LT.NS,-0.005654175553004198
2025-10-30,ICICIBANK.NS,LT.NS,-0.031246601939081544
2025-10-31,ICICIBANK.NS,LT.NS,-0.04375218944916295
2025-11-03,ICICIBANK.NS,LT.NS,-0.03839323930693588
2025-11-04,ICICIBANK.NS,LT.NS,-0.015967021093455856
2025-11-06,ICICIBANK.NS,LT.NS,0.01425663917990539
2025-11-07,ICICIBANK.NS,LT.NS,0.005931178674904966
2025-11-10,ICICIBANK.NS,LT.NS,0.009328245854691272
2025-11-11,ICICIBANK.NS,LT.NS,0.025044162745976033
2025-11-12,ICICIBANK.NS,LT.NS,0.02474545054821807
2025-11-13,ICICIBANK.NS,LT.NS,0.07395552191176762
2025-11-14,ICICIBANK.NS,LT.NS,0.09181138991912298
2025-11-17,ICICIBANK.NS,LT.NS,0.09917623110529335
2025-11-18,ICICIBANK.NS,LT.NS,0.09996789160059173
2025-11-19,ICICIBANK.NS,LT.NS,0.09678276763536058
2025-11-20,ICICIBANK.NS,LT.NS,0.08969321065430624
2025-11-21,ICICIBANK.NS,LT.NS,0.098131754607477
2025-11-24,ICICIBANK.NS,LT.NS,0.05821470750018583
2025-11-25,ICICIBANK.NS,LT.NS,0.07660538256552835
2025-11-26,ICICIBANK.NS,LT.NS,0.11461955687687742
2025-11-27,ICICIBANK.NS,LT.NS,0.12656094315022137
2025-11-28,ICICIBANK.NS,LT.NS,0.10967180170428315
2025-12-01,ICICIBANK.NS,LT.NS,0.10753239938851798
2025-12-02,ICICIBANK.NS,LT.NS,0.14180947322194598
2025-12-03,ICICIBANK.NS,LT.NS,0.100032896132795
2025-12-04,ICICIBANK.NS,LT.NS,0.10288336605107619
2025-12-05,ICICIBANK.NS,LT.NS,0.11197378033272161
2025-12-08,ICICIBANK.NS,LT.NS,0.11503946676493297
2025-12-09,ICICIBANK.NS,LT.NS,0.1165056568055641
2025-12-10,ICICIBANK.NS,LT.NS,0.10149623407133086
2025-12-11,ICICIBANK.NS,LT.NS,0.10098020694251643
2025-12-12,ICICIBANK.NS,LT.NS,0.10977460331324168
2025-12-15,ICICIBANK.NS,LT.NS,0.11049651715559158
2025-12-16,ICICIBANK.NS,LT.NS,0.1082987533730254
2025-12-17,ICICIBANK.NS,LT.NS,0.10097904711035943
2025-12-18,ICICIBANK.NS,LT.NS,0.09374003110088464
2025-12-19,ICICIBANK.NS,LT.NS,0.09218141580436605
2025-12-22,ICICIBANK.NS,LT.NS,0.09144695797978679
2025-12-23,ICICIBANK.NS,LT.NS,0.08655058697996452
2025-12-24,ICICIBANK.NS,LT.NS,0.14987951257865464
2025-12-26,ICICIBANK.NS,LT.NS,0.1339566499730717
2025-12-29,ICICIBANK.NS,LT.NS,0.13920184260575294
2025-12-30,ICICIBANK.NS,LT.NS,0.13771635986176842
2025-12-31,ICICIBANK.NS,LT.NS,0.16006665147272436
2026-01-01,ICICIBANK.NS,LT.NS,0.14671866146568666
2026-01-02,ICICIBANK.NS,LT.NS,0.16518369773079683
2026-01-05,ICICIBANK.NS,LT.NS,0.14739287520163508
2026-01-06,ICICIBANK.NS,LT.NS,0.10530408544957542
2026-01-07,ICICIBANK.NS,LT.NS,0.10863312210377654
2026-01-08,ICICIBANK.NS,LT.NS,0.0678626585662975
2026-01-09,ICICIBANK.NS,LT.NS,0.0778330308366608
2026-01-12,ICICIBANK.NS,LT.NS,0.03770259711698649
2026-01-13,ICICIBANK.NS,LT.NS,-0.07965726518457426
2026-01-14,ICICIBANK.NS,LT.NS,-0.053215590785295405
2026-01-15,ICICIBANK.NS,LT.NS,-0.006220926112612345
2026-01-16,ICICIBANK.NS,LT.NS,0.0012056544369446062
2026-01-19,ICICIBANK.NS,LT.NS,0.006692155986281045
2026-01-20,ICICIBANK.NS,LT.NS,0.022556235807113637
2026-01-21,ICICIBANK.NS,LT.NS,0.0590090318602885
2026-01-22,ICICIBANK.NS,LT.NS,0.08096308125917766
2026-01-23,ICICIBANK.NS,LT.NS,0.08585712686590952
2026-01-27,ICICIBANK.NS,LT.NS,0.12170443649455809
2026-01-28,ICICIBANK.NS,LT.NS,0.15317910559666123
2026-01-29,ICICIBANK.NS,LT.NS,0.20342054471470733
2026-01-30,ICICIBANK.NS,LT.NS,0.18424098806740186
2026-02-02,ICICIBANK.NS,LT.NS,0.1668139687433293
2026-02-03,ICICIBANK.NS,LT.NS,0.26535341440645216
2026-02-04,ICICIBANK.NS,LT.NS,0.278035006096363
2026-02-05,ICICIBANK.NS,LT.NS,0.2777249018700763
2026-02-06,ICICIBANK.NS,LT.NS,0.27749969839300537
2026-02-09,ICICIBANK.NS,LT.NS,0.2405437306581869
2026-02-10,ICICIBANK.NS,LT.NS,0.25135493195293834
2026-02-11,ICICIBANK.NS,LT.NS,0.24920121151843197
2026-02-12,ICICIBANK.NS,LT.NS,0.24733034721348385
2026-02-13,ICICIBANK.NS,LT.NS,0.24775837124469396
2026-02-16,ICICIBANK.NS,LT.NS,0.2454345259058881
2026-02-17,ICICIBANK.NS,LT.NS,0.22825637417440542
2026-02-18,ICICIBANK.NS,LT.NS,0.22638921868031756
2026-02-19,ICICIBANK.NS,LT.NS,0.2393693803743517
2026-02-20,ICICIBANK.NS,LT.NS,0.22393910206191667
2026-02-23,ICICIBANK.NS,LT.NS,0.2232874616703602
2026-02-24,ICICIBANK.NS,LT.NS,0.25262390512261806
2026-02-25,ICICIBANK.NS,LT.NS,0.2609570352379323
2026-02-26,ICICIBANK.NS,LT.NS,0.24587190984243937
2026-02-27,ICICIBANK.NS,LT.NS,0.27117172264697464
2026-03-02,ICICIBANK.NS,LT.NS,0.2590404675680706
2026-03-04,ICICIBANK.NS,LT.NS,0.2626477884186737
2026-03-05,ICICIBANK.NS,LT.NS,0.2256243148235322
2026-03-06,ICICIBANK.NS,LT.NS,0.2724847833101836
2026-03-09,ICICIBANK.NS,LT.NS,0.31490615571881625
2026-03-10,ICICIBANK.NS,LT.NS,0.32243565192915286
2026-03-11,ICICIBANK.NS,LT.NS,0.32423171111355853
2026-03-12,ICICIBANK.NS,LT.NS,0.3567595835323506
2026-03-13,ICICIBANK.NS,LT.NS,0.35047348226255953
2026-03-16,ICICIBANK.NS,LT.NS,0.35966449435138903
2026-03-17,ICICIBANK.NS,LT.NS,0.37456230744441144
2026-03-18,ICICIBANK.NS,LT.NS,0.3751050037219279
2026-03-19,ICICIBANK.NS,LT.NS,0.42668515731605033
2026-03-20,ICICIBANK.NS,LT.NS,0.42615963607408114
2026-03-23,ICICIBANK.NS,LT.NS,0.43981678484290204
2026-03-24,ICICIBANK.NS,LT.NS,0.47977574309708493
2026-03-25,ICICIBANK.NS,LT.NS,0.48282925095749346
2026-03-27,ICICIBANK.NS,LT.NS,0.4934178763381971
2026-03-30,ICICIBANK.NS,LT.NS,0.49855929200994553
2026-04-01,ICICIBANK.NS,LT.NS,0.504847284601973
2026-04-02,ICICIBANK.NS,LT.NS,0.5043449812820258
2026-04-06,ICICIBANK.NS,LT.NS,0.5200903649573545
2026-04-07,ICICIBANK.NS,LT.NS,0.5385740203134848
2026-04-08,ICICIBANK.NS,LT.NS,0.6179538750310648
2026-04-09,ICICIBANK.NS,LT.NS,0.643347597658168
2026-04-10,ICICIBANK.NS,LT.NS,0.6482195651310557
2026-04-13,ICICIBANK.NS,LT.NS,0.6375465798364897
2026-04-15,ICICIBANK.NS,LT.NS,0.6678344666446726
2026-04-16,ICICIBANK.NS,LT.NS,0.6668263986921299
2026-04-17,ICICIBANK.NS,LT.NS,0.6659021900155995
2026-04-20,ICICIBANK.NS,LT.NS,0.6594563919148045
2026-04-21,ICICIBANK.NS,LT.NS,0.6634745106888273
2026-04-22,ICICIBANK.NS,LT.NS,0.665906654654567
2026-04-23,ICICIBANK.NS,LT.NS,0.6563786060202893
2026-04-24,ICICIBANK.NS,LT.NS,0.6582283871283104
2026-04-27,ICICIBANK.NS,LT.NS,0.6540010458191607
2026-04-28,ICICIBANK.NS,LT.NS,0.6509717167606979
2026-04-29,ICICIBANK.NS,LT.NS,0.6449513643491196
2026-04-30,ICICIBANK.NS,LT.NS,0.6442792889991212
2026-05-01,ICICIBANK.NS,LT.NS,0.6513559308259985
2026-05-04,ICICIBANK.NS,LT.NS,0.6525393503692083
2026-05-05,ICICIBANK.NS,LT.NS,0.6440828536754343
2026-05-06,ICICIBANK.NS,LT.NS,0.6177717483611825
2026-05-07,ICICIBANK.NS,LT.NS,0.6173547895315428
2026-05-08,ICICIBANK.NS,LT.NS,0.6201488030601813
2026-05-11,ICICIBANK.NS,LT.NS,0.6226459043784076
2026-05-12,ICICIBANK.NS,LT.NS,0.6260131718269397
2026-05-13,ICICIBANK.NS,LT.NS,0.6225835227309693
2026-05-14,ICICIBANK.NS,LT.NS,0.6270248612548447
2026-05-15,ICICIBANK.NS,LT.NS,0.6271327161390825
2026-05-18,ICICIBANK.NS,LT.NS,0.6273997363173182
2026-05-19,ICICIBANK.NS,LT.NS,0.6300767299015565
2026-05-20,ICICIBANK.NS,LT.NS,0.6301800688443548
2026-05-21,ICICIBANK.NS,LT.NS,0.6296483415380953
2026-05-22,ICICIBANK.NS,LT.NS,0.6295847057208761
2026-05-25,ICICIBANK.NS,LT.NS,0.6383219037492065
2026-05-26,ICICIBANK.NS,LT.NS,0.6351642025457399
2026-05-27,ICICIBANK.NS,LT.NS,0.633305639890338
2026-05-28,ICICIBANK.NS,LT.NS,0.6341999586953999
2026-05-29,ICICIBANK.NS,LT.NS,0.6323293341346508
2026-06-01,ICICIBANK.NS,LT.NS,0.6530129924592099
2026-06-02,ICICIBANK.NS,LT.NS,0.6643668274811697
2026-06-03,ICICIBANK.NS,LT.NS,0.6753214366733236
2026-06-04,ICICIBANK.NS,LT.NS,0.6670865056622259
2026-06-05,ICICIBANK.NS,LT.NS,0.6555067017496827
2026-06-08,ICICIBANK.NS,LT.NS,0.664520589884668
2026-06-09,ICICIBANK.NS,LT.NS,0.659007077514071
2026-06-10,ICICIBANK.NS,LT.NS,0.6445737937137227
2026-06-11,ICICIBANK.NS,LT.NS,0.6560655275528996
2026-06-12,ICICIBANK.NS,LT.NS,0.6632006476720427
2026-06-15,ICICIBANK.NS,LT.NS,0.632820092786648
2026-06-16,ICICIBANK.NS,LT.NS,0.6356983098980237
2026-06-17,ICICIBANK.NS,LT.NS,0.603345615199592
2026-06-18,ICICIBANK.NS,LT.NS,0.6007628935120053
2026-06-19,ICICIBANK.NS,LT.NS,0.5866138569958704
2026-06-22,ICICIBANK.NS,LT.NS,0.5631852941156188
2026-06-23,ICICIBANK.NS,LT.NS,0.5714365482961842
2026-06-24,ICICIBANK.NS,LT.NS,0.5370435214216912
2026-06-25,ICICIBANK.NS,LT.NS,0.5236441342470686
2026-06-26,ICICIBANK.NS,LT.NS,0.5288599979943929
2026-06-29,ICICIBANK.NS,LT.NS,0.5276609033692703
2026-06-30,ICICIBANK.NS,LT.NS,0.5239756919373743
2026-07-01,ICICIBANK.NS,LT.NS,0.5234826431619976
2026-07-02,ICICIBANK.NS,LT.NS,0.34118880365289783
2026-07-03,ICICIBANK.NS,LT.NS,0.28997556072902764
2026-07-06,ICICIBANK.NS,LT.NS,0.2586802953854889
2026-07-07,ICICIBANK.NS,LT.NS,0.2801031691640672
2026-07-08,ICICIBANK.NS,LT.NS,0.3515587762195047
2026-07-09,ICICIBANK.NS,LT.NS,0.3570152303207691
2026-07-10,ICICIBANK.NS,LT.NS,0.3732951795225479
2026-07-13,ICICIBANK.NS,LT.NS,0.3803382783482632
2026-07-14,ICICIBANK.NS,LT.NS,0.37289991315497917
2026-07-15,ICICIBANK.NS,LT.NS,0.3445460635659749
2026-07-16,ICICIBANK.NS,LT.NS,0.36611093540465317
2026-07-17,ICICIBANK.NS,LT.NS,0.36924306712324445
2026-07-20,ICICIBANK.NS,LT.NS,0.39098301196208474
2026-07-21,ICICIBANK.NS,LT.NS,0.3930215776807641
2026-07-22,ICICIBANK.NS,LT.NS,0.4238214508825946
2026-07-23,ICICIBANK.NS,LT.NS,0.4055404968574762
2026-07-24,ICICIBANK.NS,LT.NS,0.4059598457809575
2026-07-27,ICICIBANK.NS,LT.NS,0.41046840231696596
2026-07-28,ICICIBANK.NS,LT.NS,0.38150949510780385
2026-07-29,ICICIBANK.NS,LT.NS,0.41699702435672426
2026-07-30,ICICIBANK.NS,LT.NS,0.41680969356585484
2026-07-31,ICICIBANK.NS,LT.NS,0.40547843225062846
2026-08-03,ICICIBANK.NS,LT.NS,0.4403933860958002
2026-08-04,ICICIBANK.NS,LT.NS,0.40955624262744633
2026-08-05,ICICIBANK.NS,LT.NS,0.4090981293228232
2026-08-06,ICICIBANK.NS,LT.NS,0.40682391602560414
2026-08-07,ICICIBANK.NS,LT.NS,0.3909016712382382
2026-08-10,ICICIBANK.NS,LT.NS,0.39255107053337784
2026-08-11,ICICIBANK.NS,LT.NS,0.39789813460852663
2026-08-12,ICICIBANK.NS,LT.NS,0.3968835361173139
2026-08-13,ICICIBANK.NS,LT.NS,0.35653170508769066
2026-08-14,ICICIBANK.NS,LT.NS,0.3448151247771547
2026-08-17,ICICIBANK.NS,LT.NS,0.29834300367276656
2026-08-18,ICICIBANK.NS,LT.NS,0.3044417637100912
2026-08-19,ICICIBANK.NS,LT.NS,0.3116127227374056
2026-08-20,ICICIBANK.NS,LT.NS,0.31567879055049525
2026-08-21,ICICIBANK.NS,LT.NS,0.3354191099341437
2026-08-24,ICICIBANK.NS,LT.NS,0.3133447287242742
2026-08-25,ICICIBANK.NS,LT.NS,0.3140282992949727
2026-08-26,ICICIBANK.NS,LT.NS,0.32129998482610933
2026-08-27,ICICIBANK.NS,LT.NS,0.32044692985385076
2026-08-28,ICICIBANK.NS,LT.NS,0.304063141168999
2026-08-31,ICICIBANK.NS,LT.NS,0.2728310370197803
2026-09-01,ICICIBANK.NS,LT.NS,0.2869736394556078
2026-09-02,ICICIBANK.NS,LT.NS,0.2822560624674566
2026-09-03,ICICIBANK.NS,LT.NS,0.3235257810783754
2026-09-04,ICICIBANK.NS,LT.NS,0.260720085710698
2026-09-07,ICICIBANK.NS,LT.NS,0.342284640489284
2026-09-08,ICICIBANK.NS,LT.NS,0.3666608226790507
2026-09-09,ICICIBANK.NS,LT.NS,0.37088489842896677
2026-09-10,ICICIBANK.NS,LT.NS,0.36388931246158407
2026-09-11,ICICIBANK.NS,LT.NS,0.3651013390951608
2026-09-14,ICICIBANK.NS,LT.NS,0.36590222100450986
2026-09-15,ICICIBANK.NS,LT.NS,0.40246167298328467
2026-09-16,ICICIBANK.NS,LT.NS,0.40180670249551426
2026-09-17,ICICIBANK.NS,LT.NS,0.3758113594876345
2026-09-18,ICICIBANK.NS,LT.NS,0.3552310982577947
2026-09-21,ICICIBANK.NS,LT.NS,0.36245262649110055
2026-09-22,ICICIBANK.NS,LT.NS,0.3619501595724329
2026-09-23,ICICIBANK.NS,LT.NS,0.36554567246348735
2026-09-24,ICICIBANK.NS,LT.NS,0.39226725241154237
2026-09-25,ICICIBANK.NS,LT.NS,0.40084008192346593
2026-09-28,ICICIBANK.NS,LT.NS,0.43867571110385384
2026-09-29,ICICIBANK.NS,LT.NS,0.43383619818508834
2026-09-30,ICICIBANK.NS,LT.NS,0.37781066948579994
2026-10-01,ICICIBANK.NS,LT.NS,0.3882218220801953
2021-12-31,RELIANCE.NS,TCS.NS,0.31312494732379104
2022-01-03,RELIANCE.NS,TCS.NS,0.3242798283227469
2022-01-04,RELIANCE.NS,TCS.NS,0.3423606625085139
2022-01-05,RELIANCE.NS,TCS.NS,0.3236103132966386
2022-01-06,RELIANCE.NS,TCS.NS,0.39863699380238693
2022-01-07,RELIANCE.NS,TCS.NS,0.4131286278670566
2022-01-10,RELIANCE.NS,TCS.NS,0.41508401142111134
2022-01-11,RELIANCE.NS,TCS.NS,0.4264095791680887
2022-01-12,RELIANCE.NS,TCS.NS,0.37143637401680213
2022-01-13,RELIANCE.NS,TCS.NS,0.3797086852627426
2022-01-14,RELIANCE.NS,TCS.NS,0.3707975865901366
2022-01-17,RELIANCE.NS,TCS.NS,0.3363866452644917
2022-01-18,RELIANCE.NS,TCS.NS,0.3488946293189093
2022-01-19,RELIANCE.NS,TCS.NS,0.33633384068082617
2022-01-20,RELIANCE.NS,TCS.NS,0.37037248858718325
2022-01-21,RELIANCE.NS,TCS.NS,0.37217196581118694
2022-01-24,RELIANCE.NS,TCS.NS,0.40300923213032425
2022-01-25,RELIANCE.NS,TCS.NS,0.39351054931844215
2022-01-27,RELIANCE.NS,TCS.NS,0.4095863763954398
2022-01-28,RELIANCE.NS,TCS.NS,0.41033005291238944
2022-01-31,RELIANCE.NS,TCS.NS,0.4231837021259057
2022-02-01,RELIANCE.NS,TCS.NS,0.41208412172975556
2022-02-02,RELIANCE.NS,TCS.NS,0.4113162488422305
2022-02-03,RELIANCE.NS,TCS.NS,0.41799905199693743
2022-02-04,RELIANCE.NS,TCS.NS,0.42994923226154175
2022-02-07,RELIANCE.NS,TCS.NS,0.43087819128149324
2022-02-08,RELIANCE.NS,TCS.NS,0.40239107400479723
2022-02-09,RELIANCE.NS,TCS.NS,0.40750444276461606
2022-02-10,RELIANCE.NS,TCS.NS,0.41232875677536796
2022-02-11,RELIANCE.NS,TCS.NS,0.3942320595329355
2022-02-14,RELIANCE.NS,TCS.NS,0.3882125160585399
2022-02-15,RELIANCE.NS,TCS.NS,0.42090320587949265
2022-02-16,RELIANCE.NS,TCS.NS,0.4221487191389188
2022-02-17,RELIANCE.NS,TCS.NS,0.4047517972567863
2022-02-18,RELIANCE.NS,TCS.NS,0.455408811747223
2022-02-21,RELIANCE.NS,TCS.NS,0.474433485836148
2022-02-22,RELIANCE.NS,TCS.NS,0.44948751719888597
2022-02-23,RELIANCE.NS,TCS.NS,0.4650223470993555
2022-02-24,RELIANCE.NS,TCS.NS,0.5388847871990418
2022-02-25,RELIANCE.NS,TCS.NS,0.5422629409814025
2022-02-28,RELIANCE.NS,TCS.NS,0.5576012070125446
2022-03-02,RELIANCE.NS,TCS.NS,0.5353463743434727
2022-03-03,RELIANCE.NS,TCS.NS,0.5316576442810275
2022-03-04,RELIANCE.NS,TCS.NS,0.5252086984838493
2022-03-07,RELIANCE.NS,TCS.NS,0.5420091520865483
2022-03-08,RELIANCE.NS,TCS.NS,0.5191635495945296
2022-03-09,RELIANCE.NS,TCS.NS,0.5041290731735959
2022-03-10,RELIANCE.NS,TCS.NS,0.5021299875447082
2022-03-11,RELIANCE.NS,TCS.NS,0.5016373937326065
2022-03-14,RELIANCE.NS,TCS.NS,0.5040525588145515
2022-03-15,RELIANCE.NS,TCS.NS,0.5233882691523126
2022-03-16,RELIANCE.NS,TCS.NS,0.5293771663991788
2022-03-17,RELIANCE.NS,TCS.NS,0.5178291365915328
2022-03-21,RELIANCE.NS,TCS.NS,0.5188688664205948
2022-03-22,RELIANCE.NS,TCS.NS,0.5354473886881438
2022-03-23,RELIANCE.NS,TCS.NS,0.5354684089846578
2022-03-24,RELIANCE.NS,TCS.NS,0.5410181196295043
2022-03-25,RELIANCE.NS,TCS.NS,0.534608564866148
2022-03-28,RELIANCE.NS,TCS.NS,0.5338101031603403
2022-03-29,RELIANCE.NS,TCS.NS,0.5538174613591508
2022-03-30,RELIANCE.NS,TCS.NS,0.5558117750470601
2022-03-31,RELIANCE.NS,TCS.NS,0.5442150708383473
2022-04-01,RELIANCE.NS,TCS.NS,0.534624987546681
2022-04-04,RELIANCE.NS,TCS.NS,0.5366541323291635
2022-04-05,RELIANCE.NS,TCS.NS,0.5103185242582808
2022-04-06,RELIANCE.NS,TCS.NS,0.5079050163461389
2022-04-07,RELIANCE.NS,TCS.NS,0.5194106943445386
2022-04-08,RELIANCE.NS,TCS.NS,0.5159687409418312
2022-04-11,RELIANCE.NS,TCS.NS,0.5492027759505658
2022-04-12,RELIANCE.NS,TCS.NS,0.5439791769741322
2022-04-13,RELIANCE.NS,TCS.NS,0.5504999425096744
2022-04-18,RELIANCE.NS,TCS.NS,0.5331797643838863
2022-04-19,RELIANCE.NS,TCS.NS,0.4796066097531335
2022-04-20,RELIANCE.NS,TCS.NS,0.5040072711579068
2022-04-21,RELIANCE.NS,TCS.NS,0.5056681630899175
2022-04-22,RELIANCE.NS,TCS.NS,0.5067156680647491
2022-04-25,RELIANCE.NS,TCS.NS,0.5073110262854993
2022-04-26,RELIANCE.NS,TCS.NS,0.4990884351605621
2022-04-27,RELIANCE.NS,TCS.NS,0.4865658161067856
2022-04-28,RELIANCE.NS,TCS.NS,0.49418211402815976
2022-04-29,RELIANCE.NS,TCS.NS,0.49095028249682693
2022-05-02,RELIANCE.NS,TCS.NS,0.5036308382219734
2022-05-04,RELIANCE.NS,TCS.NS,0.5227021008477122
2022-05-05,RELIANCE.NS,TCS.NS,0.49838877391171643
2022-05-06,RELIANCE.NS,TCS.NS,0.5017591789088574
2022-05-09,RELIANCE.NS,TCS.NS,0.46984643099259205
2022-05-10,RELIANCE.NS,TCS.NS,0.4772413277221987
2022-05-11,RELIANCE.NS,TCS.NS,0.47743273457568913
2022-05-12,RELIANCE.NS,TCS.NS,0.4731357715650827
2022-05-13,RELIANCE.NS,TCS.NS,0.4773258596895668
2022-05-16,RELIANCE.NS,TCS.NS,0.49206950383059567
2022-05-17,RELIANCE.NS,TCS.NS,0.4961936370365776
2022-05-18,RELIANCE.NS,TCS.NS,0.49637489365413895
2022-05-19,RELIANCE.NS,TCS.NS,0.5144025336602739
2022-05-20,RELIANCE.NS,TCS.NS,0.5160815060057992
2022-05-23,RELIANCE.NS,TCS.NS,0.5060013983921663
2022-05-24,RELIANCE.NS,TCS.NS,0.5133907398103611
2022-05-25,RELIANCE.NS,TCS.NS,0.5033981894980644
2022-05-26,RELIANCE.NS,TCS.NS,0.4233002389525927
2022-05-27,RELIANCE.NS,TCS.NS,0.4176879503015935
2022-05-30,RELIANCE.NS,TCS.NS,0.44366985571243023
2022-05-31,RELIANCE.NS,TCS.NS,0.4468699543855776
2022-06-01,RELIANCE.NS,TCS.NS,0.44796692943399063
2022-06-02,RELIANCE.NS,TCS.NS,0.4656724755994626
2022-06-03,RELIANCE.NS,TCS.NS,0.46076097749338196
2022-06-06,RELIANCE.NS,TCS.NS,0.4902254808929072
2022-06-07,RELIANCE.NS,TCS.NS,0.4852543162380454
2022-06-08,RELIANCE.NS,TCS.NS,0.4664022321054695
2022-06-09,RELIANCE.NS,TCS.NS,0.47006873267139915
2022-06-10,RELIANCE.NS,TCS.NS,0.4860571621637437
2022-06-13,RELIANCE.NS,TCS.NS,0.4925545220410028
2022-06-14,RELIANCE.NS,TCS.NS,0.4842314281636171
2022-06-15,RELIANCE.NS,TCS.NS,0.4817877325810365
2022-06-16,RELIANCE.NS,TCS.NS,0.4870672843436057
2022-06-17,RELIANCE.NS,TCS.NS,0.4578699276367148
2022-06-20,RELIANCE.NS,TCS.NS,0.4422963232025984
2022-06-21,RELIANCE.NS,TCS.NS,0.44626764069088615
2022-06-22,RELIANCE.NS,TCS.NS,0.4331728806444938
2022-06-23,RELIANCE.NS,TCS.NS,0.39849649765215506
2022-06-24,RELIANCE.NS,TCS.NS,0.3942504852081983
2022-06-27,RELIANCE.NS,TCS.NS,0.3879718180431098
2022-06-28,RELIANCE.NS,TCS.NS,0.39250188086650944
2022-06-29,RELIANCE.NS,TCS.NS,0.37989237577366164
2022-06-30,RELIANCE.NS,TCS.NS,0.37729600148177217
2022-07-01,RELIANCE.NS,TCS.NS,0.2978408432836956
2022-07-04,RELIANCE.NS,TCS.NS,0.2911205522436484
2022-07-05,RELIANCE.NS,TCS.NS,0.2802551828153148
2022-07-06,RELIANCE.NS,TCS.NS,0.27210286429130226
2022-07-07,RELIANCE.NS,TCS.NS,0.26742637364585836
2022-07-08,RELIANCE.NS,TCS.NS,0.2683581204686643
2022-07-11,RELIANCE.NS,TCS.NS,0.2260048864730565
2022-07-12,RELIANCE.NS,TCS.NS,0.22949917962300628
2022-07-13,RELIANCE.NS,TCS.NS,0.2689854252813206
2022-07-14,RELIANCE.NS,TCS.NS,0.23602802647482285
2022-07-15,RELIANCE.NS,TCS.NS,0.21500984134882195
2022-07-18,RELIANCE.NS,TCS.NS,0.2228649947773381
2022-07-19,RELIANCE.NS,TCS.NS,0.2123124485860693
2022-07-20,RELIANCE.NS,TCS.NS,0.24663198139092918
2022-07-21,RELIANCE.NS,TCS.NS,0.24457346606103122
2022-07-22,RELIANCE.NS,TCS.NS,0.2395878400496438
2022-07-25,RELIANCE.NS,TCS.NS,0.23206823638202226
2022-07-26,RELIANCE.NS,TCS.NS,0.2291068174653133
2022-07-27,RELIANCE.NS,TCS.NS,0.2099647300912747
2022-07-28,RELIANCE.NS,TCS.NS,0.23468968525649614
2022-07-29,RELIANCE.NS,TCS.NS,0.24095115840250853
2022-08-01,RELIANCE.NS,TCS.NS,0.2516907449109807
2022-08-02,RELIANCE.NS,TCS.NS,0.2518668961407412
2022-08-03,RELIANCE.NS,TCS.NS,0.25221719875698967
2022-08-04,RELIANCE.NS,TCS.NS,0.24931597615071716
2022-08-05,RELIANCE.NS,TCS.NS,0.24551265788387044
2022-08-08,RELIANCE.NS,TCS.NS,0.24661172180962937
2022-08-10,RELIANCE.NS,TCS.NS,0.2128732648659554
2022-08-11,RELIANCE.NS,TCS.NS,0.21340727053322597
2022-08-12,RELIANCE.NS,TCS.NS,0.15956688282019282
2022-08-16,RELIANCE.NS,TCS.NS,0.14336834687568306
2022-08-17,RELIANCE.NS,TCS.NS,0.14748410792627947
2022-08-18,RELIANCE.NS,TCS.NS,0.14919478447370682
2022-08-19,RELIANCE.NS,TCS.NS,0.14898118441280792
2022-08-22,RELIANCE.NS,TCS.NS,0.16252312861035784
2022-08-23,RELIANCE.NS,TCS.NS,0.14419869370663033
2022-08-24,RELIANCE.NS,TCS.NS,0.08090860935282401
2022-08-25,RELIANCE.NS,TCS.NS,0.08089539153698752
2022-08-26,RELIANCE.NS,TCS.NS,0.08024078967904874
2022-08-29,RELIANCE.NS,TCS.NS,0.04813348311157197
2022-08-30,RELIANCE.NS,TCS.NS,0.06586155216349947
2022-09-01,RELIANCE.NS,TCS.NS,0.10344497706731594
2022-09-02,RELIANCE.NS,TCS.NS,0.10736001382074743
2022-09-05,RELIANCE.NS,TCS.NS,0.12368586267270307
2022-09-06,RELIANCE.NS,TCS.NS,0.11160191937551846
2022-09-07,RELIANCE.NS,TCS.NS,0.07772045551598852
2022-09-08,RELIANCE.NS,TCS.NS,0.03148021723700371
2022-09-09,RELIANCE.NS,TCS.NS,0.02257042071955128
2022-09-12,RELIANCE.NS,TCS.NS,0.02707181163695193
2022-09-13,RELIANCE.NS,TCS.NS,0.004230748021107464
2022-09-14,RELIANCE.NS,TCS.NS,0.04628692008468205
2022-09-15,RELIANCE.NS,TCS.NS,0.05973665914004748
2022-09-16,RELIANCE.NS,TCS.NS,0.07494887292494261
2022-09-19,RELIANCE.NS,TCS.NS,0.0870359764351399
2022-09-20,RELIANCE.NS,TCS.NS,0.12363570709726347
2022-09-21,RELIANCE.NS,TCS.NS,0.12527895646554926
2022-09-22,RELIANCE.NS,TCS.NS,0.12455775491220834
2022-09-23,RELIANCE.NS,TCS.NS,0.13036208331350385
2022-09-26,RELIANCE.NS,TCS.NS,0.13030214343240437
2022-09-27,RELIANCE.NS,TCS.NS,0.13882225087037373
2022-09-28,RELIANCE.NS,TCS.NS,0.24849650764245035
2022-09-29,RELIANCE.NS,TCS.NS,0.2601116648225867
2022-09-30,RELIANCE.NS,TCS.NS,0.2650632830827068
2022-10-03,RELIANCE.NS,TCS.NS,0.2806710548009967
2022-10-04,RELIANCE.NS,TCS.NS,0.3270500324043689
2022-10-06,RELIANCE.NS,TCS.NS,0.32880623745280413
2022-10-07,RELIANCE.NS,TCS.NS,0.40947604891271056
2022-10-10,RELIANCE.NS,TCS.NS,0.3853140437888384
2022-10-11,RELIANCE.NS,TCS.NS,0.3878097341705596
2022-10-12,RELIANCE.NS,TCS.NS,0.40274815778944156
2022-10-13,RELIANCE.NS,TCS.NS,0.40309772427014073
2022-10-14,RELIANCE.NS,TCS.NS,0.3964228232009066
2022-10-17,RELIANCE.NS,TCS.NS,0.39934122840555647
2022-10-18,RELIANCE.NS,TCS.NS,0.3641408063079041
2022-10-19,RELIANCE.NS,TCS.NS,0.35019154326801427
2022-10-20,RELIANCE.NS,TCS.NS,0.35249247928963146
2022-10-21,RELIANCE.NS,TCS.NS,0.3711331256345072
2022-10-24,RELIANCE.NS,TCS.NS,0.3766337977777761
2022-10-25,RELIANCE.NS,TCS.NS,0.38535838838250236
2022-10-27,RELIANCE.NS,TCS.NS,0.36373084379546344
2022-10-28,RELIANCE.NS,TCS.NS,0.3378209860942381
2022-10-31,RELIANCE.NS,TCS.NS,0.3562617138522271
2022-11-01,RELIANCE.NS,TCS.NS,0.33192838217806175
2022-11-02,RELIANCE.NS,TCS.NS,0.31928704170507965
2022-11-03,RELIANCE.NS,TCS.NS,0.32329169458612794
2022-11-04,RELIANCE.NS,TCS.NS,0.33494368063009367
2022-11-07,RELIANCE.NS,TCS.NS,0.33532672945090775
2022-11-09,RELIANCE.NS,TCS.NS,0.3397527945546034
2022-11-10,RELIANCE.NS,TCS.NS,0.3414406173263953
2022-11-11,RELIANCE.NS,TCS.NS,0.40377375824423273
2022-11-14,RELIANCE.NS,TCS.NS,0.402330444970211
2022-11-15,RELIANCE.NS,TCS.NS,0.40155822225817417
2022-11-16,RELIANCE.NS,TCS.NS,0.39827552598638644
2022-11-17,RELIANCE.NS,TCS.NS,0.4061772039902288
2022-11-18,RELIANCE.NS,TCS.NS,0.405494582446763
2022-11-21,RELIANCE.NS,TCS.NS,0.47064566399105473
2022-11-22,RELIANCE.NS,TCS.NS,0.47339161950251885
2022-11-23,RELIANCE.NS,TCS.NS,0.4742259607293522
2022-11-24,RELIANCE.NS,TCS.NS,0.4814015381637415
2022-11-25,RELIANCE.NS,TCS.NS,0.47746871511784217
2022-11-28,RELIANCE.NS,TCS.NS,0.4366438083257111
2022-11-29,RELIANCE.NS,TCS.NS,0.38897325056055326
2022-11-30,RELIANCE.NS,TCS.NS,0.38655741415872114
2022-12-01,RELIANCE.NS,TCS.NS,0.3689670832400004
2022-12-02,RELIANCE.NS,TCS.NS,0.37352007417267064
2022-12-05,RELIANCE.NS,TCS.NS,0.38259760156892864
2022-12-06,RELIANCE.NS,TCS.NS,0.3761196378397977
2022-12-07,RELIANCE.NS,TCS.NS,0.39055345376466394
2022-12-08,RELIANCE.NS,TCS.NS,0.3849202890513826
2022-12-09,RELIANCE.NS,TCS.NS,0.4074900657486109
2022-12-12,RELIANCE.NS,TCS.NS,0.3926013448348317
2022-12-13,RELIANCE.NS,TCS.NS,0.3902090319798614
2022-12-14,RELIANCE.NS,TCS.NS,0.32560622050824933
2022-12-15,RELIANCE.NS,TCS.NS,0.34786488363068546
2022-12-16,RELIANCE.NS,TCS.NS,0.35104758909131967
2022-12-19,RELIANCE.NS,TCS.NS,0.33409897021498414
2022-12-20,RELIANCE.NS,TCS.NS,0.34322168531342095
2022-12-21,RELIANCE.NS,TCS.NS,0.31482854054929194
2022-12-22,RELIANCE.NS,TCS.NS,0.3366563744790499
2022-12-23,RELIANCE.NS,TCS.NS,0.35189076534166114
2022-12-26,RELIANCE.NS,TCS.NS,0.3858943388501824
2022-12-27,RELIANCE.NS,TCS.NS,0.38306604612090156
2022-12-28,RELIANCE.NS,TCS.NS,0.3907821423909516
2022-12-29,RELIANCE.NS,TCS.NS,0.38773986945144756
2022-12-30,RELIANCE.NS,TCS.NS,0.3475999291256385
2023-01-02,RELIANCE.NS,TCS.NS,0.3455197258450633
2023-01-03,RELIANCE.NS,TCS.NS,0.33383005614656636
2023-01-04,RELIANCE.NS,TCS.NS,0.36384221031469266
2023-01-05,RELIANCE.NS,TCS.NS,0.3333286319023207
2023-01-06,RELIANCE.NS,TCS.NS,0.27280274701252155
2023-01-09,RELIANCE.NS,TCS.NS,0.33310435290671886
2023-01-10,RELIANCE.NS,TCS.NS,0.34574961555709055
2023-01-11,RELIANCE.NS,TCS.NS,0.3164058774633104
2023-01-12,RELIANCE.NS,TCS.NS,0.2946707286953164
2023-01-13,RELIANCE.NS,TCS.NS,0.31373132270525467
2023-01-16,RELIANCE.NS,TCS.NS,0.2995643853421193
2023-01-17,RELIANCE.NS,TCS.NS,0.305957082768806
2023-01-18,RELIANCE.NS,TCS.NS,0.30406451773406146
2023-01-19,RELIANCE.NS,TCS.NS,0.30589313624511505
2023-01-20,RELIANCE.NS,TCS.NS,0.3109022474801587
2023-01-23,RELIANCE.NS,TCS.NS,0.3164778425548466
2023-01-24,RELIANCE.NS,TCS.NS,0.306427027715449
2023-01-25,RELIANCE.NS,TCS.NS,0.33221748025669
2023-01-27,RELIANCE.NS,TCS.NS,0.34740120307122446
2023-01-30,RELIANCE.NS,TCS.NS,0.3622211252654682
2023-01-31,RELIANCE.NS,TCS.NS,0.3560485907607177
2023-02-01,RELIANCE.NS,TCS.NS,0.34337354684767946
2023-02-02,RELIANCE.NS,TCS.NS,0.3349840378791861
2023-02-03,RELIANCE.NS,TCS.NS,0.3324915665753661
2023-02-06,RELIANCE.NS,TCS.NS,0.2660658602755405
2023-02-07,RELIANCE.NS,TCS.NS,0.26808105403239535
2023-02-08,RELIANCE.NS,TCS.NS,0.2907365249176673
2023-02-09,RELIANCE.NS,TCS.NS,0.2957494636072306
2023-02-10,RELIANCE.NS,TCS.NS,0.298933169933215
2023-02-13,RELIANCE.NS,TCS.NS,0.3023852799289456
2023-02-14,RELIANCE.NS,TCS.NS,0.2746318375783523
2023-02-15,RELIANCE.NS,TCS.NS,0.2731747430541916
2023-02-16,RELIANCE.NS,TCS.NS,0.2711310036027699
2023-02-17,RELIANCE.NS,TCS.NS,0.24057719630267818
2023-02-20,RELIANCE.NS,TCS.NS,0.24473211720012678
2023-02-21,RELIANCE.NS,TCS.NS,0.24420067692115938
2023-02-22,RELIANCE.NS,TCS.NS,0.27282653093050313
2023-02-23,RELIANCE.NS,TCS.NS,0.27603618855456974
2023-02-24,RELIANCE.NS,TCS.NS,0.2820316054473165
2023-02-27,RELIANCE.NS,TCS.NS,0.2902671128991418
2023-02-28,RELIANCE.NS,TCS.NS,0.293525606606957
2023-03-01,RELIANCE.NS,TCS.NS,0.32394841190881274
2023-03-02,RELIANCE.NS,TCS.NS,0.3298324798200202
2023-03-03,RELIANCE.NS,TCS.NS,0.33617492527122017
2023-03-06,RELIANCE.NS,TCS.NS,0.3244617093501325
2023-03-08,RELIANCE.NS,TCS.NS,0.3274358683320449
2023-03-09,RELIANCE.NS,TCS.NS,0.3501216100507637
2023-03-10,RELIANCE.NS,TCS.NS,0.35359187692088323
2023-03-13,RELIANCE.NS,TCS.NS,0.3540122183435221
2023-03-14,RELIANCE.NS,TCS.NS,0.35090585731628976
2023-03-15,RELIANCE.NS,TCS.NS,0.3839237617240894
2023-03-16,RELIANCE.NS,TCS.NS,0.3745048009552535
2023-03-17,RELIANCE.NS,TCS.NS,0.38854690931445535
2023-03-20,RELIANCE.NS,TCS.NS,0.3940983930203796
2023-03-21,RELIANCE.NS,TCS.NS,0.31261077011993965
2023-03-22,RELIANCE.NS,TCS.NS,0.30908209359356537
2023-03-23,RELIANCE.NS,TCS.NS,0.3084066338754855
2023-03-24,RELIANCE.NS,TCS.NS,0.3056011018129684
2023-03-27,RELIANCE.NS,TCS.NS,0.3019621650627511
2023-03-28,RELIANCE.NS,TCS.NS,0.3016613565398674
2023-03-29,RELIANCE.NS,TCS.NS,0.29751464227467445
2023-03-31,RELIANCE.NS,TCS.NS,0.3719136296769735
2023-04-03,RELIANCE.NS,TCS.NS,0.37614271581420206
2023-04-05,RELIANCE.NS,TCS.NS,0.37125686278911885
2023-04-06,RELIANCE.NS,TCS.NS,0.4198308892495902
2023-04-10,RELIANCE.NS,TCS.NS,0.35504379975405503
2023-04-11,RELIANCE.NS,TCS.NS,0.3270572568513482
2023-04-12,RELIANCE.NS,TCS.NS,0.3531463595287818
2023-04-13,RELIANCE.NS,TCS.NS,0.3492782323794994
2023-04-17,RELIANCE.NS,TCS.NS,0.33872309221275854
2023-04-18,RELIANCE.NS,TCS.NS,0.3551112157358459
2023-04-19,RELIANCE.NS,TCS.NS,0.3267059133304107
2023-04-20,RELIANCE.NS,TCS.NS,0.32548833185568377
2023-04-21,RELIANCE.NS,TCS.NS,0.32197394552961955
2023-04-24,RELIANCE.NS,TCS.NS,0.32330749699421546
2023-04-25,RELIANCE.NS,TCS.NS,0.33876668823362127
2023-04-26,RELIANCE.NS,TCS.NS,0.33808541620476673
2023-04-27,RELIANCE.NS,TCS.NS,0.33770035006386706
2023-04-28,RELIANCE.NS,TCS.NS,0.34908774443622037
2023-05-02,RELIANCE.NS,TCS.NS,0.3437190680791168
2023-05-03,RELIANCE.NS,TCS.NS,0.35458772873144984
2023-05-04,RELIANCE.NS,TCS.NS,0.3849289676085712
2023-05-05,RELIANCE.NS,TCS.NS,0.40354345087610594
2023-05-08,RELIANCE.NS,TCS.NS,0.4111296585179088
2023-05-09,RELIANCE.NS,TCS.NS,0.40663599447062254
2023-05-10,RELIANCE.NS,TCS.NS,0.4100999870138635
2023-05-11,RELIANCE.NS,TCS.NS,0.3889669254217409
2023-05-12,RELIANCE.NS,TCS.NS,0.3896283583180553
2023-05-15,RELIANCE.NS,TCS.NS,0.3905991440309876
2023-05-16,RELIANCE.NS,TCS.NS,0.3765460026203851
2023-05-17,RELIANCE.NS,TCS.NS,0.37478798477624886
2023-05-18,RELIANCE.NS,TCS.NS,0.36534267650794294
2023-05-19,RELIANCE.NS,TCS.NS,0.37231109816449154
2023-05-22,RELIANCE.NS,TCS.NS,0.38509656444551493
2023-05-23,RELIANCE.NS,TCS.NS,0.383603631343578
2023-05-24,RELIANCE.NS,TCS.NS,0.39448812172103376
2023-05-25,RELIANCE.NS,TCS.NS,0.369561095377852
2023-05-26,RELIANCE.NS,TCS.NS,0.39397111857749084
2023-05-29,RELIANCE.NS,TCS.NS,0.39585661623051066
2023-05-30,RELIANCE.NS,TCS.NS,0.3891150127949586
2023-05-31,RELIANCE.NS,TCS.NS,0.3946318278127295
2023-06-01,RELIANCE.NS,TCS.NS,0.3776750520087979
2023-06-02,RELIANCE.NS,TCS.NS,0.3700032911581112
2023-06-05,RELIANCE.NS,TCS.NS,0.3532696704475032
2023-06-06,RELIANCE.NS,TCS.NS,0.335891193550758
2023-06-07,RELIANCE.NS,TCS.NS,0.3419506185103316
2023-06-08,RELIANCE.NS,TCS.NS,0.3016280451703227
2023-06-09,RELIANCE.NS,TCS.NS,0.31097262337407794
2023-06-12,RELIANCE.NS,TCS.NS,0.2785922753336014
2023-06-13,RELIANCE.NS,TCS.NS,0.26654048549723874
2023-06-14,RELIANCE.NS,TCS.NS,0.25895538701685067
2023-06-15,RELIANCE.NS,TCS.NS,0.2556737068248688
2023-06-16,RELIANCE.NS,TCS.NS,0.23419899540504438
2023-06-19,RELIANCE.NS,TCS.NS,0.18907889531690247
2023-06-20,RELIANCE.NS,TCS.NS,0.2672027430352891
2023-06-21,RELIANCE.NS,TCS.NS,0.26654202425567963
2023-06-22,RELIANCE.NS,TCS.NS,0.2752495127029564
2023-06-23,RELIANCE.NS,TCS.NS,0.2887690028707468
2023-06-26,RELIANCE.NS,TCS.NS,0.3045265053431071
2023-06-27,RELIANCE.NS,TCS.NS,0.3056281488672246
2023-06-28,RELIANCE.NS,TCS.NS,0.32432778719300354
2023-06-30,RELIANCE.NS,TCS.NS,0.23335187687883296
2023-07-03,RELIANCE.NS,TCS.NS,0.1710485165795668
2023-07-04,RELIANCE.NS,TCS.NS,0.15401146415175562
2023-07-05,RELIANCE.NS,TCS.NS,0.15907683585646534
2023-07-06,RELIANCE.NS,TCS.NS,0.17949076586978735
2023-07-07,RELIANCE.NS,TCS.NS,0.19116984954822908
2023-07-10,RELIANCE.NS,TCS.NS,0.05512012296944086
2023-07-11,RELIANCE.NS,TCS.NS,0.05898820145294048
2023-07-12,RELIANCE.NS,TCS.NS,0.06843301347081028
2023-07-13,RELIANCE.NS,TCS.NS,0.009924009536925653
2023-07-14,RELIANCE.NS,TCS.NS,-0.011602941025069162
2023-07-17,RELIANCE.NS,TCS.NS,-0.030675362913291843
2023-07-18,RELIANCE.NS,TCS.NS,-0.02750936770610236
2023-07-19,RELIANCE.NS,TCS.NS,-0.033411515317643435
2023-07-20,RELIANCE.NS,TCS.NS,-0.031985355952310016
2023-07-21,RELIANCE.NS,TCS.NS,0.09724763274374229
2023-07-24,RELIANCE.NS,TCS.NS,0.0782736044820551
2023-07-25,RELIANCE.NS,TCS.NS,0.06286607152947564
2023-07-26,RELIANCE.NS,TCS.NS,0.055598018431940774
2023-07-27,RELIANCE.NS,TCS.NS,0.03708995858216399
2023-07-28,RELIANCE.NS,TCS.NS,0.010411283089837289
2023-07-31,RELIANCE.NS,TCS.NS,0.025511792921178382
2023-08-01,RELIANCE.NS,TCS.NS,0.004655702246667868
2023-08-02,RELIANCE.NS,TCS.NS,0.009373506252331682
2023-08-03,RELIANCE.NS,TCS.NS,0.01736616532777755
2023-08-04,RELIANCE.NS,TCS.NS,0.03152643174162521
2023-08-07,RELIANCE.NS,TCS.NS,0.036203090797717774
2023-08-08,RELIANCE.NS,TCS.NS,0.040874660845718974
2023-08-09,RELIANCE.NS,TCS.NS,0.0387757133657256
2023-08-10,RELIANCE.NS,TCS.NS,0.022153375612792382
2023-08-11,RELIANCE.NS,TCS.NS,0.02022392938686313
2023-08-14,RELIANCE.NS,TCS.NS,0.018217692224971868
2023-08-16,RELIANCE.NS,TCS.NS,0.010030807239609174
2023-08-17,RELIANCE.NS,TCS.NS,0.024018479570537345
2023-08-18,RELIANCE.NS,TCS.NS,0.011872003756194204
2023-08-21,RELIANCE.NS,TCS.NS,-0.003316140010262047
2023-08-22,RELIANCE.NS,TCS.NS,-0.03232683443588099
2023-08-23,RELIANCE.NS,TCS.NS,-0.03102226248191982
2023-08-24,RELIANCE.NS,TCS.NS,-0.022973594766197255
2023-08-25,RELIANCE.NS,TCS.NS,-0.04378173792458428
2023-08-28,RELIANCE.NS,TCS.NS,-0.03580805569051428
2023-08-29,RELIANCE.NS,TCS.NS,-0.03847073095046914
2023-08-30,RELIANCE.NS,TCS.NS,-0.03423877828407033
2023-08-31,RELIANCE.NS,TCS.NS,-0.027650766475495147
2023-09-01,RELIANCE.NS,TCS.NS,-0.03689160117347038
2023-09-04,RELIANCE.NS,TCS.NS,-0.03958371948698189
2023-09-05,RELIANCE.NS,TCS.NS,-0.048368112071946794
2023-09-06,RELIANCE.NS,TCS.NS,-0.04858001235189723
2023-09-07,RELIANCE.NS,TCS.NS,-0.04497683804047523
2023-09-08,RELIANCE.NS,TCS.NS,-0.05040164329254729
2023-09-11,RELIANCE.NS,TCS.NS,-0.03795143636130777
2023-09-12,RELIANCE.NS,TCS.NS,-0.06960554334592366
2023-09-13,RELIANCE.NS,TCS.NS,-0.061465572977789026
2023-09-14,RELIANCE.NS,TCS.NS,-0.06208421524297714
2023-09-15,RELIANCE.NS,TCS.NS,-0.06273584276825017
2023-09-18,RELIANCE.NS,TCS.NS,-0.07500362455628377
2023-09-20,RELIANCE.NS,TCS.NS,-0.07707345785507766
2023-09-21,RELIANCE.NS,TCS.NS,-0.08010403508418157
2023-09-22,RELIANCE.NS,TCS.NS,-0.08163035168567732
2023-09-25,RELIANCE.NS,TCS.NS,-0.08029995815068827
2023-09-26,RELIANCE.NS,TCS.NS,-0.10904361661231027
2023-09-27,RELIANCE.NS,TCS.NS,-0.0791547143264447
2023-09-28,RELIANCE.NS,TCS.NS,-0.035955975113273204
2023-09-29,RELIANCE.NS,TCS.NS,-0.03764227316383957
2023-10-03,RELIANCE.NS,TCS.NS,-0.0304014088071296
2023-10-04,RELIANCE.NS,TCS.NS,-0.030963558391027116
2023-10-05,RELIANCE.NS,TCS.NS,0.07441562508370728
2023-10-06,RELIANCE.NS,TCS.NS,0.08127444538267375
2023-10-09,RELIANCE.NS,TCS.NS,0.08047614446973342
2023-10-10,RELIANCE.NS,TCS.NS,0.10541994305152999
2023-10-11,RELIANCE.NS,TCS.NS,0.10299366103694826
2023-10-12,RELIANCE.NS,TCS.NS,0.12075690797330775
2023-10-13,RELIANCE.NS,TCS.NS,0.1212517343500382
2023-10-16,RELIANCE.NS,TCS.NS,0.13611367143657965
2023-10-17,RELIANCE.NS,TCS.NS,0.12908664246344465
2023-10-18,RELIANCE.NS,TCS.NS,-0.010429858993653281
2023-10-19,RELIANCE.NS,TCS.NS,0.02992484133148145
2023-10-20,RELIANCE.NS,TCS.NS,0.025039780873345057
2023-10-23,RELIANCE.NS,TCS.NS,0.10950166204880946
2023-10-25,RELIANCE.NS,TCS.NS,0.11460313772842202
2023-10-26,RELIANCE.NS,TCS.NS,0.18325423152767314
2023-10-27,RELIANCE.NS,TCS.NS,0.15884807585201693
2023-10-30,RELIANCE.NS,TCS.NS,0.21466744683286168
2023-10-31,RELIANCE.NS,TCS.NS,0.21395014549234131
2023-11-01,RELIANCE.NS,TCS.NS,0.19488749236588646
2023-11-02,RELIANCE.NS,TCS.NS,0.17965016597255323
2023-11-03,RELIANCE.NS,TCS.NS,0.16496380872324426
2023-11-06,RELIANCE.NS,TCS.NS,0.17723874072304008
2023-11-07,RELIANCE.NS,TCS.NS,0.18375102386046405
2023-11-08,RELIANCE.NS,TCS.NS,0.195361383238131
2023-11-09,RELIANCE.NS,TCS.NS,0.20864915403263123
2023-11-10,RELIANCE.NS,TCS.NS,0.20732074102012804
2023-11-13,RELIANCE.NS,TCS.NS,0.2069107723621554
2023-11-15,RELIANCE.NS,TCS.NS,0.26178890836629937
2023-11-16,RELIANCE.NS,TCS.NS,0.3045885360380857
2023-11-17,RELIANCE.NS,TCS.NS,0.3280715930886297
2023-11-20,RELIANCE.NS,TCS.NS,0.32850360620201274
2023-11-21,RELIANCE.NS,TCS.NS,0.3121591296088036
2023-11-22,RELIANCE.NS,TCS.NS,0.3123750100353907
2023-11-23,RELIANCE.NS,TCS.NS,0.30445542559096894
2023-11-24,RELIANCE.NS,TCS.NS,0.2982438609842028
2023-11-28,RELIANCE.NS,TCS.NS,0.30053668925419624
2023-11-29,RELIANCE.NS,TCS.NS,0.30401214307651114
2023-11-30,RELIANCE.NS,TCS.NS,0.3085721807946223
2023-12-01,RELIANCE.NS,TCS.NS,0.312608083954167
2023-12-04,RELIANCE.NS,TCS.NS,0.31270032013288623
2023-12-05,RELIANCE.NS,TCS.NS,0.3154759274350496
2023-12-06,RELIANCE.NS,TCS.NS,0.33672422783321554
2023-12-07,RELIANCE.NS,TCS.NS,0.3356055724057509
2023-12-08,RELIANCE.NS,TCS.NS,0.3429259746462926
2023-12-11,RELIANCE.NS,TCS.NS,0.3299240340748038
2023-12-12,RELIANCE.NS,TCS.NS,0.4110341647783398
2023-12-13,RELIANCE.NS,TCS.NS,0.38175738061694786
2023-12-14,RELIANCE.NS,TCS.NS,0.40933307708527283
2023-12-15,RELIANCE.NS,TCS.NS,0.4348125572046624
2023-12-18,RELIANCE.NS,TCS.NS,0.43300677557276557
2023-12-19,RELIANCE.NS,TCS.NS,0.41481424892541713
2023-12-20,RELIANCE.NS,TCS.NS,0.4212496224024611
2023-12-21,RELIANCE.NS,TCS.NS,0.42117290965203164
2023-12-22,RELIANCE.NS,TCS.NS,0.4132020374868329
2023-12-26,RELIANCE.NS,TCS.NS,0.4067317377491615
2023-12-27,RELIANCE.NS,TCS.NS,0.41140179097255464
2023-12-28,RELIANCE.NS,TCS.NS,0.38295718883354685
2023-12-29,RELIANCE.NS,TCS.NS,0.38568227301749236
2024-01-01,RELIANCE.NS,TCS.NS,0.3820995624369545
2024-01-02,RELIANCE.NS,TCS.NS,0.37449618395217443
2024-01-03,RELIANCE.NS,TCS.NS,0.41234225749359155
2024-01-04,RELIANCE.NS,TCS.NS,0.408983395557076
2024-01-05,RELIANCE.NS,TCS.NS,0.4196487167746147
2024-01-08,RELIANCE.NS,TCS.NS,0.4349869983352262
2024-01-09,RELIANCE.NS,TCS.NS,0.4545342623123735
2024-01-10,RELIANCE.NS,TCS.NS,0.45268015227521907
2024-01-11,RELIANCE.NS,TCS.NS,0.44861236558719647
2024-01-12,RELIANCE.NS,TCS.NS,0.43931716671526927
2024-01-15,RELIANCE.NS,TCS.NS,0.4404277447233599
2024-01-16,RELIANCE.NS,TCS.NS,0.4491379870471471
2024-01-17,RELIANCE.NS,TCS.NS,0.4312196752128913
2024-01-18,RELIANCE.NS,TCS.NS,0.4415324285102786
2024-01-19,RELIANCE.NS,TCS.NS,0.3925876854380802
2024-01-23,RELIANCE.NS,TCS.NS,0.43858361581204564
2024-01-24,RELIANCE.NS,TCS.NS,0.406995515017827
2024-01-25,RELIANCE.NS,TCS.NS,0.403213474953975
2024-01-29,RELIANCE.NS,TCS.NS,0.27046070185860166
2024-01-30,RELIANCE.NS,TCS.NS,0.26076998175162636
2024-01-31,RELIANCE.NS,TCS.NS,0.26412868263913775
2024-02-01,RELIANCE.NS,TCS.NS,0.25798844452250524
2024-02-02,RELIANCE.NS,TCS.NS,0.2870699143840434
2024-02-05,RELIANCE.NS,TCS.NS,0.28375060365868854
2024-02-06,RELIANCE.NS,TCS.NS,0.22662191382226204
2024-02-07,RELIANCE.NS,TCS.NS,0.21531069904582142
2024-02-08,RELIANCE.NS,TCS.NS,0.20295321474727768
2024-02-09,RELIANCE.NS,TCS.NS,0.20082573543878246
2024-02-12,RELIANCE.NS,TCS.NS,0.2040184724732526
2024-02-13,RELIANCE.NS,TCS.NS,0.187727374588128
2024-02-14,RELIANCE.NS,TCS.NS,0.1848796173689995
2024-02-15,RELIANCE.NS,TCS.NS,0.18536437973757683
2024-02-16,RELIANCE.NS,TCS.NS,0.18292451172206317
2024-02-19,RELIANCE.NS,TCS.NS,0.1830178462333588
2024-02-20,RELIANCE.NS,TCS.NS,0.18929141903234675
2024-02-21,RELIANCE.NS,TCS.NS,0.19396145566903794
2024-02-22,RELIANCE.NS,TCS.NS,0.197107855974641
2024-02-23,RELIANCE.NS,TCS.NS,0.1922478612812267
2024-02-26,RELIANCE.NS,TCS.NS,0.20149472455233972
2024-02-27,RELIANCE.NS,TCS.NS,0.17945414803716325
2024-02-28,RELIANCE.NS,TCS.NS,0.17311801090826276
2024-02-29,RELIANCE.NS,TCS.NS,0.17445742112568827
2024-03-01,RELIANCE.NS,TCS.NS,0.1672967241121485
2024-03-04,RELIANCE.NS,TCS.NS,0.15734765912954934
2024-03-05,RELIANCE.NS,TCS.NS,0.16741091042210202
2024-03-06,RELIANCE.NS,TCS.NS,0.1657935925246578
2024-03-07,RELIANCE.NS,TCS.NS,0.150466134239738
2024-03-11,RELIANCE.NS,TCS.NS,0.158504110080684
2024-03-12,RELIANCE.NS,TCS.NS,0.16509810910303022
2024-03-13,RELIANCE.NS,TCS.NS,0.17859413635942561
2024-03-14,RELIANCE.NS,TCS.NS,0.15207131244558245
2024-03-15,RELIANCE.NS,TCS.NS,0.15205772897735412
2024-03-18,RELIANCE.NS,TCS.NS,0.1457289435456479
2024-03-19,RELIANCE.NS,TCS.NS,0.16361731106392396
2024-03-20,RELIANCE.NS,TCS.NS,0.16064945334148578
2024-03-21,RELIANCE.NS,TCS.NS,0.16178221434529066
2024-03-22,RELIANCE.NS,TCS.NS,0.16157324025717232
2024-03-26,RELIANCE.NS,TCS.NS,0.16785110510545317
2024-03-27,RELIANCE.NS,TCS.NS,0.1381014853168435
2024-03-28,RELIANCE.NS,TCS.NS,0.13180780046161722
2024-04-01,RELIANCE.NS,TCS.NS,0.12922704681682218
2024-04-02,RELIANCE.NS,TCS.NS,0.13331344742029277
2024-04-03,RELIANCE.NS,TCS.NS,0.09671123157371528
2024-04-04,RELIANCE.NS,TCS.NS,0.09043534630290298
2024-04-05,RELIANCE.NS,TCS.NS,0.09065700645876387
2024-04-08,RELIANCE.NS,TCS.NS,0.07478198857706037
2024-04-09,RELIANCE.NS,TCS.NS,0.08474726298186021
2024-04-10,RELIANCE.NS,TCS.NS,0.08246096783246111
2024-04-12,RELIANCE.NS,TCS.NS,0.07299998692725256
2024-04-15,RELIANCE.NS,TCS.NS,0.060094883073476185
2024-04-16,RELIANCE.NS,TCS.NS,0.0539169232630152
2024-04-18,RELIANCE.NS,TCS.NS,0.04159877215715742
2024-04-19,RELIANCE.NS,TCS.NS,0.044851550138710235
2024-04-22,RELIANCE.NS,TCS.NS,0.04768182526723702
2024-04-23,RELIANCE.NS,TCS.NS,0.04697411154842211
2024-04-24,RELIANCE.NS,TCS.NS,0.0019481924245839672
2024-04-25,RELIANCE.NS,TCS.NS,0.008105995246920572
2024-04-26,RELIANCE.NS,TCS.NS,0.01652589182508982
2024-04-29,RELIANCE.NS,TCS.NS,0.051471186152308224
2024-04-30,RELIANCE.NS,TCS.NS,0.0513326535412169
2024-05-02,RELIANCE.NS,TCS.NS,0.044959083842186005
2024-05-03,RELIANCE.NS,TCS.NS,0.057060627284428816
2024-05-06,RELIANCE.NS,TCS.NS,-0.03678142973561285
2024-05-07,RELIANCE.NS,TCS.NS,-0.054666654351128045
2024-05-08,RELIANCE.NS,TCS.NS,-0.02105906490321944
2024-05-09,RELIANCE.NS,TCS.NS,0.0022036477523952004
2024-05-10,RELIANCE.NS,TCS.NS,-0.02689924357155028
2024-05-13,RELIANCE.NS,TCS.NS,-0.03235447098940102
2024-05-14,RELIANCE.NS,TCS.NS,-0.050199083799095455
2024-05-15,RELIANCE.NS,TCS.NS,-0.05809571875387039
2024-05-16,RELIANCE.NS,TCS.NS,-0.03159041202143231
2024-05-17,RELIANCE.NS,TCS.NS,-0.044815984356999135
2024-05-21,RELIANCE.NS,TCS.NS,-0.03969158723979358
2024-05-22,RELIANCE.NS,TCS.NS,-0.025479060417352015
2024-05-23,RELIANCE.NS,TCS.NS,0.004111440278367055
2024-05-24,RELIANCE.NS,TCS.NS,0.006605341728341426
2024-05-27,RELIANCE.NS,TCS.NS,-0.02087185467338602
2024-05-28,RELIANCE.NS,TCS.NS,-0.012433348149698882
2024-05-29,RELIANCE.NS,TCS.NS,-0.007194163456526935
2024-05-30,RELIANCE.NS,TCS.NS,0.015865510483094408
2024-05-31,RELIANCE.NS,TCS.NS,0.019958167090336376
2024-06-03,RELIANCE.NS,TCS.NS,0.07712687670726047
2024-06-04,RELIANCE.NS,TCS.NS,0.031201279172257127
2024-06-05,RELIANCE.NS,TCS.NS,0.047226813074184186
2024-06-06,RELIANCE.NS,TCS.NS,0.05718773432488802
2024-06-07,RELIANCE.NS,TCS.NS,0.09036142913583768
2024-06-10,RELIANCE.NS,TCS.NS,0.10553427445409255
2024-06-11,RELIANCE.NS,TCS.NS,0.10906603589249515
2024-06-12,RELIANCE.NS,TCS.NS,0.10050950473672073
2024-06-13,RELIANCE.NS,TCS.NS,0.08105832837611102
2024-06-14,RELIANCE.NS,TCS.NS,0.07574803485472416
2024-06-18,RELIANCE.NS,TCS.NS,0.07916931469740641
2024-06-19,RELIANCE.NS,TCS.NS,0.10063284457099794
2024-06-20,RELIANCE.NS,TCS.NS,0.06861849014954884
2024-06-21,RELIANCE.NS,TCS.NS,0.060738600039635555
2024-06-24,RELIANCE.NS,TCS.NS,0.058391854813340555
2024-06-25,RELIANCE.NS,TCS.NS,0.06810893983959451
2024-06-26,RELIANCE.NS,TCS.NS,0.07461944261755067
2024-06-27,RELIANCE.NS,TCS.NS,0.12592848396919704
2024-06-28,RELIANCE.NS,TCS.NS,0.11245178635065865
2024-07-01,RELIANCE.NS,TCS.NS,0.1047728195895068
2024-07-02,RELIANCE.NS,TCS.NS,0.10698685094810294
2024-07-03,RELIANCE.NS,TCS.NS,0.13514471461062846
2024-07-04,RELIANCE.NS,TCS.NS,0.14414646152737698
2024-07-05,RELIANCE.NS,TCS.NS,0.1359929169828635
2024-07-08,RELIANCE.NS,TCS.NS,0.13681534808635865
2024-07-09,RELIANCE.NS,TCS.NS,0.1294077390772448
2024-07-10,RELIANCE.NS,TCS.NS,0.12807537282624695
2024-07-11,RELIANCE.NS,TCS.NS,0.13097885125446465
2024-07-12,RELIANCE.NS,TCS.NS,0.1428870671960197
2024-07-15,RELIANCE.NS,TCS.NS,0.14409864335453057
2024-07-16,RELIANCE.NS,TCS.NS,0.14178181786886557
2024-07-18,RELIANCE.NS,TCS.NS,0.15005356653213717
2024-07-19,RELIANCE.NS,TCS.NS,0.1498020308060611
2024-07-22,RELIANCE.NS,TCS.NS,0.15906207169650358
2024-07-23,RELIANCE.NS,TCS.NS,0.15298806672078458
2024-07-24,RELIANCE.NS,TCS.NS,0.1513111336563824
2024-07-25,RELIANCE.NS,TCS.NS,0.14782272124299473
2024-07-26,RELIANCE.NS,TCS.NS,0.15077222674025254
2024-07-29,RELIANCE.NS,TCS.NS,0.1508646607915495
2024-07-30,RELIANCE.NS,TCS.NS,0.15380724073210067
2024-07-31,RELIANCE.NS,TCS.NS,0.14328809354346309
2024-08-01,RELIANCE.NS,TCS.NS,0.1600503592778454
2024-08-02,RELIANCE.NS,TCS.NS,0.1912684070668824
2024-08-05,RELIANCE.NS,TCS.NS,0.2508253697821603
2024-08-06,RELIANCE.NS,TCS.NS,0.24782456609693976
2024-08-07,RELIANCE.NS,TCS.NS,0.26333890310312896
2024-08-08,RELIANCE.NS,TCS.NS,0.2729408399069668
2024-08-09,RELIANCE.NS,TCS.NS,0.2955164474756836
2024-08-12,RELIANCE.NS,TCS.NS,0.2989573392043372
2024-08-13,RELIANCE.NS,TCS.NS,0.2963682015664689
2024-08-14,RELIANCE.NS,TCS.NS,0.30111302144136554
2024-08-16,RELIANCE.NS,TCS.NS,0.3102149886647863
2024-08-19,RELIANCE.NS,TCS.NS,0.3175938702420612
2024-08-20,RELIANCE.NS,TCS.NS,0.30862669433703427
2024-08-21,RELIANCE.NS,TCS.NS,0.3074180864609455
2024-08-22,RELIANCE.NS,TCS.NS,0.3046562564486424
2024-08-23,RELIANCE.NS,TCS.NS,0.3012647139517118
2024-08-26,RELIANCE.NS,TCS.NS,0.29697190576344984
2024-08-27,RELIANCE.NS,TCS.NS,0.28827826935840684
2024-08-28,RELIANCE.NS,TCS.NS,0.29763958741503177
2024-08-29,RELIANCE.NS,TCS.NS,0.3008817333742853
2024-08-30,RELIANCE.NS,TCS.NS,0.3720467496463576
2024-09-02,RELIANCE.NS,TCS.NS,0.3649158748136814
2024-09-03,RELIANCE.NS,TCS.NS,0.3612730558769637
2024-09-04,RELIANCE.NS,TCS.NS,0.33798845107920944
2024-09-05,RELIANCE.NS,TCS.NS,0.3409255888320089
2024-09-06,RELIANCE.NS,TCS.NS,0.3440869497021942
2024-09-09,RELIANCE.NS,TCS.NS,0.349110951969037
2024-09-10,RELIANCE.NS,TCS.NS,0.3469924583595198
2024-09-11,RELIANCE.NS,TCS.NS,0.36726565347366835
2024-09-12,RELIANCE.NS,TCS.NS,0.3725865217578939
2024-09-13,RELIANCE.NS,TCS.NS,0.36867585911015976
2024-09-16,RELIANCE.NS,TCS.NS,0.37823497553570207
2024-09-17,RELIANCE.NS,TCS.NS,0.3857890845970626
2024-09-18,RELIANCE.NS,TCS.NS,0.3858900036460811
2024-09-19,RELIANCE.NS,TCS.NS,0.376861421211792
2024-09-20,RELIANCE.NS,TCS.NS,0.39853471544892655
2024-09-23,RELIANCE.NS,TCS.NS,0.38170138113320345
2024-09-24,RELIANCE.NS,TCS.NS,0.4208677335638271
2024-09-25,RELIANCE.NS,TCS.NS,0.43063412512120297
2024-09-26,RELIANCE.NS,TCS.NS,0.4293440901017393
2024-09-27,RELIANCE.NS,TCS.NS,0.41638848893916286
2024-09-30,RELIANCE.NS,TCS.NS,0.42268427986249685
2024-10-01,RELIANCE.NS,TCS.NS,0.44192450832115954
2024-10-03,RELIANCE.NS,TCS.NS,0.4606683875328064
2024-10-04,RELIANCE.NS,TCS.NS,0.45186821242881325
2024-10-07,RELIANCE.NS,TCS.NS,0.45148966634623466
2024-10-08,RELIANCE.NS,TCS.NS,0.42772295310315434
2024-10-09,RELIANCE.NS,TCS.NS,0.441657934865237
2024-10-10,RELIANCE.NS,TCS.NS,0.44244464792822497
2024-10-11,RELIANCE.NS,TCS.NS,0.43124617477173705
2024-10-14,RELIANCE.NS,TCS.NS,0.4289943810065088
2024-10-15,RELIANCE.NS,TCS.NS,0.43698426557820524
2024-10-16,RELIANCE.NS,TCS.NS,0.4436909650625209
2024-10-17,RELIANCE.NS,TCS.NS,0.45029100004021855
2024-10-18,RELIANCE.NS,TCS.NS,0.4514792035285891
2024-10-21,RELIANCE.NS,TCS.NS,0.4367529770407269
2024-10-22,RELIANCE.NS,TCS.NS,0.440899132513015
2024-10-23,RELIANCE.NS,TCS.NS,0.43431154872375655
2024-10-24,RELIANCE.NS,TCS.NS,0.43206099313572766
2024-10-25,RELIANCE.NS,TCS.NS,0.4308787352892348
2024-10-28,RELIANCE.NS,TCS.NS,0.4333232312857512
2024-10-29,RELIANCE.NS,TCS.NS,0.4230571404104524
2024-10-30,RELIANCE.NS,TCS.NS,0.3383593563497038
2024-10-31,RELIANCE.NS,TCS.NS,0.343498914534519
2024-11-01,RELIANCE.NS,TCS.NS,0.34089431528767383
2024-11-04,RELIANCE.NS,TCS.NS,0.33664452351854557
2024-11-05,RELIANCE.NS,TCS.NS,0.3117830744594449
2024-11-06,RELIANCE.NS,TCS.NS,0.3552460565573474
2024-11-07,RELIANCE.NS,TCS.NS,0.34677438665514293
2024-11-08,RELIANCE.NS,TCS.NS,0.35394747800194265
2024-11-11,RELIANCE.NS,TCS.NS,0.3112143355900236
2024-11-12,RELIANCE.NS,TCS.NS,0.290801397286939
2024-11-13,RELIANCE.NS,TCS.NS,0.29842640996698183
2024-11-14,RELIANCE.NS,TCS.NS,0.291921416192423
2024-11-18,RELIANCE.NS,TCS.NS,0.2889921714754546
2024-11-19,RELIANCE.NS,TCS.NS,0.2800777650246162
2024-11-21,RELIANCE.NS,TCS.NS,0.25046641771440276
2024-11-22,RELIANCE.NS,TCS.NS,0.37853144036950753
2024-11-25,RELIANCE.NS,TCS.NS,0.39977977416933996
2024-11-26,RELIANCE.NS,TCS.NS,0.4078862008655586
2024-11-27,RELIANCE.NS,TCS.NS,0.41483329690370896
2024-11-28,RELIANCE.NS,TCS.NS,0.43719954333343036
2024-11-29,RELIANCE.NS,TCS.NS,0.44147974425867165
2024-12-02,RELIANCE.NS,TCS.NS,0.4451788397697901
2024-12-03,RELIANCE.NS,TCS.NS,0.45195309038032666
2024-12-04,RELIANCE.NS,TCS.NS,0.4358935692105457
2024-12-05,RELIANCE.NS,TCS.NS,0.4475186159828469
2024-12-06,RELIANCE.NS,TCS.NS,0.4512263784707961
2024-12-09,RELIANCE.NS,TCS.NS,0.44563432939714537
2024-12-10,RELIANCE.NS,TCS.NS,0.44044173449610363
2024-12-11,RELIANCE.NS,TCS.NS,0.44100415130287457
2024-12-12,RELIANCE.NS,TCS.NS,0.43278532696961514
2024-12-13,RELIANCE.NS,TCS.NS,0.4351675432517313
2024-12-16,RELIANCE.NS,TCS.NS,0.44875138484023025
2024-12-17,RELIANCE.NS,TCS.NS,0.4769702016046115
2024-12-18,RELIANCE.NS,TCS.NS,0.4867862950016628
2024-12-19,RELIANCE.NS,TCS.NS,0.5047829541732763
2024-12-20,RELIANCE.NS,TCS.NS,0.5220552432153308
2024-12-23,RELIANCE.NS,TCS.NS,0.5111869834885574
2024-12-24,RELIANCE.NS,TCS.NS,0.5108167953671987
2024-12-26,RELIANCE.NS,TCS.NS,0.5141788322602712
2024-12-27,RELIANCE.NS,TCS.NS,0.5100373701783766
2024-12-30,RELIANCE.NS,TCS.NS,0.5133679148519559
2024-12-31,RELIANCE.NS,TCS.NS,0.48991041803131247
2025-01-01,RELIANCE.NS,TCS.NS,0.5027989962112099
2025-01-02,RELIANCE.NS,TCS.NS,0.525473028428243
2025-01-03,RELIANCE.NS,TCS.NS,0.521154464281574
2025-01-06,RELIANCE.NS,TCS.NS,0.5119508889249832
2025-01-07,RELIANCE.NS,TCS.NS,0.4638561481202355
2025-01-08,RELIANCE.NS,TCS.NS,0.49621841712148457
2025-01-09,RELIANCE.NS,TCS.NS,0.5007261042823692
2025-01-10,RELIANCE.NS,TCS.NS,0.40086800957931246
2025-01-13,RELIANCE.NS,TCS.NS,0.4070465404600815
2025-01-14,RELIANCE.NS,TCS.NS,0.4031807044675205
2025-01-15,RELIANCE.NS,TCS.NS,0.40238078286108286
2025-01-16,RELIANCE.NS,TCS.NS,0.3972211849926313
2025-01-17,RELIANCE.NS,TCS.NS,0.36104196973997715
2025-01-20,RELIANCE.NS,TCS.NS,0.36154215395748823
2025-01-21,RELIANCE.NS,TCS.NS,0.37178771724397025
2025-01-22,RELIANCE.NS,TCS.NS,0.37091617658940906
2025-01-23,RELIANCE.NS,TCS.NS,0.36971759559560297
2025-01-24,RELIANCE.NS,TCS.NS,0.36852966385647096
2025-01-27,RELIANCE.NS,TCS.NS,0.3803459453968202
2025-01-28,RELIANCE.NS,TCS.NS,0.37117140414850913
2025-01-29,RELIANCE.NS,TCS.NS,0.37022707481563316
2025-01-30,RELIANCE.NS,TCS.NS,0.3652236955295012
2025-01-31,RELIANCE.NS,TCS.NS,0.3649981918771561
2025-02-01,RELIANCE.NS,TCS.NS,0.33528085732999174
2025-02-03,RELIANCE.NS,TCS.NS,0.3399133532003857
2025-02-04,RELIANCE.NS,TCS.NS,0.34987966909289236
2025-02-05,RELIANCE.NS,TCS.NS,0.36296037618426835
2025-02-06,RELIANCE.NS,TCS.NS,0.3624523440477122
2025-02-07,RELIANCE.NS,TCS.NS,0.36112839849010514
2025-02-10,RELIANCE.NS,TCS.NS,0.3611956380667654
2025-02-11,RELIANCE.NS,TCS.NS,0.37552731195216865
2025-02-12,RELIANCE.NS,TCS.NS,0.38613776732629895
2025-02-13,RELIANCE.NS,TCS.NS,0.4002152658188005
2025-02-14,RELIANCE.NS,TCS.NS,0.31473022272094836
2025-02-17,RELIANCE.NS,TCS.NS,0.2876562389194796
2025-02-18,RELIANCE.NS,TCS.NS,0.28092771999049393
2025-02-19,RELIANCE.NS,TCS.NS,0.26978528824101883
2025-02-20,RELIANCE.NS,TCS.NS,0.24706136532985884
2025-02-21,RELIANCE.NS,TCS.NS,0.2368909922065619
2025-02-24,RELIANCE.NS,TCS.NS,0.2532970394658508
2025-02-25,RELIANCE.NS,TCS.NS,0.2516440858742015
2025-02-27,RELIANCE.NS,TCS.NS,0.26802837705938587
2025-02-28,RELIANCE.NS,TCS.NS,0.24866048651846326
2025-03-03,RELIANCE.NS,TCS.NS,0.22735166008117536
2025-03-04,RELIANCE.NS,TCS.NS,0.22287104836110921
2025-03-05,RELIANCE.NS,TCS.NS,0.22979648694558877
2025-03-06,RELIANCE.NS,TCS.NS,0.26736845608928667
2025-03-07,RELIANCE.NS,TCS.NS,0.28123615681947595
2025-03-10,RELIANCE.NS,TCS.NS,0.27855203057499917
2025-03-11,RELIANCE.NS,TCS.NS,0.2757407649546129
2025-03-12,RELIANCE.NS,TCS.NS,0.24186457796741298
2025-03-13,RELIANCE.NS,TCS.NS,0.2349528104613933
2025-03-17,RELIANCE.NS,TCS.NS,0.21695969019545547
2025-03-18,RELIANCE.NS,TCS.NS,0.18475546290268755
2025-03-19,RELIANCE.NS,TCS.NS,0.1879228182752395
2025-03-20,RELIANCE.NS,TCS.NS,0.21530718009683336
2025-03-21,RELIANCE.NS,TCS.NS,0.21773452020025472
2025-03-24,RELIANCE.NS,TCS.NS,0.23892633189782916
2025-03-25,RELIANCE.NS,TCS.NS,0.22526557199224487
2025-03-26,RELIANCE.NS,TCS.NS,0.23336213056981575
2025-03-27,RELIANCE.NS,TCS.NS,0.23302963117921247
2025-03-28,RELIANCE.NS,TCS.NS,0.21567683180759745
2025-04-01,RELIANCE.NS,TCS.NS,0.2453201671871025
2025-04-02,RELIANCE.NS,TCS.NS,0.255920604999932
2025-04-03,RELIANCE.NS,TCS.NS,0.2787162242481297
2025-04-04,RELIANCE.NS,TCS.NS,0.30837033183506224
2025-04-07,RELIANCE.NS,TCS.NS,0.3005726790714684
2025-04-08,RELIANCE.NS,TCS.NS,0.41450829510392634
2025-04-09,RELIANCE.NS,TCS.NS,0.4120959603089961
2025-04-11,RELIANCE.NS,TCS.NS,0.39830713285354824
2025-04-15,RELIANCE.NS,TCS.NS,0.4016731077726609
2025-04-16,RELIANCE.NS,TCS.NS,0.40775144797229296
2025-04-17,RELIANCE.NS,TCS.NS,0.4287898318069373
2025-04-21,RELIANCE.NS,TCS.NS,0.4403716845646121
2025-04-22,RELIANCE.NS,TCS.NS,0.4358584171686605
2025-04-23,RELIANCE.NS,TCS.NS,0.44794992820681767
2025-04-24,RELIANCE.NS,TCS.NS,0.45071665456568827
2025-04-25,RELIANCE.NS,TCS.NS,0.4525412813090892
2025-04-28,RELIANCE.NS,TCS.NS,0.4032151208684841
2025-04-29,RELIANCE.NS,TCS.NS,0.4146479440967907
2025-04-30,RELIANCE.NS,TCS.NS,0.42259309612716384
2025-05-02,RELIANCE.NS,TCS.NS,0.41796979787081373
2025-05-05,RELIANCE.NS,TCS.NS,0.41811230727282667
2025-05-06,RELIANCE.NS,TCS.NS,0.4126141505255126
2025-05-07,RELIANCE.NS,TCS.NS,0.41839301576324767
2025-05-08,RELIANCE.NS,TCS.NS,0.40237917566755904
2025-05-09,RELIANCE.NS,TCS.NS,0.3944354845422822
2025-05-12,RELIANCE.NS,TCS.NS,0.48591799739530034
2025-05-13,RELIANCE.NS,TCS.NS,0.4936590946057684
2025-05-14,RELIANCE.NS,TCS.NS,0.5002240780079378
2025-05-15,RELIANCE.NS,TCS.NS,0.4962825678599431
2025-05-16,RELIANCE.NS,TCS.NS,0.4992556549394008
2025-05-19,RELIANCE.NS,TCS.NS,0.5036617062418458
2025-05-20,RELIANCE.NS,TCS.NS,0.5065720489827883
2025-05-21,RELIANCE.NS,TCS.NS,0.5074949707744303
2025-05-22,RELIANCE.NS,TCS.NS,0.5140520634352963
2025-05-23,RELIANCE.NS,TCS.NS,0.5258221384549968
2025-05-26,RELIANCE.NS,TCS.NS,0.5261416006264208
2025-05-27,RELIANCE.NS,TCS.NS,0.5319480099377821
2025-05-28,RELIANCE.NS,TCS.NS,0.5228863993423226
2025-05-29,RELIANCE.NS,TCS.NS,0.5183139910906347
2025-05-30,RELIANCE.NS,TCS.NS,0.5171592212964777
2025-06-02,RELIANCE.NS,TCS.NS,0.5251212964310029
2025-06-03,RELIANCE.NS,TCS.NS,0.5472947814060855
2025-06-04,RELIANCE.NS,TCS.NS,0.5629206717786632
2025-06-05,RELIANCE.NS,TCS.NS,0.5580495668732317
2025-06-06,RELIANCE.NS,TCS.NS,0.5426957968153161
2025-06-09,RELIANCE.NS,TCS.NS,0.5494948763614942
2025-06-10,RELIANCE.NS,TCS.NS,0.5320210654989219
2025-06-11,RELIANCE.NS,TCS.NS,0.5346149337039265
2025-06-12,RELIANCE.NS,TCS.NS,0.5554235431157916
2025-06-13,RELIANCE.NS,TCS.NS,0.5520150790182323
2025-06-16,RELIANCE.NS,TCS.NS,0.5506495355571701
2025-06-17,RELIANCE.NS,TCS.NS,0.546019997790664
2025-06-18,RELIANCE.NS,TCS.NS,0.5427698309515445
2025-06-19,RELIANCE.NS,TCS.NS,0.5309685630515949
2025-06-20,RELIANCE.NS,TCS.NS,0.5283650766398484
2025-06-23,RELIANCE.NS,TCS.NS,0.5215257243466849
2025-06-24,RELIANCE.NS,TCS.NS,0.5378888485982345
2025-06-25,RELIANCE.NS,TCS.NS,0.540214569407763
2025-06-26,RELIANCE.NS,TCS.NS,0.5347015048242942
2025-06-27,RELIANCE.NS,TCS.NS,0.531767634390486
2025-06-30,RELIANCE.NS,TCS.NS,0.5088324135561746
2025-07-01,RELIANCE.NS,TCS.NS,0.4910332373674955
2025-07-02,RELIANCE.NS,TCS.NS,0.5131045680367805
2025-07-03,RELIANCE.NS,TCS.NS,0.45597026189984163
2025-07-04,RELIANCE.NS,TCS.NS,0.4524317728222148
2025-07-07,RELIANCE.NS,TCS.NS,0.4476493124886546
2025-07-08,RELIANCE.NS,TCS.NS,0.4517997351828128
2025-07-09,RELIANCE.NS,TCS.NS,0.4860224859685866
2025-07-10,RELIANCE.NS,TCS.NS,0.4847278492808137
2025-07-11,RELIANCE.NS,TCS.NS,0.5119609180442074
2025-07-14,RELIANCE.NS,TCS.NS,0.5162023409268898
2025-07-15,RELIANCE.NS,TCS.NS,0.5086055790778451
2025-07-16,RELIANCE.NS,TCS.NS,0.5086121062658163
2025-07-17,RELIANCE.NS,TCS.NS,0.524417613304644
2025-07-18,RELIANCE.NS,TCS.NS,0.5247647689251944
2025-07-21,RELIANCE.NS,TCS.NS,0.5370998862733546
2025-07-22,RELIANCE.NS,TCS.NS,0.6071407763982208
2025-07-23,RELIANCE.NS,TCS.NS,0.6052849179450537
2025-07-24,RELIANCE.NS,TCS.NS,0.6126824069466145
2025-07-25,RELIANCE.NS,TCS.NS,0.6245156357527335
2025-07-28,RELIANCE.NS,TCS.NS,0.6160622792232794
2025-07-29,RELIANCE.NS,TCS.NS,0.5891059632207367
2025-07-30,RELIANCE.NS,TCS.NS,0.5885127147987919
2025-07-31,RELIANCE.NS,TCS.NS,0.5875429959883566
2025-08-01,RELIANCE.NS,TCS.NS,0.5956391634586088
2025-08-04,RELIANCE.NS,TCS.NS,0.47006185965822384
2025-08-05,RELIANCE.NS,TCS.NS,0.44059716008027
2025-08-06,RELIANCE.NS,TCS.NS,0.43104348428325184
2025-08-07,RELIANCE.NS,TCS.NS,0.4059733533149704
2025-08-08,RELIANCE.NS,TCS.NS,0.40335850091612935
2025-08-11,RELIANCE.NS,TCS.NS,0.39603254310909486
2025-08-12,RELIANCE.NS,TCS.NS,0.39268981533419095
2025-08-13,RELIANCE.NS,TCS.NS,0.39101740009628166
2025-08-14,RELIANCE.NS,TCS.NS,0.3747498405604446
2025-08-18,RELIANCE.NS,TCS.NS,0.3534129357172034
2025-08-19,RELIANCE.NS,TCS.NS,0.3465228963467602
2025-08-20,RELIANCE.NS,TCS.NS,0.2869625941792324
2025-08-21,RELIANCE.NS,TCS.NS,0.2918241086223423
2025-08-22,RELIANCE.NS,TCS.NS,0.3075916452772579
2025-08-25,RELIANCE.NS,TCS.NS,0.30073707795689386
2025-08-26,RELIANCE.NS,TCS.NS,0.27265698700942265
2025-08-28,RELIANCE.NS,TCS.NS,0.2574061840914533
2025-08-29,RELIANCE.NS,TCS.NS,0.25221469968751675
2025-09-01,RELIANCE.NS,TCS.NS,0.2543319453042331
2025-09-02,RELIANCE.NS,TCS.NS,0.2532008117799508
2025-09-03,RELIANCE.NS,TCS.NS,0.24579208455534965
2025-09-04,RELIANCE.NS,TCS.NS,0.25926662822458824
2025-09-05,RELIANCE.NS,TCS.NS,0.2270031714085116
2025-09-08,RELIANCE.NS,TCS.NS,0.21878956307142855
2025-09-09,RELIANCE.NS,TCS.NS,0.22277378506169426
2025-09-10,RELIANCE.NS,TCS.NS,0.20690227278062903
2025-09-11,RELIANCE.NS,TCS.NS,0.2154319194233883
2025-09-12,RELIANCE.NS,TCS.NS,0.22290386713216562
2025-09-15,RELIANCE.NS,TCS.NS,0.22278508994607726
2025-09-16,RELIANCE.NS,TCS.NS,0.22092099287315348
2025-09-17,RELIANCE.NS,TCS.NS,0.22097528683963175
2025-09-18,RELIANCE.NS,TCS.NS,0.22149471006558816
2025-09-19,RELIANCE.NS,TCS.NS,0.1993950819573535
2025-09-22,RELIANCE.NS,TCS.NS,0.23492648973913235
2025-09-23,RELIANCE.NS,TCS.NS,0.2352353512056691
2025-09-24,RELIANCE.NS,TCS.NS,0.24995822226934306
2025-09-25,RELIANCE.NS,TCS.NS,0.29040332144577363
2025-09-26,RELIANCE.NS,TCS.NS,0.27235849448983707
2025-09-29,RELIANCE.NS,TCS.NS,0.2725708526615024
2025-09-30,RELIANCE.NS,TCS.NS,0.26539811736309443
2025-10-01,RELIANCE.NS,TCS.NS,0.2736348639874226
2025-10-03,RELIANCE.NS,TCS.NS,0.2740857389073684
2025-10-06,RELIANCE.NS,TCS.NS,0.29681274971525967
2025-10-07,RELIANCE.NS,TCS.NS,0.2914538388856941
2025-10-08,RELIANCE.NS,TCS.NS,0.21401704765213653
2025-10-09,RELIANCE.NS,TCS.NS,0.21746594414129475
2025-10-10,RELIANCE.NS,TCS.NS,0.20870599828447312
2025-10-13,RELIANCE.NS,TCS.NS,0.21136785554029408
2025-10-14,RELIANCE.NS,TCS.NS,0.20194552791540143
2025-10-15,RELIANCE.NS,TCS.NS,0.20189303592283347
2025-10-16,RELIANCE.NS,TCS.NS,0.17726037746204515
2025-10-17,RELIANCE.NS,TCS.NS,0.17475655908046964
2025-10-20,RELIANCE.NS,TCS.NS,0.23325373392075954
2025-10-21,RELIANCE.NS,TCS.NS,0.22018495860929446
2025-10-23,RELIANCE.NS,TCS.NS,0.17382992817468604
2025-10-24,RELIANCE.NS,TCS.NS,0.16751541934087005
2025-10-27,RELIANCE.NS,TCS.NS,0.20681147431339497
2025-10-28,RELIANCE.NS,TCS.NS,0.20459710134676953
2025-10-29,RELIANCE.NS,TCS.NS,0.19510863766017927
2025-10-30,RELIANCE.NS,TCS.NS,0.20716819303016779
2025-10-31,RELIANCE.NS,TCS.NS,0.1754980648603309
2025-11-03,RELIANCE.NS,TCS.NS,0.17411825083625365
2025-11-04,RELIANCE.NS,TCS.NS,0.18337418698783092
2025-11-06,RELIANCE.NS,TCS.NS,0.1961676490919004
2025-11-07,RELIANCE.NS,TCS.NS,0.20112726334829747
2025-11-10,RELIANCE.NS,TCS.NS,0.2085522051446179
2025-11-11,RELIANCE.NS,TCS.NS,0.2084041663008729
2025-11-12,RELIANCE.NS,TCS.NS,0.23571615396741324
2025-11-13,RELIANCE.NS,TCS.NS,0.23494525548307316
2025-11-14,RELIANCE.NS,TCS.NS,0.2372510882884651
2025-11-17,RELIANCE.NS,TCS.NS,0.24853699871483806
2025-11-18,RELIANCE.NS,TCS.NS,0.28287929385869265
2025-11-19,RELIANCE.NS,TCS.NS,0.2733429346750279
2025-11-20,RELIANCE.NS,TCS.NS,0.2410179926818252
2025-11-21,RELIANCE.NS,TCS.NS,0.2476398552532234
2025-11-24,RELIANCE.NS,TCS.NS,0.27727066350757273
2025-11-25,RELIANCE.NS,TCS.NS,0.27930876693881124
2025-11-26,RELIANCE.NS,TCS.NS,0.3074372743828333
2025-11-27,RELIANCE.NS,TCS.NS,0.32228195004306004
2025-11-28,RELIANCE.NS,TCS.NS,0.324500556746743
2025-12-01,RELIANCE.NS,TCS.NS,0.32715037580646317
2025-12-02,RELIANCE.NS,TCS.NS,0.32199402428088647
2025-12-03,RELIANCE.NS,TCS.NS,0.3336949402776022
2025-12-04,RELIANCE.NS,TCS.NS,0.323526953506054
2025-12-05,RELIANCE.NS,TCS.NS,0.330627539154009
2025-12-08,RELIANCE.NS,TCS.NS,0.34225043101825886
2025-12-09,RELIANCE.NS,TCS.NS,0.3511522616159368
2025-12-10,RELIANCE.NS,TCS.NS,0.3457200154476824
2025-12-11,RELIANCE.NS,TCS.NS,0.34835607305364835
2025-12-12,RELIANCE.NS,TCS.NS,0.3516710600575753
2025-12-15,RELIANCE.NS,TCS.NS,0.3471781619113361
2025-12-16,RELIANCE.NS,TCS.NS,0.35548028305235424
2025-12-17,RELIANCE.NS,TCS.NS,0.3539689746853689
2025-12-18,RELIANCE.NS,TCS.NS,0.2998639678885719
2025-12-19,RELIANCE.NS,TCS.NS,0.29296312743601155
2025-12-22,RELIANCE.NS,TCS.NS,0.2898853802855792
2025-12-23,RELIANCE.NS,TCS.NS,0.2656676572858105
2025-12-24,RELIANCE.NS,TCS.NS,0.27848878184734155
2025-12-26,RELIANCE.NS,TCS.NS,0.27552223759653655
2025-12-29,RELIANCE.NS,TCS.NS,0.2856836476086415
2025-12-30,RELIANCE.NS,TCS.NS,0.28745171471968345
2025-12-31,RELIANCE.NS,TCS.NS,0.2275674543543057
2026-01-01,RELIANCE.NS,TCS.NS,0.21290959921202213
2026-01-02,RELIANCE.NS,TCS.NS,0.226138082039879
2026-01-05,RELIANCE.NS,TCS.NS,0.30124400205745644
2026-01-06,RELIANCE.NS,TCS.NS,0.16441460889407777
2026-01-07,RELIANCE.NS,TCS.NS,0.16084565416898078
2026-01-08,RELIANCE.NS,TCS.NS,0.2350848395375692
2026-01-09,RELIANCE.NS,TCS.NS,0.23913510364147034
2026-01-12,RELIANCE.NS,TCS.NS,0.2449773190447239
2026-01-13,RELIANCE.NS,TCS.NS,0.2223078599804021
2026-01-14,RELIANCE.NS,TCS.NS,0.21010983319220577
2026-01-15,RELIANCE.NS,TCS.NS,0.14504794365276144
2026-01-16,RELIANCE.NS,TCS.NS,0.1378492951796893
2026-01-19,RELIANCE.NS,TCS.NS,0.22744579052152752
2026-01-20,RELIANCE.NS,TCS.NS,0.25625394594819006
2026-01-21,RELIANCE.NS,TCS.NS,0.25036257108871596
2026-01-22,RELIANCE.NS,TCS.NS,0.25382976351544406
2026-01-23,RELIANCE.NS,TCS.NS,0.2519577413267197
2026-01-27,RELIANCE.NS,TCS.NS,0.24467528260432178
2026-01-28,RELIANCE.NS,TCS.NS,0.2620661544449037
2026-01-29,RELIANCE.NS,TCS.NS,0.2670361288699038
2026-01-30,RELIANCE.NS,TCS.NS,0.254716414075716
2026-02-02,RELIANCE.NS,TCS.NS,0.23876270656124726
2026-02-03,RELIANCE.NS,TCS.NS,0.2794522692868811
2026-02-04,RELIANCE.NS,TCS.NS,0.10910528336158244
2026-02-05,RELIANCE.NS,TCS.NS,0.10901899339170176
2026-02-06,RELIANCE.NS,TCS.NS,0.06685282648348279
2026-02-09,RELIANCE.NS,TCS.NS,0.06911608178688482
2026-02-10,RELIANCE.NS,TCS.NS,0.06650255721777544
2026-02-11,RELIANCE.NS,TCS.NS,0.04658628575703902
2026-02-12,RELIANCE.NS,TCS.NS,0.10248600963279246
2026-02-13,RELIANCE.NS,TCS.NS,0.13137970240131408
2026-02-16,RELIANCE.NS,TCS.NS,0.1396433670006271
2026-02-17,RELIANCE.NS,TCS.NS,0.13461737281613834
2026-02-18,RELIANCE.NS,TCS.NS,0.12533740887549638
2026-02-19,RELIANCE.NS,TCS.NS,0.13126871783410063
2026-02-20,RELIANCE.NS,TCS.NS,0.10953216013637959
2026-02-23,RELIANCE.NS,TCS.NS,0.10705253616740444
2026-02-24,RELIANCE.NS,TCS.NS,0.09604177200639721
2026-02-25,RELIANCE.NS,TCS.NS,0.054703691024581905
2026-02-26,RELIANCE.NS,TCS.NS,0.06318662181969026
2026-02-27,RELIANCE.NS,TCS.NS,0.06877632133188423
2026-03-02,RELIANCE.NS,TCS.NS,0.0793779427709592
2026-03-04,RELIANCE.NS,TCS.NS,0.08065546128865651
2026-03-05,RELIANCE.NS,TCS.NS,0.07502122126555023
2026-03-06,RELIANCE.NS,TCS.NS,0.06729114099362385
2026-03-09,RELIANCE.NS,TCS.NS,0.05864102436702387
2026-03-10,RELIANCE.NS,TCS.NS,0.057965085818587364
2026-03-11,RELIANCE.NS,TCS.NS,0.06226663089125429
2026-03-12,RELIANCE.NS,TCS.NS,0.060318718307070404
2026-03-13,RELIANCE.NS,TCS.NS,0.06253544941132227
2026-03-16,RELIANCE.NS,TCS.NS,0.06375410479804747
2026-03-17,RELIANCE.NS,TCS.NS,0.06141276736339259
2026-03-18,RELIANCE.NS,TCS.NS,0.0717954521823077
2026-03-19,RELIANCE.NS,TCS.NS,0.09039603930537764
2026-03-20,RELIANCE.NS,TCS.NS,0.11875983852949638
2026-03-23,RELIANCE.NS,TCS.NS,0.1219913095371783
2026-03-24,RELIANCE.NS,TCS.NS,0.12604333636150689
2026-03-25,RELIANCE.NS,TCS.NS,0.12365301513178906
2026-03-27,RELIANCE.NS,TCS.NS,0.0871554683048508
2026-03-30,RELIANCE.NS,TCS.NS,0.10033006752619036
2026-04-01,RELIANCE.NS,TCS.NS,0.12707521118737258
2026-04-02,RELIANCE.NS,TCS.NS,0.10148690985130132
2026-04-06,RELIANCE.NS,TCS.NS,0.07038227367260083
2026-04-07,RELIANCE.NS,TCS.NS,0.12093921452669
2026-04-08,RELIANCE.NS,TCS.NS,0.14011529642447887
2026-04-09,RELIANCE.NS,TCS.NS,0.10137203736104004
2026-04-10,RELIANCE.NS,TCS.NS,0.07641212282293723
2026-04-13,RELIANCE.NS,TCS.NS,0.09311109541617772
2026-04-15,RELIANCE.NS,TCS.NS,0.15272152595904345
2026-04-16,RELIANCE.NS,TCS.NS,0.16020054700080316
2026-04-17,RELIANCE.NS,TCS.NS,0.16312290092194953
2026-04-20,RELIANCE.NS,TCS.NS,0.16525503082631915
2026-04-21,RELIANCE.NS,TCS.NS,0.14582649080164028
2026-04-22,RELIANCE.NS,TCS.NS,0.12255328744732347
2026-04-23,RELIANCE.NS,TCS.NS,0.12028539777193042
2026-04-24,RELIANCE.NS,TCS.NS,0.14273893068065935
2026-04-27,RELIANCE.NS,TCS.NS,0.1819278516242949
2026-04-28,RELIANCE.NS,TCS.NS,0.1835093766514793
2026-04-29,RELIANCE.NS,TCS.NS,0.19232720154399338
2026-04-30,RELIANCE.NS,TCS.NS,0.1904599411770208
2026-05-01,RELIANCE.NS,TCS.NS,0.19073382373883582
2026-05-04,RELIANCE.NS,TCS.NS,0.17797300268006322
2026-05-05,RELIANCE.NS,TCS.NS,0.14681974575323073
2026-05-06,RELIANCE.NS,TCS.NS,0.20951588168765736
2026-05-07,RELIANCE.NS,TCS.NS,0.21064300181552892
2026-05-08,RELIANCE.NS,TCS.NS,0.2159928312842181
2026-05-11,RELIANCE.NS,TCS.NS,0.2019192770410945
2026-05-12,RELIANCE.NS,TCS.NS,0.2290962317401702
2026-05-13,RELIANCE.NS,TCS.NS,0.24286379972451125
2026-05-14,RELIANCE.NS,TCS.NS,0.22178102095098842
2026-05-15,RELIANCE.NS,TCS.NS,0.18937011232511508
2026-05-18,RELIANCE.NS,TCS.NS,0.18366016195144597
2026-05-19,RELIANCE.NS,TCS.NS,0.1727486160786848
2026-05-20,RELIANCE.NS,TCS.NS,0.17899520131328314
2026-05-21,RELIANCE.NS,TCS.NS,0.17501206370758143
2026-05-22,RELIANCE.NS,TCS.NS,0.17229914965567825
2026-05-25,RELIANCE.NS,TCS.NS,0.1790463995552605
2026-05-26,RELIANCE.NS,TCS.NS,0.1941691487091589
2026-05-27,RELIANCE.NS,TCS.NS,0.2308000275355345
2026-05-28,RELIANCE.NS,TCS.NS,0.22793946450381986
2026-05-29,RELIANCE.NS,TCS.NS,0.23604617718291498
2026-06-01,RELIANCE.NS,TCS.NS,0.22594491183506493
2026-06-02,RELIANCE.NS,TCS.NS,0.17955519189449382
2026-06-03,RELIANCE.NS,TCS.NS,0.16574776472456773
2026-06-04,RELIANCE.NS,TCS.NS,0.1699724439246189
2026-06-05,RELIANCE.NS,TCS.NS,0.18174983233098443
2026-06-08,RELIANCE.NS,TCS.NS,0.19673838121643103
2026-06-09,RELIANCE.NS,TCS.NS,0.1887048853667417
2026-06-10,RELIANCE.NS,TCS.NS,0.1886227114760824
2026-06-11,RELIANCE.NS,TCS.NS,0.18335437716929742
2026-06-12,RELIANCE.NS,TCS.NS,0.19626967488968852
2026-06-15,RELIANCE.NS,TCS.NS,0.19731749238362536
2026-06-16,RELIANCE.NS,TCS.NS,0.20333581754121322
2026-06-17,RELIANCE.NS,TCS.NS,0.18341376510311685
2026-06-18,RELIANCE.NS,TCS.NS,0.17037168273186487
2026-06-19,RELIANCE.NS,TCS.NS,0.18816807480306588
2026-06-22,RELIANCE.NS,TCS.NS,0.18774797027134374
2026-06-23,RELIANCE.NS,TCS.NS,0.20237705118120478
2026-06-24,RELIANCE.NS,TCS.NS,0.236943989613047
2026-06-25,RELIANCE.NS,TCS.NS,0.23459434407844712
2026-06-26,RELIANCE.NS,TCS.NS,0.21678858048239927
2026-06-29,RELIANCE.NS,TCS.NS,0.23024708063831817
2026-06-30,RELIANCE.NS,TCS.NS,0.26909520544704274
2026-07-01,RELIANCE.NS,TCS.NS,0.25774037576539
2026-07-02,RELIANCE.NS,TCS.NS,0.2308026158840556
2026-07-03,RELIANCE.NS,TCS.NS,0.2441040458191414
2026-07-06,RELIANCE.NS,TCS.NS,0.2545565230378391
2026-07-07,RELIANCE.NS,TCS.NS,0.22126981665640127
2026-07-08,RELIANCE.NS,TCS.NS,0.1989225161071471
2026-07-09,RELIANCE.NS,TCS.NS,0.19909470267776166
2026-07-10,RELIANCE.NS,TCS.NS,0.20852489441278527
2026-07-13,RELIANCE.NS,TCS.NS,0.1717257164416574
2026-07-14,RELIANCE.NS,TCS.NS,0.1762182911921377
2026-07-15,RELIANCE.NS,TCS.NS,0.18924136980679843
2026-07-16,RELIANCE.NS,TCS.NS,0.18770441832276444
2026-07-17,RELIANCE.NS,TCS.NS,0.1996781449677625
2026-07-20,RELIANCE.NS,TCS.NS,0.17290309782343544
2026-07-21,RELIANCE.NS,TCS.NS,0.1842556631268549
2026-07-22,RELIANCE.NS,TCS.NS,0.17098201114786787
2026-07-23,RELIANCE.NS,TCS.NS,0.15726745526291655
2026-07-24,RELIANCE.NS,TCS.NS,0.15914613145428677
2026-07-27,RELIANCE.NS,TCS.NS,0.1946145816587556
2026-07-28,RELIANCE.NS,TCS.NS,0.16723652937863734
2026-07-29,RELIANCE.NS,TCS.NS,0.18108179888356243
2026-07-30,RELIANCE.NS,TCS.NS,0.17337981678203687
2026-07-31,RELIANCE.NS,TCS.NS,0.14793270570528197
2026-08-03,RELIANCE.NS,TCS.NS,0.1755220554429885
2026-08-04,RELIANCE.NS,TCS.NS,0.14511325167530773
2026-08-05,RELIANCE.NS,TCS.NS,0.1514335234365599
2026-08-06,RELIANCE.NS,TCS.NS,0.10514028676235015
2026-08-07,RELIANCE.NS,TCS.NS,0.1257710058693683
2026-08-10,RELIANCE.NS,TCS.NS,0.12969937109924076
2026-08-11,RELIANCE.NS,TCS.NS,0.14013269310035387
2026-08-12,RELIANCE.NS,TCS.NS,0.1354130791379771
2026-08-13,RELIANCE.NS,TCS.NS,0.12946372158815167
2026-08-14,RELIANCE.NS,TCS.NS,0.13258155383535986
2026-08-17,RELIANCE.NS,TCS.NS,0.12115239110792085
2026-08-18,RELIANCE.NS,TCS.NS,0.11074991920897635
2026-08-19,RELIANCE.NS,TCS.NS,0.10947286255950266
2026-08-20,RELIANCE.NS,TCS.NS,0.10985000963929041
2026-08-21,RELIANCE.NS,TCS.NS,0.09815341063894585
2026-08-24,RELIANCE.NS,TCS.NS,0.10165709564526874
2026-08-25,RELIANCE.NS,TCS.NS,0.12801365824173205
2026-08-26,RELIANCE.NS,TCS.NS,0.14847845081069114
2026-08-27,RELIANCE.NS,TCS.NS,0.15557824067804432
2026-08-28,RELIANCE.NS,TCS.NS,0.1555537246942559
2026-08-31,RELIANCE.NS,TCS.NS,0.11035474456480425
2026-09-01,RELIANCE.NS,TCS.NS,0.08151443950629485
2026-09-02,RELIANCE.NS,TCS.NS,0.07957700531696056
2026-09-03,RELIANCE.NS,TCS.NS,0.08920295221613023
2026-09-04,RELIANCE.NS,TCS.NS,0.0651862889377102
2026-09-07,RELIANCE.NS,TCS.NS,0.07657948615190187
2026-09-08,RELIANCE.NS,TCS.NS,0.06402238160488728
2026-09-09,RELIANCE.NS,TCS.NS,0.07835814873143047
2026-09-10,RELIANCE.NS,TCS.NS,0.07711779481559924
2026-09-11,RELIANCE.NS,TCS.NS,0.04617443118623268
2026-09-14,RELIANCE.NS,TCS.NS,0.046241505160785165
2026-09-15,RELIANCE.NS,TCS.NS,-0.009374835894547549
2026-09-16,RELIANCE.NS,TCS.NS,-0.025921267739344615
2026-09-17,RELIANCE.NS,TCS.NS,-0.023632974510921546
2026-09-18,RELIANCE.NS,TCS.NS,0.01352566560795492
2026-09-21,RELIANCE.NS,TCS.NS,0.02766718177260446
2026-09-22,RELIANCE.NS,TCS.NS,0.02133005158298215
2026-09-23,RELIANCE.NS,TCS.NS,0.03841616163509279
2026-09-24,RELIANCE.NS,TCS.NS,0.04984565242562038
2026-09-25,RELIANCE.NS,TCS.NS,0.04739494930415737
2026-09-28,RELIANCE.NS,TCS.NS,0.0740144977797669
2026-09-29,RELIANCE.NS,TCS.NS,0.09974671717198276
2026-09-30,RELIANCE.NS,TCS.NS,0.07520716957164786
2026-10-01,RELIANCE.NS,TCS.NS,0.06286022273319981
2021-12-31,RELIANCE.NS,INFY.NS,0.4878904833781509
2022-01-03,RELIANCE.NS,INFY.NS,0.47993555189435744
2022-01-04,RELIANCE.NS,INFY.NS,0.4691310625194616
2022-01-05,RELIANCE.NS,INFY.NS,0.41946512318960183
2022-01-06,RELIANCE.NS,INFY.NS,0.43145526677880924
2022-01-07,RELIANCE.NS,INFY.NS,0.43139634835229607
2022-01-10,RELIANCE.NS,INFY.NS,0.4228708405309177
2022-01-11,RELIANCE.NS,INFY.NS,0.42230519991353166
2022-01-12,RELIANCE.NS,INFY.NS,0.4546475556560588
2022-01-13,RELIANCE.NS,INFY.NS,0.4521026776761007
2022-01-14,RELIANCE.NS,INFY.NS,0.44493033003567467
2022-01-17,RELIANCE.NS,INFY.NS,0.4141379798557649
2022-01-18,RELIANCE.NS,INFY.NS,0.43296691106446383
2022-01-19,RELIANCE.NS,INFY.NS,0.4101805243027861
2022-01-20,RELIANCE.NS,INFY.NS,0.42284151529337605
2022-01-21,RELIANCE.NS,INFY.NS,0.42879935621342546
2022-01-24,RELIANCE.NS,INFY.NS,0.46489073912221185
2022-01-25,RELIANCE.NS,INFY.NS,0.4461935710177365
2022-01-27,RELIANCE.NS,INFY.NS,0.45968627594768197
2022-01-28,RELIANCE.NS,INFY.NS,0.4604491520717433
2022-01-31,RELIANCE.NS,INFY.NS,0.48213117078046275
2022-02-01,RELIANCE.NS,INFY.NS,0.4705961931052047
2022-02-02,RELIANCE.NS,INFY.NS,0.4735993729066645
2022-02-03,RELIANCE.NS,INFY.NS,0.47856232591151027
2022-02-04,RELIANCE.NS,INFY.NS,0.48008375956121463
2022-02-07,RELIANCE.NS,INFY.NS,0.48135338452259385
2022-02-08,RELIANCE.NS,INFY.NS,0.46773030567080137
2022-02-09,RELIANCE.NS,INFY.NS,0.47464195650166524
2022-02-10,RELIANCE.NS,INFY.NS,0.47878966903167464
2022-02-11,RELIANCE.NS,INFY.NS,0.47105523149404854
2022-02-14,RELIANCE.NS,INFY.NS,0.48198783294302383
2022-02-15,RELIANCE.NS,INFY.NS,0.5157321233552742
2022-02-16,RELIANCE.NS,INFY.NS,0.5265144941456132
2022-02-17,RELIANCE.NS,INFY.NS,0.5116504416755112
2022-02-18,RELIANCE.NS,INFY.NS,0.5160373753442941
2022-02-21,RELIANCE.NS,INFY.NS,0.48554623611967024
2022-02-22,RELIANCE.NS,INFY.NS,0.4854085494526725
2022-02-23,RELIANCE.NS,INFY.NS,0.4972551202230168
2022-02-24,RELIANCE.NS,INFY.NS,0.5625921199645263
2022-02-25,RELIANCE.NS,INFY.NS,0.5643642801819878
2022-02-28,RELIANCE.NS,INFY.NS,0.571218630820731
2022-03-02,RELIANCE.NS,INFY.NS,0.5451182861309057
2022-03-03,RELIANCE.NS,INFY.NS,0.533902920590067
2022-03-04,RELIANCE.NS,INFY.NS,0.5135113974028067
2022-03-07,RELIANCE.NS,INFY.NS,0.46818761565562333
2022-03-08,RELIANCE.NS,INFY.NS,0.4608805197502442
2022-03-09,RELIANCE.NS,INFY.NS,0.4751614755846261
2022-03-10,RELIANCE.NS,INFY.NS,0.48153506361762505
2022-03-11,RELIANCE.NS,INFY.NS,0.4808324440942319
2022-03-14,RELIANCE.NS,INFY.NS,0.47021024597508165
2022-03-15,RELIANCE.NS,INFY.NS,0.5485917389690469
2022-03-16,RELIANCE.NS,INFY.NS,0.5515532815024907
2022-03-17,RELIANCE.NS,INFY.NS,0.49756872070641694
2022-03-21,RELIANCE.NS,INFY.NS,0.4963676191481535
2022-03-22,RELIANCE.NS,INFY.NS,0.513949553660682
2022-03-23,RELIANCE.NS,INFY.NS,0.5119319013655701
2022-03-24,RELIANCE.NS,INFY.NS,0.5143841929925568
2022-03-25,RELIANCE.NS,INFY.NS,0.5089519816417382
2022-03-28,RELIANCE.NS,INFY.NS,0.5073548895562434
2022-03-29,RELIANCE.NS,INFY.NS,0.5156669878012041
2022-03-30,RELIANCE.NS,INFY.NS,0.5195684070855963
2022-03-31,RELIANCE.NS,INFY.NS,0.513841446519725
2022-04-01,RELIANCE.NS,INFY.NS,0.5182262181696702
2022-04-04,RELIANCE.NS,INFY.NS,0.5335344484820266
2022-04-05,RELIANCE.NS,INFY.NS,0.5300014130658008
2022-04-06,RELIANCE.NS,INFY.NS,0.530481599992394
2022-04-07,RELIANCE.NS,INFY.NS,0.5410355516540053
2022-04-08,RELIANCE.NS,INFY.NS,0.5391979065635334
2022-04-11,RELIANCE.NS,INFY.NS,0.5269898093790978
2022-04-12,RELIANCE.NS,INFY.NS,0.5319085343032619
2022-04-13,RELIANCE.NS,INFY.NS,0.5344112771610812
2022-04-18,RELIANCE.NS,INFY.NS,0.4801302223746767
2022-04-19,RELIANCE.NS,INFY.NS,0.39198229435158755
2022-04-20,RELIANCE.NS,INFY.NS,0.41008586051226614
2022-04-21,RELIANCE.NS,INFY.NS,0.41181079766705575
2022-04-22,RELIANCE.NS,INFY.NS,0.4181253054381371
2022-04-25,RELIANCE.NS,INFY.NS,0.3994516592519842
2022-04-26,RELIANCE.NS,INFY.NS,0.4075271979517353
2022-04-27,RELIANCE.NS,INFY.NS,0.3949303298738223
2022-04-28,RELIANCE.NS,INFY.NS,0.40248110791814595
2022-04-29,RELIANCE.NS,INFY.NS,0.3903209447414623
2022-05-02,RELIANCE.NS,INFY.NS,0.40385022740467724
2022-05-04,RELIANCE.NS,INFY.NS,0.3964732102328578
2022-05-05,RELIANCE.NS,INFY.NS,0.33816173739263466
2022-05-06,RELIANCE.NS,INFY.NS,0.3462903394868471
2022-05-09,RELIANCE.NS,INFY.NS,0.2939002884760294
2022-05-10,RELIANCE.NS,INFY.NS,0.298627059771628
2022-05-11,RELIANCE.NS,INFY.NS,0.29926593359044834
2022-05-12,RELIANCE.NS,INFY.NS,0.30873861664951646
2022-05-13,RELIANCE.NS,INFY.NS,0.3094916979518166
2022-05-16,RELIANCE.NS,INFY.NS,0.29882957409196537
2022-05-17,RELIANCE.NS,INFY.NS,0.2884399957910824
2022-05-18,RELIANCE.NS,INFY.NS,0.28777966826154094
2022-05-19,RELIANCE.NS,INFY.NS,0.32065179907454927
2022-05-20,RELIANCE.NS,INFY.NS,0.3458580255167616
2022-05-23,RELIANCE.NS,INFY.NS,0.35097675608153417
2022-05-24,RELIANCE.NS,INFY.NS,0.34957228272793817
2022-05-25,RELIANCE.NS,INFY.NS,0.3527312444876654
2022-05-26,RELIANCE.NS,INFY.NS,0.29884808275211533
2022-05-27,RELIANCE.NS,INFY.NS,0.28173008600089317
2022-05-30,RELIANCE.NS,INFY.NS,0.31223037711427315
2022-05-31,RELIANCE.NS,INFY.NS,0.31739669829314726
2022-06-01,RELIANCE.NS,INFY.NS,0.323552071844864
2022-06-02,RELIANCE.NS,INFY.NS,0.3481615949019409
2022-06-03,RELIANCE.NS,INFY.NS,0.38305001175008363
2022-06-06,RELIANCE.NS,INFY.NS,0.38958070144841545
2022-06-07,RELIANCE.NS,INFY.NS,0.3677013844034343
2022-06-08,RELIANCE.NS,INFY.NS,0.3623796936876132
2022-06-09,RELIANCE.NS,INFY.NS,0.3694513313055123
2022-06-10,RELIANCE.NS,INFY.NS,0.390116666671711
2022-06-13,RELIANCE.NS,INFY.NS,0.39133258920983965
2022-06-14,RELIANCE.NS,INFY.NS,0.3682035717237653
2022-06-15,RELIANCE.NS,INFY.NS,0.39965977044242823
2022-06-16,RELIANCE.NS,INFY.NS,0.40610957417332155
2022-06-17,RELIANCE.NS,INFY.NS,0.3888758228229652
2022-06-20,RELIANCE.NS,INFY.NS,0.36315276959737464
2022-06-21,RELIANCE.NS,INFY.NS,0.3697039774974547
2022-06-22,RELIANCE.NS,INFY.NS,0.3689642919519549
2022-06-23,RELIANCE.NS,INFY.NS,0.35610394231669484
2022-06-24,RELIANCE.NS,INFY.NS,0.35239219976744474
2022-06-27,RELIANCE.NS,INFY.NS,0.3380410169547087
2022-06-28,RELIANCE.NS,INFY.NS,0.3451049314117874
2022-06-29,RELIANCE.NS,INFY.NS,0.33495996746146084
2022-06-30,RELIANCE.NS,INFY.NS,0.3366575689372495
2022-07-01,RELIANCE.NS,INFY.NS,0.2614883538098738
2022-07-04,RELIANCE.NS,INFY.NS,0.262338345239628
2022-07-05,RELIANCE.NS,INFY.NS,0.2575252789232577
2022-07-06,RELIANCE.NS,INFY.NS,0.2506995277903733
2022-07-07,RELIANCE.NS,INFY.NS,0.2497600483502826
2022-07-08,RELIANCE.NS,INFY.NS,0.24452387694565839
2022-07-11,RELIANCE.NS,INFY.NS,0.2282649001119954
2022-07-12,RELIANCE.NS,INFY.NS,0.2450879856210647
2022-07-13,RELIANCE.NS,INFY.NS,0.3132314179450295
2022-07-14,RELIANCE.NS,INFY.NS,0.2920358710495607
2022-07-15,RELIANCE.NS,INFY.NS,0.27538488768370356
2022-07-18,RELIANCE.NS,INFY.NS,0.27948181467464683
2022-07-19,RELIANCE.NS,INFY.NS,0.2681985659819217
2022-07-20,RELIANCE.NS,INFY.NS,0.2758032876411109
2022-07-21,RELIANCE.NS,INFY.NS,0.2762278643650203
2022-07-22,RELIANCE.NS,INFY.NS,0.25744515842286514
2022-07-25,RELIANCE.NS,INFY.NS,0.25201129215579754
2022-07-26,RELIANCE.NS,INFY.NS,0.24191287535211184
2022-07-27,RELIANCE.NS,INFY.NS,0.24164333710804783
2022-07-28,RELIANCE.NS,INFY.NS,0.2907747797056413
2022-07-29,RELIANCE.NS,INFY.NS,0.3021374825977874
2022-08-01,RELIANCE.NS,INFY.NS,0.34008254197307336
2022-08-02,RELIANCE.NS,INFY.NS,0.3334742076778299
2022-08-03,RELIANCE.NS,INFY.NS,0.33064748126310645
2022-08-04,RELIANCE.NS,INFY.NS,0.30495206835777405
2022-08-05,RELIANCE.NS,INFY.NS,0.2992230133502446
2022-08-08,RELIANCE.NS,INFY.NS,0.2989412029331463
2022-08-10,RELIANCE.NS,INFY.NS,0.27393704014576004
2022-08-11,RELIANCE.NS,INFY.NS,0.27599945663075964
2022-08-12,RELIANCE.NS,INFY.NS,0.2189435452680827
2022-08-16,RELIANCE.NS,INFY.NS,0.18395505427608666
2022-08-17,RELIANCE.NS,INFY.NS,0.18818154088306813
2022-08-18,RELIANCE.NS,INFY.NS,0.1911334937046474
2022-08-19,RELIANCE.NS,INFY.NS,0.18313542189594934
2022-08-22,RELIANCE.NS,INFY.NS,0.18909747536287283
2022-08-23,RELIANCE.NS,INFY.NS,0.1771157106227246
2022-08-24,RELIANCE.NS,INFY.NS,0.10422896889042113
2022-08-25,RELIANCE.NS,INFY.NS,0.1027754191331566
2022-08-26,RELIANCE.NS,INFY.NS,0.1032448048814693
2022-08-29,RELIANCE.NS,INFY.NS,0.07941220006698979
2022-08-30,RELIANCE.NS,INFY.NS,0.08802610705216327
2022-09-01,RELIANCE.NS,INFY.NS,0.11729893704699518
2022-09-02,RELIANCE.NS,INFY.NS,0.12446119339688157
2022-09-05,RELIANCE.NS,INFY.NS,0.12632290904862892
2022-09-06,RELIANCE.NS,INFY.NS,0.10918481966802393
2022-09-07,RELIANCE.NS,INFY.NS,0.06848209101333351
2022-09-08,RELIANCE.NS,INFY.NS,0.030770405352727223
2022-09-09,RELIANCE.NS,INFY.NS,0.0300671170069688
2022-09-12,RELIANCE.NS,INFY.NS,0.030059875387495057
2022-09-13,RELIANCE.NS,INFY.NS,0.014801553265010993
2022-09-14,RELIANCE.NS,INFY.NS,0.05462967986865746
2022-09-15,RELIANCE.NS,INFY.NS,0.0928785525029367
2022-09-16,RELIANCE.NS,INFY.NS,0.12154691759591724
2022-09-19,RELIANCE.NS,INFY.NS,0.11112911515082217
2022-09-20,RELIANCE.NS,INFY.NS,0.12361124769699595
2022-09-21,RELIANCE.NS,INFY.NS,0.12939558424478537
2022-09-22,RELIANCE.NS,INFY.NS,0.13915268397619215
2022-09-23,RELIANCE.NS,INFY.NS,0.13505440264996044
2022-09-26,RELIANCE.NS,INFY.NS,0.13012100925865092
2022-09-27,RELIANCE.NS,INFY.NS,0.13543089194804867
2022-09-28,RELIANCE.NS,INFY.NS,0.22507378116369528
2022-09-29,RELIANCE.NS,INFY.NS,0.22333334872806568
2022-09-30,RELIANCE.NS,INFY.NS,0.24110615171446123
2022-10-03,RELIANCE.NS,INFY.NS,0.2515921188832597
2022-10-04,RELIANCE.NS,INFY.NS,0.2817849605957422
2022-10-06,RELIANCE.NS,INFY.NS,0.28348442051244105
2022-10-07,RELIANCE.NS,INFY.NS,0.3158700299305723
2022-10-10,RELIANCE.NS,INFY.NS,0.3098608404643491
2022-10-11,RELIANCE.NS,INFY.NS,0.34476060235244604
2022-10-12,RELIANCE.NS,INFY.NS,0.35396605395247727
2022-10-13,RELIANCE.NS,INFY.NS,0.3519825723432819
2022-10-14,RELIANCE.NS,INFY.NS,0.31664680994176087
2022-10-17,RELIANCE.NS,INFY.NS,0.326313093025996
2022-10-18,RELIANCE.NS,INFY.NS,0.30680261461125086
2022-10-19,RELIANCE.NS,INFY.NS,0.29403593612921536
2022-10-20,RELIANCE.NS,INFY.NS,0.30605270422100006
2022-10-21,RELIANCE.NS,INFY.NS,0.3159539856515261
2022-10-24,RELIANCE.NS,INFY.NS,0.32871413838389746
2022-10-25,RELIANCE.NS,INFY.NS,0.32176648832954
2022-10-27,RELIANCE.NS,INFY.NS,0.29895885194862903
2022-10-28,RELIANCE.NS,INFY.NS,0.24364235535981
2022-10-31,RELIANCE.NS,INFY.NS,0.25864246451854495
2022-11-01,RELIANCE.NS,INFY.NS,0.24214087039234514
2022-11-02,RELIANCE.NS,INFY.NS,0.22647617416600696
2022-11-03,RELIANCE.NS,INFY.NS,0.24861730775494764
2022-11-04,RELIANCE.NS,INFY.NS,0.25031301894563507
2022-11-07,RELIANCE.NS,INFY.NS,0.24801265762640598
2022-11-09,RELIANCE.NS,INFY.NS,0.2531683134900567
2022-11-10,RELIANCE.NS,INFY.NS,0.25451947756187204
2022-11-11,RELIANCE.NS,INFY.NS,0.3356472398267448
2022-11-14,RELIANCE.NS,INFY.NS,0.33096451902434615
2022-11-15,RELIANCE.NS,INFY.NS,0.3270563149392905
2022-11-16,RELIANCE.NS,INFY.NS,0.3287502390423704
2022-11-17,RELIANCE.NS,INFY.NS,0.34302016491448695
2022-11-18,RELIANCE.NS,INFY.NS,0.3418432167575791
2022-11-21,RELIANCE.NS,INFY.NS,0.39158721591983187
2022-11-22,RELIANCE.NS,INFY.NS,0.39397484566449265
2022-11-23,RELIANCE.NS,INFY.NS,0.39386110741331287
2022-11-24,RELIANCE.NS,INFY.NS,0.4031375199539827
2022-11-25,RELIANCE.NS,INFY.NS,0.397575673835905
2022-11-28,RELIANCE.NS,INFY.NS,0.3372223549591655
2022-11-29,RELIANCE.NS,INFY.NS,0.30561853919850446
2022-11-30,RELIANCE.NS,INFY.NS,0.29893548886709204
2022-12-01,RELIANCE.NS,INFY.NS,0.2928295127925683
2022-12-02,RELIANCE.NS,INFY.NS,0.2994547251068403
2022-12-05,RELIANCE.NS,INFY.NS,0.29768945514243916
2022-12-06,RELIANCE.NS,INFY.NS,0.29163155355448145
2022-12-07,RELIANCE.NS,INFY.NS,0.3138522597872222
2022-12-08,RELIANCE.NS,INFY.NS,0.3035724520202435
2022-12-09,RELIANCE.NS,INFY.NS,0.32711965384462577
2022-12-12,RELIANCE.NS,INFY.NS,0.3023406221689184
2022-12-13,RELIANCE.NS,INFY.NS,0.2898922217640857
2022-12-14,RELIANCE.NS,INFY.NS,0.21890679978071798
2022-12-15,RELIANCE.NS,INFY.NS,0.24704809173986658
2022-12-16,RELIANCE.NS,INFY.NS,0.25168097373325515
2022-12-19,RELIANCE.NS,INFY.NS,0.2381315504554783
2022-12-20,RELIANCE.NS,INFY.NS,0.22995581079378255
2022-12-21,RELIANCE.NS,INFY.NS,0.22575470398362016
2022-12-22,RELIANCE.NS,INFY.NS,0.25531692574935294
2022-12-23,RELIANCE.NS,INFY.NS,0.2858459286479829
2022-12-26,RELIANCE.NS,INFY.NS,0.296513313397041
2022-12-27,RELIANCE.NS,INFY.NS,0.3003538763565745
2022-12-28,RELIANCE.NS,INFY.NS,0.2909366834586524
2022-12-29,RELIANCE.NS,INFY.NS,0.28633644518307394
2022-12-30,RELIANCE.NS,INFY.NS,0.25523803285142777
2023-01-02,RELIANCE.NS,INFY.NS,0.2610828720125035
2023-01-03,RELIANCE.NS,INFY.NS,0.26321865530393423
2023-01-04,RELIANCE.NS,INFY.NS,0.2963056067165742
2023-01-05,RELIANCE.NS,INFY.NS,0.2559070170483521
2023-01-06,RELIANCE.NS,INFY.NS,0.2346823729713828
2023-01-09,RELIANCE.NS,INFY.NS,0.2762747755229009
2023-01-10,RELIANCE.NS,INFY.NS,0.33099385288117694
2023-01-11,RELIANCE.NS,INFY.NS,0.31601564216598216
2023-01-12,RELIANCE.NS,INFY.NS,0.2830384562648901
2023-01-13,RELIANCE.NS,INFY.NS,0.30617882940100083
2023-01-16,RELIANCE.NS,INFY.NS,0.28719999699198506
2023-01-17,RELIANCE.NS,INFY.NS,0.2964287340984079
2023-01-18,RELIANCE.NS,INFY.NS,0.29385580611281714
2023-01-19,RELIANCE.NS,INFY.NS,0.30675815899765996
2023-01-20,RELIANCE.NS,INFY.NS,0.31199210567985647
2023-01-23,RELIANCE.NS,INFY.NS,0.34452792516302594
2023-01-24,RELIANCE.NS,INFY.NS,0.33159567748459706
2023-01-25,RELIANCE.NS,INFY.NS,0.3626412819898877
2023-01-27,RELIANCE.NS,INFY.NS,0.39467361323293826
2023-01-30,RELIANCE.NS,INFY.NS,0.4164242211814664
2023-01-31,RELIANCE.NS,INFY.NS,0.44580513937542177
2023-02-01,RELIANCE.NS,INFY.NS,0.4430870824886232
2023-02-02,RELIANCE.NS,INFY.NS,0.4257241234227778
2023-02-03,RELIANCE.NS,INFY.NS,0.4223344219928463
2023-02-06,RELIANCE.NS,INFY.NS,0.3534149362516147
2023-02-07,RELIANCE.NS,INFY.NS,0.3585181237375864
2023-02-08,RELIANCE.NS,INFY.NS,0.3900033320126196
2023-02-09,RELIANCE.NS,INFY.NS,0.39414175971495347
2023-02-10,RELIANCE.NS,INFY.NS,0.40392340421187645
2023-02-13,RELIANCE.NS,INFY.NS,0.40143882738959785
2023-02-14,RELIANCE.NS,INFY.NS,0.4084881611238212
2023-02-15,RELIANCE.NS,INFY.NS,0.3962353065144695
2023-02-16,RELIANCE.NS,INFY.NS,0.3958982306951489
2023-02-17,RELIANCE.NS,INFY.NS,0.37558527103214756
2023-02-20,RELIANCE.NS,INFY.NS,0.3654424215831215
2023-02-21,RELIANCE.NS,INFY.NS,0.41621975294597346
2023-02-22,RELIANCE.NS,INFY.NS,0.4270186825111813
2023-02-23,RELIANCE.NS,INFY.NS,0.4259474528650901
2023-02-24,RELIANCE.NS,INFY.NS,0.43057799498853805
2023-02-27,RELIANCE.NS,INFY.NS,0.43328417966463634
2023-02-28,RELIANCE.NS,INFY.NS,0.4544557654656287
2023-03-01,RELIANCE.NS,INFY.NS,0.4735199012522745
2023-03-02,RELIANCE.NS,INFY.NS,0.476848497277278
2023-03-03,RELIANCE.NS,INFY.NS,0.47404578929347
2023-03-06,RELIANCE.NS,INFY.NS,0.4673844594099203
2023-03-08,RELIANCE.NS,INFY.NS,0.46860504845505263
2023-03-09,RELIANCE.NS,INFY.NS,0.46929277869376607
2023-03-10,RELIANCE.NS,INFY.NS,0.47330829823616916
2023-03-13,RELIANCE.NS,INFY.NS,0.4775862729001248
2023-03-14,RELIANCE.NS,INFY.NS,0.4767680286458502
2023-03-15,RELIANCE.NS,INFY.NS,0.4926144190615497
2023-03-16,RELIANCE.NS,INFY.NS,0.49464247366071173
2023-03-17,RELIANCE.NS,INFY.NS,0.4991239291285445
2023-03-20,RELIANCE.NS,INFY.NS,0.5056738227347535
2023-03-21,RELIANCE.NS,INFY.NS,0.4266439102120642
2023-03-22,RELIANCE.NS,INFY.NS,0.42387161217850183
2023-03-23,RELIANCE.NS,INFY.NS,0.4240032390248807
2023-03-24,RELIANCE.NS,INFY.NS,0.405554071120088
2023-03-27,RELIANCE.NS,INFY.NS,0.4114941365052986
2023-03-28,RELIANCE.NS,INFY.NS,0.4073244884097941
2023-03-29,RELIANCE.NS,INFY.NS,0.3938093664718277
2023-03-31,RELIANCE.NS,INFY.NS,0.4762636329241136
2023-04-03,RELIANCE.NS,INFY.NS,0.4606538298244977
2023-04-05,RELIANCE.NS,INFY.NS,0.46024734512679577
2023-04-06,RELIANCE.NS,INFY.NS,0.4854133464178712
2023-04-10,RELIANCE.NS,INFY.NS,0.4488937073440661
2023-04-11,RELIANCE.NS,INFY.NS,0.4267021252701015
2023-04-12,RELIANCE.NS,INFY.NS,0.433586803016051
2023-04-13,RELIANCE.NS,INFY.NS,0.4291966976059401
2023-04-17,RELIANCE.NS,INFY.NS,0.28015306951080354
2023-04-18,RELIANCE.NS,INFY.NS,0.2903139522921913
2023-04-19,RELIANCE.NS,INFY.NS,0.2701992717869802
2023-04-20,RELIANCE.NS,INFY.NS,0.27141421673558014
2023-04-21,RELIANCE.NS,INFY.NS,0.27203280208323916
2023-04-24,RELIANCE.NS,INFY.NS,0.27022475137158186
2023-04-25,RELIANCE.NS,INFY.NS,0.27999041252664164
2023-04-26,RELIANCE.NS,INFY.NS,0.2801935534061809
2023-04-27,RELIANCE.NS,INFY.NS,0.2863437509190006
2023-04-28,RELIANCE.NS,INFY.NS,0.28135407360850967
2023-05-02,RELIANCE.NS,INFY.NS,0.28224737201489075
2023-05-03,RELIANCE.NS,INFY.NS,0.2834195863801576
2023-05-04,RELIANCE.NS,INFY.NS,0.2959400108970178
2023-05-05,RELIANCE.NS,INFY.NS,0.31465737634130936
2023-05-08,RELIANCE.NS,INFY.NS,0.3212582940588164
2023-05-09,RELIANCE.NS,INFY.NS,0.31521527641984715
2023-05-10,RELIANCE.NS,INFY.NS,0.31348411114175967
2023-05-11,RELIANCE.NS,INFY.NS,0.2921849787856245
2023-05-12,RELIANCE.NS,INFY.NS,0.29424074236172226
2023-05-15,RELIANCE.NS,INFY.NS,0.2938627208532507
2023-05-16,RELIANCE.NS,INFY.NS,0.27286606189891766
2023-05-17,RELIANCE.NS,INFY.NS,0.2503195601741339
2023-05-18,RELIANCE.NS,INFY.NS,0.2448308727592454
2023-05-19,RELIANCE.NS,INFY.NS,0.24759761883184636
2023-05-22,RELIANCE.NS,INFY.NS,0.25617099864361187
2023-05-23,RELIANCE.NS,INFY.NS,0.2652551431529094
2023-05-24,RELIANCE.NS,INFY.NS,0.2679999443683357
2023-05-25,RELIANCE.NS,INFY.NS,0.26023861795043207
2023-05-26,RELIANCE.NS,INFY.NS,0.27468903823556384
2023-05-29,RELIANCE.NS,INFY.NS,0.27382811555114406
2023-05-30,RELIANCE.NS,INFY.NS,0.2623014645102711
2023-05-31,RELIANCE.NS,INFY.NS,0.24601901498136125
2023-06-01,RELIANCE.NS,INFY.NS,0.24106109571082962
2023-06-02,RELIANCE.NS,INFY.NS,0.23330043359699862
2023-06-05,RELIANCE.NS,INFY.NS,0.2310083655229235
2023-06-06,RELIANCE.NS,INFY.NS,0.2159256589439624
2023-06-07,RELIANCE.NS,INFY.NS,0.2232245433231747
2023-06-08,RELIANCE.NS,INFY.NS,0.21842342318903615
2023-06-09,RELIANCE.NS,INFY.NS,0.22312108118810506
2023-06-12,RELIANCE.NS,INFY.NS,0.18892470130382336
2023-06-13,RELIANCE.NS,INFY.NS,0.19588368210677737
2023-06-14,RELIANCE.NS,INFY.NS,0.19869543149415897
2023-06-15,RELIANCE.NS,INFY.NS,0.19443090270938046
2023-06-16,RELIANCE.NS,INFY.NS,0.2027495808132146
2023-06-19,RELIANCE.NS,INFY.NS,0.1870623666438267
2023-06-20,RELIANCE.NS,INFY.NS,0.22381109565446572
2023-06-21,RELIANCE.NS,INFY.NS,0.22362251105717623
2023-06-22,RELIANCE.NS,INFY.NS,0.22665648712812506
2023-06-23,RELIANCE.NS,INFY.NS,0.258572588785839
2023-06-26,RELIANCE.NS,INFY.NS,0.24512453206592075
2023-06-27,RELIANCE.NS,INFY.NS,0.24608763159546493
2023-06-28,RELIANCE.NS,INFY.NS,0.26212734709929464
2023-06-30,RELIANCE.NS,INFY.NS,0.16904263338347852
2023-07-03,RELIANCE.NS,INFY.NS,0.1547796242736787
2023-07-04,RELIANCE.NS,INFY.NS,0.14449606006739527
2023-07-05,RELIANCE.NS,INFY.NS,0.14417081236102353
2023-07-06,RELIANCE.NS,INFY.NS,0.1406049605627711
2023-07-07,RELIANCE.NS,INFY.NS,0.15000736668501016
2023-07-10,RELIANCE.NS,INFY.NS,0.13087536596356208
2023-07-11,RELIANCE.NS,INFY.NS,0.14799716629322282
2023-07-12,RELIANCE.NS,INFY.NS,0.2692469248540277
2023-07-13,RELIANCE.NS,INFY.NS,0.21892465167683767
2023-07-14,RELIANCE.NS,INFY.NS,0.18799520303056666
2023-07-17,RELIANCE.NS,INFY.NS,0.1654985048834001
2023-07-18,RELIANCE.NS,INFY.NS,0.17824047429258683
2023-07-19,RELIANCE.NS,INFY.NS,0.1763702801275619
2023-07-20,RELIANCE.NS,INFY.NS,0.18633045855554214
2023-07-21,RELIANCE.NS,INFY.NS,0.3825752184463248
2023-07-24,RELIANCE.NS,INFY.NS,0.3640040847021585
2023-07-25,RELIANCE.NS,INFY.NS,0.3652646938428733
2023-07-26,RELIANCE.NS,INFY.NS,0.36553945076848554
2023-07-27,RELIANCE.NS,INFY.NS,0.35673185205042396
2023-07-28,RELIANCE.NS,INFY.NS,0.34668837076773584
2023-07-31,RELIANCE.NS,INFY.NS,0.34742548542221124
2023-08-01,RELIANCE.NS,INFY.NS,0.3333181037535373
2023-08-02,RELIANCE.NS,INFY.NS,0.3375842667212987
2023-08-03,RELIANCE.NS,INFY.NS,0.33962479866642425
2023-08-04,RELIANCE.NS,INFY.NS,0.3415576839503273
2023-08-07,RELIANCE.NS,INFY.NS,0.34465882311432816
2023-08-08,RELIANCE.NS,INFY.NS,0.3465054794039864
2023-08-09,RELIANCE.NS,INFY.NS,0.35555591868203035
2023-08-10,RELIANCE.NS,INFY.NS,0.3469642933715005
2023-08-11,RELIANCE.NS,INFY.NS,0.34134023499511296
2023-08-14,RELIANCE.NS,INFY.NS,0.35043819832172823
2023-08-16,RELIANCE.NS,INFY.NS,0.34194524337584814
2023-08-17,RELIANCE.NS,INFY.NS,0.3465005381498711
2023-08-18,RELIANCE.NS,INFY.NS,0.3340325422809183
2023-08-21,RELIANCE.NS,INFY.NS,0.31900701951385013
2023-08-22,RELIANCE.NS,INFY.NS,0.3136279848456772
2023-08-23,RELIANCE.NS,INFY.NS,0.31537750997352076
2023-08-24,RELIANCE.NS,INFY.NS,0.29448632232393285
2023-08-25,RELIANCE.NS,INFY.NS,0.29352563552281624
2023-08-28,RELIANCE.NS,INFY.NS,0.2957121346888547
2023-08-29,RELIANCE.NS,INFY.NS,0.29270549097746307
2023-08-30,RELIANCE.NS,INFY.NS,0.2890717993125312
2023-08-31,RELIANCE.NS,INFY.NS,0.2931607744777369
2023-09-01,RELIANCE.NS,INFY.NS,0.2912046453228425
2023-09-04,RELIANCE.NS,INFY.NS,0.28815213971512793
2023-09-05,RELIANCE.NS,INFY.NS,0.28227535223674477
2023-09-06,RELIANCE.NS,INFY.NS,0.2850667779092539
2023-09-07,RELIANCE.NS,INFY.NS,0.2781070032563743
2023-09-08,RELIANCE.NS,INFY.NS,0.28601820152967067
2023-09-11,RELIANCE.NS,INFY.NS,0.28715029704392914
2023-09-12,RELIANCE.NS,INFY.NS,0.26235203688484154
2023-09-13,RELIANCE.NS,INFY.NS,0.26123936504025047
2023-09-14,RELIANCE.NS,INFY.NS,0.26085804985795585
2023-09-15,RELIANCE.NS,INFY.NS,0.26228699967038094
2023-09-18,RELIANCE.NS,INFY.NS,0.25909371072273146
2023-09-20,RELIANCE.NS,INFY.NS,0.24935009104859174
2023-09-21,RELIANCE.NS,INFY.NS,0.2468707485707554
2023-09-22,RELIANCE.NS,INFY.NS,0.24912246556522954
2023-09-25,RELIANCE.NS,INFY.NS,0.24928426132708587
2023-09-26,RELIANCE.NS,INFY.NS,0.23368564893486762
2023-09-27,RELIANCE.NS,INFY.NS,0.2519473502151252
2023-09-28,RELIANCE.NS,INFY.NS,0.2809803493713904
2023-09-29,RELIANCE.NS,INFY.NS,0.2786782938345986
2023-10-03,RELIANCE.NS,INFY.NS,0.2948799815807034
2023-10-04,RELIANCE.NS,INFY.NS,0.2939231198486899
2023-10-05,RELIANCE.NS,INFY.NS,0.3407511935037143
2023-10-06,RELIANCE.NS,INFY.NS,0.33175385984800937
2023-10-09,RELIANCE.NS,INFY.NS,0.3390540615043419
2023-10-10,RELIANCE.NS,INFY.NS,0.36932566680040313
2023-10-11,RELIANCE.NS,INFY.NS,0.38032149837142143
2023-10-12,RELIANCE.NS,INFY.NS,0.3895427292314801
2023-10-13,RELIANCE.NS,INFY.NS,0.3562729756662159
2023-10-16,RELIANCE.NS,INFY.NS,0.35859634237993726
2023-10-17,RELIANCE.NS,INFY.NS,0.3669029147228333
2023-10-18,RELIANCE.NS,INFY.NS,0.11385799987403855
2023-10-19,RELIANCE.NS,INFY.NS,0.13544993962148874
2023-10-20,RELIANCE.NS,INFY.NS,0.13758395817590074
2023-10-23,RELIANCE.NS,INFY.NS,0.1434821584452285
2023-10-25,RELIANCE.NS,INFY.NS,0.14751590043531074
2023-10-26,RELIANCE.NS,INFY.NS,0.1923379902448516
2023-10-27,RELIANCE.NS,INFY.NS,0.21992000676923915
2023-10-30,RELIANCE.NS,INFY.NS,0.21629251018941612
2023-10-31,RELIANCE.NS,INFY.NS,0.21650839447866727
2023-11-01,RELIANCE.NS,INFY.NS,0.20650519452767896
2023-11-02,RELIANCE.NS,INFY.NS,0.20406994034717357
2023-11-03,RELIANCE.NS,INFY.NS,0.19261881903397604
2023-11-06,RELIANCE.NS,INFY.NS,0.205382462842227
2023-11-07,RELIANCE.NS,INFY.NS,0.20204319937787604
2023-11-08,RELIANCE.NS,INFY.NS,0.19305630271803242
2023-11-09,RELIANCE.NS,INFY.NS,0.22651197400405043
2023-11-10,RELIANCE.NS,INFY.NS,0.19135295191920576
2023-11-13,RELIANCE.NS,INFY.NS,0.19472086532480495
2023-11-15,RELIANCE.NS,INFY.NS,0.2636025829360045
2023-11-16,RELIANCE.NS,INFY.NS,0.2980406313370641
2023-11-17,RELIANCE.NS,INFY.NS,0.3241839431875194
2023-11-20,RELIANCE.NS,INFY.NS,0.3248257607620127
2023-11-21,RELIANCE.NS,INFY.NS,0.32047719193823854
2023-11-22,RELIANCE.NS,INFY.NS,0.36886470311580133
2023-11-23,RELIANCE.NS,INFY.NS,0.36149737250413594
2023-11-24,RELIANCE.NS,INFY.NS,0.3572920210312925
2023-11-28,RELIANCE.NS,INFY.NS,0.36228626354073695
2023-11-29,RELIANCE.NS,INFY.NS,0.3699392768081912
2023-11-30,RELIANCE.NS,INFY.NS,0.3726814647868259
2023-12-01,RELIANCE.NS,INFY.NS,0.365855464228155
2023-12-04,RELIANCE.NS,INFY.NS,0.3833677910132991
2023-12-05,RELIANCE.NS,INFY.NS,0.3650834584992317
2023-12-06,RELIANCE.NS,INFY.NS,0.38018274525315193
2023-12-07,RELIANCE.NS,INFY.NS,0.3844621724629639
2023-12-08,RELIANCE.NS,INFY.NS,0.3738146175834147
2023-12-11,RELIANCE.NS,INFY.NS,0.3700485158643788
2023-12-12,RELIANCE.NS,INFY.NS,0.4410300802468164
2023-12-13,RELIANCE.NS,INFY.NS,0.41888473543022503
2023-12-14,RELIANCE.NS,INFY.NS,0.4494196933985734
2023-12-15,RELIANCE.NS,INFY.NS,0.47267851540267597
2023-12-18,RELIANCE.NS,INFY.NS,0.44316181470233357
2023-12-19,RELIANCE.NS,INFY.NS,0.44241791219510146
2023-12-20,RELIANCE.NS,INFY.NS,0.46982697288809433
2023-12-21,RELIANCE.NS,INFY.NS,0.458734345665654
2023-12-22,RELIANCE.NS,INFY.NS,0.44300301828841726
2023-12-26,RELIANCE.NS,INFY.NS,0.4335654947999194
2023-12-27,RELIANCE.NS,INFY.NS,0.43359550474194275
2023-12-28,RELIANCE.NS,INFY.NS,0.4013714890387084
2023-12-29,RELIANCE.NS,INFY.NS,0.4156198284924095
2024-01-01,RELIANCE.NS,INFY.NS,0.418880427615974
2024-01-02,RELIANCE.NS,INFY.NS,0.40714842297722376
2024-01-03,RELIANCE.NS,INFY.NS,0.4428222331416361
2024-01-04,RELIANCE.NS,INFY.NS,0.44686990515292024
2024-01-05,RELIANCE.NS,INFY.NS,0.44883968170379557
2024-01-08,RELIANCE.NS,INFY.NS,0.45183332134753496
2024-01-09,RELIANCE.NS,INFY.NS,0.46077156049991486
2024-01-10,RELIANCE.NS,INFY.NS,0.41447842022285286
2024-01-11,RELIANCE.NS,INFY.NS,0.336145399840684
2024-01-12,RELIANCE.NS,INFY.NS,0.3137608788988563
2024-01-15,RELIANCE.NS,INFY.NS,0.3344592768193184
2024-01-16,RELIANCE.NS,INFY.NS,0.35042835845254555
2024-01-17,RELIANCE.NS,INFY.NS,0.33877935341518634
2024-01-18,RELIANCE.NS,INFY.NS,0.33582096246101495
2024-01-19,RELIANCE.NS,INFY.NS,0.3151923958689938
2024-01-23,RELIANCE.NS,INFY.NS,0.32266962207537436
2024-01-24,RELIANCE.NS,INFY.NS,0.32240471325882814
2024-01-25,RELIANCE.NS,INFY.NS,0.30904030130343874
2024-01-29,RELIANCE.NS,INFY.NS,0.1909460622028313
2024-01-30,RELIANCE.NS,INFY.NS,0.18882072786955745
2024-01-31,RELIANCE.NS,INFY.NS,0.1911482155387857
2024-02-01,RELIANCE.NS,INFY.NS,0.18927302600071522
2024-02-02,RELIANCE.NS,INFY.NS,0.21192663424596794
2024-02-05,RELIANCE.NS,INFY.NS,0.21544099175333842
2024-02-06,RELIANCE.NS,INFY.NS,0.19365684144257791
2024-02-07,RELIANCE.NS,INFY.NS,0.1819507820862031
2024-02-08,RELIANCE.NS,INFY.NS,0.16881639721947314
2024-02-09,RELIANCE.NS,INFY.NS,0.16267085879059334
2024-02-12,RELIANCE.NS,INFY.NS,0.16012144020261473
2024-02-13,RELIANCE.NS,INFY.NS,0.14009077900895345
2024-02-14,RELIANCE.NS,INFY.NS,0.13688864869519685
2024-02-15,RELIANCE.NS,INFY.NS,0.1305871867211541
2024-02-16,RELIANCE.NS,INFY.NS,0.11909074141955496
2024-02-19,RELIANCE.NS,INFY.NS,0.11852619593596
2024-02-20,RELIANCE.NS,INFY.NS,0.12252221105245442
2024-02-21,RELIANCE.NS,INFY.NS,0.12895688711825817
2024-02-22,RELIANCE.NS,INFY.NS,0.13090030912554199
2024-02-23,RELIANCE.NS,INFY.NS,0.1294142978817267
2024-02-26,RELIANCE.NS,INFY.NS,0.13627752017939856
2024-02-27,RELIANCE.NS,INFY.NS,0.1324124284014837
2024-02-28,RELIANCE.NS,INFY.NS,0.12696975528310767
2024-02-29,RELIANCE.NS,INFY.NS,0.12439663610457381
2024-03-01,RELIANCE.NS,INFY.NS,0.10831692900548186
2024-03-04,RELIANCE.NS,INFY.NS,0.09772439607636478
2024-03-05,RELIANCE.NS,INFY.NS,0.10519939685879258
2024-03-06,RELIANCE.NS,INFY.NS,0.10943041707875056
2024-03-07,RELIANCE.NS,INFY.NS,0.11021350967853445
2024-03-11,RELIANCE.NS,INFY.NS,0.10808548640350722
2024-03-12,RELIANCE.NS,INFY.NS,0.1112532033616073
2024-03-13,RELIANCE.NS,INFY.NS,0.09495057112920546
2024-03-14,RELIANCE.NS,INFY.NS,0.059751508357944766
2024-03-15,RELIANCE.NS,INFY.NS,0.0749845059617164
2024-03-18,RELIANCE.NS,INFY.NS,0.060321305030069626
2024-03-19,RELIANCE.NS,INFY.NS,0.06686553990172685
2024-03-20,RELIANCE.NS,INFY.NS,0.06403392897103086
2024-03-21,RELIANCE.NS,INFY.NS,0.06594061794140664
2024-03-22,RELIANCE.NS,INFY.NS,0.06559346966421652
2024-03-26,RELIANCE.NS,INFY.NS,0.07190244066415757
2024-03-27,RELIANCE.NS,INFY.NS,0.05861010589519807
2024-03-28,RELIANCE.NS,INFY.NS,0.04603464369974535
2024-04-01,RELIANCE.NS,INFY.NS,0.04647787251665274
2024-04-02,RELIANCE.NS,INFY.NS,0.051100483190375905
2024-04-03,RELIANCE.NS,INFY.NS,0.02827063304047992
2024-04-04,RELIANCE.NS,INFY.NS,0.023105520834569744
2024-04-05,RELIANCE.NS,INFY.NS,0.022517591684730817
2024-04-08,RELIANCE.NS,INFY.NS,0.017191261705575334
2024-04-09,RELIANCE.NS,INFY.NS,0.003946518437793521
2024-04-10,RELIANCE.NS,INFY.NS,0.018930764136223886
2024-04-12,RELIANCE.NS,INFY.NS,0.05814677537139978
2024-04-15,RELIANCE.NS,INFY.NS,0.030857990766300438
2024-04-16,RELIANCE.NS,INFY.NS,-0.005793229779170883
2024-04-18,RELIANCE.NS,INFY.NS,-0.020518200446615308
2024-04-19,RELIANCE.NS,INFY.NS,-0.014015754325638202
2024-04-22,RELIANCE.NS,INFY.NS,-0.006753230902404306
2024-04-23,RELIANCE.NS,INFY.NS,-0.016940537162319143
2024-04-24,RELIANCE.NS,INFY.NS,-0.03536554582845289
2024-04-25,RELIANCE.NS,INFY.NS,-0.053792481294240066
2024-04-26,RELIANCE.NS,INFY.NS,-0.051123385274214235
2024-04-29,RELIANCE.NS,INFY.NS,-0.017526214355797157
2024-04-30,RELIANCE.NS,INFY.NS,-0.021823830061933638
2024-05-02,RELIANCE.NS,INFY.NS,-0.03538685084558106
2024-05-03,RELIANCE.NS,INFY.NS,-0.04481883265239071
2024-05-06,RELIANCE.NS,INFY.NS,-0.1291265102698971
2024-05-07,RELIANCE.NS,INFY.NS,-0.15024589098977384
2024-05-08,RELIANCE.NS,INFY.NS,-0.1388830618229918
2024-05-09,RELIANCE.NS,INFY.NS,-0.14027939382762444
2024-05-10,RELIANCE.NS,INFY.NS,-0.15042802873429492
2024-05-13,RELIANCE.NS,INFY.NS,-0.14146024762116674
2024-05-14,RELIANCE.NS,INFY.NS,-0.12845378741139973
2024-05-15,RELIANCE.NS,INFY.NS,-0.13580726135020113
2024-05-16,RELIANCE.NS,INFY.NS,-0.09532580070671925
2024-05-17,RELIANCE.NS,INFY.NS,-0.0920638369917925
2024-05-21,RELIANCE.NS,INFY.NS,-0.07907055951121814
2024-05-22,RELIANCE.NS,INFY.NS,-0.04068775659565384
2024-05-23,RELIANCE.NS,INFY.NS,-0.009935722298793305
2024-05-24,RELIANCE.NS,INFY.NS,-0.013444821345858749
2024-05-27,RELIANCE.NS,INFY.NS,-0.043013129787420314
2024-05-28,RELIANCE.NS,INFY.NS,-0.04187819578041513
2024-05-29,RELIANCE.NS,INFY.NS,-0.03392603106348968
2024-05-30,RELIANCE.NS,INFY.NS,-0.014705385437298237
2024-05-31,RELIANCE.NS,INFY.NS,0.007269796425635006
2024-06-03,RELIANCE.NS,INFY.NS,0.015416993109544575
2024-06-04,RELIANCE.NS,INFY.NS,0.07184165405198914
2024-06-05,RELIANCE.NS,INFY.NS,0.11903477588697323
2024-06-06,RELIANCE.NS,INFY.NS,0.13007208890101438
2024-06-07,RELIANCE.NS,INFY.NS,0.20033706770743867
2024-06-10,RELIANCE.NS,INFY.NS,0.1960462686899629
2024-06-11,RELIANCE.NS,INFY.NS,0.19241785488522878
2024-06-12,RELIANCE.NS,INFY.NS,0.1869906139441973
2024-06-13,RELIANCE.NS,INFY.NS,0.19210447393707272
2024-06-14,RELIANCE.NS,INFY.NS,0.19906414832516428
2024-06-18,RELIANCE.NS,INFY.NS,0.19296323857608763
2024-06-19,RELIANCE.NS,INFY.NS,0.20395186188027542
2024-06-20,RELIANCE.NS,INFY.NS,0.19161112482734033
2024-06-21,RELIANCE.NS,INFY.NS,0.1820196855585762
2024-06-24,RELIANCE.NS,INFY.NS,0.18437370826159366
2024-06-25,RELIANCE.NS,INFY.NS,0.20561491661042253
2024-06-26,RELIANCE.NS,INFY.NS,0.18314929311121636
2024-06-27,RELIANCE.NS,INFY.NS,0.2221927215239869
2024-06-28,RELIANCE.NS,INFY.NS,0.21361975747802256
2024-07-01,RELIANCE.NS,INFY.NS,0.20608797051526817
2024-07-02,RELIANCE.NS,INFY.NS,0.2073518727752433
2024-07-03,RELIANCE.NS,INFY.NS,0.20321753121051775
2024-07-04,RELIANCE.NS,INFY.NS,0.20303477145717133
2024-07-05,RELIANCE.NS,INFY.NS,0.1923161796717831
2024-07-08,RELIANCE.NS,INFY.NS,0.20140445632151863
2024-07-09,RELIANCE.NS,INFY.NS,0.21964715092072348
2024-07-10,RELIANCE.NS,INFY.NS,0.21841124860131383
2024-07-11,RELIANCE.NS,INFY.NS,0.20895769326592814
2024-07-12,RELIANCE.NS,INFY.NS,0.2179075210770627
2024-07-15,RELIANCE.NS,INFY.NS,0.23398887369064228
2024-07-16,RELIANCE.NS,INFY.NS,0.22271598357420772
2024-07-18,RELIANCE.NS,INFY.NS,0.22925903645157697
2024-07-19,RELIANCE.NS,INFY.NS,0.19356349590437977
2024-07-22,RELIANCE.NS,INFY.NS,0.1743343498361999
2024-07-23,RELIANCE.NS,INFY.NS,0.16095881526140157
2024-07-24,RELIANCE.NS,INFY.NS,0.15806723017637775
2024-07-25,RELIANCE.NS,INFY.NS,0.155862620628181
2024-07-26,RELIANCE.NS,INFY.NS,0.1711902435939004
2024-07-29,RELIANCE.NS,INFY.NS,0.16837820083657043
2024-07-30,RELIANCE.NS,INFY.NS,0.16902145186977002
2024-07-31,RELIANCE.NS,INFY.NS,0.1683884623148797
2024-08-01,RELIANCE.NS,INFY.NS,0.1633940110113202
2024-08-02,RELIANCE.NS,INFY.NS,0.18532576142513918
2024-08-05,RELIANCE.NS,INFY.NS,0.2779800832208799
2024-08-06,RELIANCE.NS,INFY.NS,0.28451090014237
2024-08-07,RELIANCE.NS,INFY.NS,0.29782252048746394
2024-08-08,RELIANCE.NS,INFY.NS,0.30749475126140374
2024-08-09,RELIANCE.NS,INFY.NS,0.3197230695313182
2024-08-12,RELIANCE.NS,INFY.NS,0.30969354103944946
2024-08-13,RELIANCE.NS,INFY.NS,0.3066975812267454
2024-08-14,RELIANCE.NS,INFY.NS,0.3104616420709721
2024-08-16,RELIANCE.NS,INFY.NS,0.3185103469071397
2024-08-19,RELIANCE.NS,INFY.NS,0.3098054634201856
2024-08-20,RELIANCE.NS,INFY.NS,0.30413951905974596
2024-08-21,RELIANCE.NS,INFY.NS,0.30208440903894807
2024-08-22,RELIANCE.NS,INFY.NS,0.3027401616343322
2024-08-23,RELIANCE.NS,INFY.NS,0.29726842719383073
2024-08-26,RELIANCE.NS,INFY.NS,0.2903248030600841
2024-08-27,RELIANCE.NS,INFY.NS,0.2734065068305001
2024-08-28,RELIANCE.NS,INFY.NS,0.26833996903948376
2024-08-29,RELIANCE.NS,INFY.NS,0.3075409454593729
2024-08-30,RELIANCE.NS,INFY.NS,0.29066863021311307
2024-09-02,RELIANCE.NS,INFY.NS,0.27035785770091025
2024-09-03,RELIANCE.NS,INFY.NS,0.2682904035264807
2024-09-04,RELIANCE.NS,INFY.NS,0.1876941558394188
2024-09-05,RELIANCE.NS,INFY.NS,0.19099304399147843
2024-09-06,RELIANCE.NS,INFY.NS,0.21813815249206253
2024-09-09,RELIANCE.NS,INFY.NS,0.22565031805605815
2024-09-10,RELIANCE.NS,INFY.NS,0.22477642875749676
2024-09-11,RELIANCE.NS,INFY.NS,0.23597139409261564
2024-09-12,RELIANCE.NS,INFY.NS,0.26082913977626637
2024-09-13,RELIANCE.NS,INFY.NS,0.2740351244594171
2024-09-16,RELIANCE.NS,INFY.NS,0.27734146820565075
2024-09-17,RELIANCE.NS,INFY.NS,0.2906318812986664
2024-09-18,RELIANCE.NS,INFY.NS,0.2910655027183613
2024-09-19,RELIANCE.NS,INFY.NS,0.2862772347784596
2024-09-20,RELIANCE.NS,INFY.NS,0.3378626754760056
2024-09-23,RELIANCE.NS,INFY.NS,0.3169620815392931
2024-09-24,RELIANCE.NS,INFY.NS,0.35054733829382045
2024-09-25,RELIANCE.NS,INFY.NS,0.3540982906673543
2024-09-26,RELIANCE.NS,INFY.NS,0.35116488428091375
2024-09-27,RELIANCE.NS,INFY.NS,0.3460735180093772
2024-09-30,RELIANCE.NS,INFY.NS,0.3829665268398066
2024-10-01,RELIANCE.NS,INFY.NS,0.39332798536149205
2024-10-03,RELIANCE.NS,INFY.NS,0.3875906501034498
2024-10-04,RELIANCE.NS,INFY.NS,0.3676376496788536
2024-10-07,RELIANCE.NS,INFY.NS,0.35999037656806815
2024-10-08,RELIANCE.NS,INFY.NS,0.3604936864276466
2024-10-09,RELIANCE.NS,INFY.NS,0.3381169599131609
2024-10-10,RELIANCE.NS,INFY.NS,0.3340495181496465
2024-10-11,RELIANCE.NS,INFY.NS,0.34855874087548844
2024-10-14,RELIANCE.NS,INFY.NS,0.34048594689083
2024-10-15,RELIANCE.NS,INFY.NS,0.3815547669509696
2024-10-16,RELIANCE.NS,INFY.NS,0.40484802385773544
2024-10-17,RELIANCE.NS,INFY.NS,0.4160113173523298
2024-10-18,RELIANCE.NS,INFY.NS,0.36623921724475933
2024-10-21,RELIANCE.NS,INFY.NS,0.3493444735343244
2024-10-22,RELIANCE.NS,INFY.NS,0.32350884222405163
2024-10-23,RELIANCE.NS,INFY.NS,0.32518195906296793
2024-10-24,RELIANCE.NS,INFY.NS,0.32417852148411674
2024-10-25,RELIANCE.NS,INFY.NS,0.3227607665220676
2024-10-28,RELIANCE.NS,INFY.NS,0.33242875106747954
2024-10-29,RELIANCE.NS,INFY.NS,0.32044886935490036
2024-10-30,RELIANCE.NS,INFY.NS,0.2055310859886193
2024-10-31,RELIANCE.NS,INFY.NS,0.22119030508349644
2024-11-01,RELIANCE.NS,INFY.NS,0.20916388555399543
2024-11-04,RELIANCE.NS,INFY.NS,0.1771338589209691
2024-11-05,RELIANCE.NS,INFY.NS,0.14605587131060724
2024-11-06,RELIANCE.NS,INFY.NS,0.2181011115055655
2024-11-07,RELIANCE.NS,INFY.NS,0.2310106678927159
2024-11-08,RELIANCE.NS,INFY.NS,0.20443979482443858
2024-11-11,RELIANCE.NS,INFY.NS,0.169410666982993
2024-11-12,RELIANCE.NS,INFY.NS,0.1687451176314515
2024-11-13,RELIANCE.NS,INFY.NS,0.16501263629873847
2024-11-14,RELIANCE.NS,INFY.NS,0.15930040982091198
2024-11-18,RELIANCE.NS,INFY.NS,0.1604192110163332
2024-11-19,RELIANCE.NS,INFY.NS,0.15420453427747105
2024-11-21,RELIANCE.NS,INFY.NS,0.13955706423353567
2024-11-22,RELIANCE.NS,INFY.NS,0.2512571134836653
2024-11-25,RELIANCE.NS,INFY.NS,0.2366180880845582
2024-11-26,RELIANCE.NS,INFY.NS,0.25551251534604935
2024-11-27,RELIANCE.NS,INFY.NS,0.258283166006388
2024-11-28,RELIANCE.NS,INFY.NS,0.282096843794634
2024-11-29,RELIANCE.NS,INFY.NS,0.2783378748931633
2024-12-02,RELIANCE.NS,INFY.NS,0.2949096491138628
2024-12-03,RELIANCE.NS,INFY.NS,0.30692707209656234
2024-12-04,RELIANCE.NS,INFY.NS,0.2912142838273806
2024-12-05,RELIANCE.NS,INFY.NS,0.3061043606956875
2024-12-06,RELIANCE.NS,INFY.NS,0.3086662828574659
2024-12-09,RELIANCE.NS,INFY.NS,0.3065980830267003
2024-12-10,RELIANCE.NS,INFY.NS,0.2728891078527203
2024-12-11,RELIANCE.NS,INFY.NS,0.2676266439243823
2024-12-12,RELIANCE.NS,INFY.NS,0.26127671040669503
2024-12-13,RELIANCE.NS,INFY.NS,0.26444377762462234
2024-12-16,RELIANCE.NS,INFY.NS,0.264648389148155
2024-12-17,RELIANCE.NS,INFY.NS,0.26571674637137593
2024-12-18,RELIANCE.NS,INFY.NS,0.26164385583968347
2024-12-19,RELIANCE.NS,INFY.NS,0.2825678013757123
2024-12-20,RELIANCE.NS,INFY.NS,0.295022269519604
2024-12-23,RELIANCE.NS,INFY.NS,0.29365774507417364
2024-12-24,RELIANCE.NS,INFY.NS,0.2898085113408995
2024-12-26,RELIANCE.NS,INFY.NS,0.29092878256652843
2024-12-27,RELIANCE.NS,INFY.NS,0.26598232288749674
2024-12-30,RELIANCE.NS,INFY.NS,0.27674598309048803
2024-12-31,RELIANCE.NS,INFY.NS,0.2660940641222302
2025-01-01,RELIANCE.NS,INFY.NS,0.28490592557605704
2025-01-02,RELIANCE.NS,INFY.NS,0.3367784261342771
2025-01-03,RELIANCE.NS,INFY.NS,0.3219214284209027
2025-01-06,RELIANCE.NS,INFY.NS,0.3186576153745894
2025-01-07,RELIANCE.NS,INFY.NS,0.3066354527340756
2025-01-08,RELIANCE.NS,INFY.NS,0.3003431660897462
2025-01-09,RELIANCE.NS,INFY.NS,0.3037150691278979
2025-01-10,RELIANCE.NS,INFY.NS,0.2826512023160551
2025-01-13,RELIANCE.NS,INFY.NS,0.30297017192701875
2025-01-14,RELIANCE.NS,INFY.NS,0.3009600581451782
2025-01-15,RELIANCE.NS,INFY.NS,0.34242633505525366
2025-01-16,RELIANCE.NS,INFY.NS,0.34045254411486936
2025-01-17,RELIANCE.NS,INFY.NS,0.15528558661548864
2025-01-20,RELIANCE.NS,INFY.NS,0.15879233504555476
2025-01-21,RELIANCE.NS,INFY.NS,0.16741216409891574
2025-01-22,RELIANCE.NS,INFY.NS,0.170140591108832
2025-01-23,RELIANCE.NS,INFY.NS,0.16558687089845436
2025-01-24,RELIANCE.NS,INFY.NS,0.16100853918943597
2025-01-27,RELIANCE.NS,INFY.NS,0.19024645627413614
2025-01-28,RELIANCE.NS,INFY.NS,0.18141622610023536
2025-01-29,RELIANCE.NS,INFY.NS,0.18139237315224296
2025-01-30,RELIANCE.NS,INFY.NS,0.17144952547904707
2025-01-31,RELIANCE.NS,INFY.NS,0.1789214261097133
2025-02-01,RELIANCE.NS,INFY.NS,0.1401474705919749
2025-02-03,RELIANCE.NS,INFY.NS,0.12114679049137758
2025-02-04,RELIANCE.NS,INFY.NS,0.17758570955700315
2025-02-05,RELIANCE.NS,INFY.NS,0.19044847610496077
2025-02-06,RELIANCE.NS,INFY.NS,0.19137078387931294
2025-02-07,RELIANCE.NS,INFY.NS,0.1976727498190223
2025-02-10,RELIANCE.NS,INFY.NS,0.20925396320224232
2025-02-11,RELIANCE.NS,INFY.NS,0.2048070210583036
2025-02-12,RELIANCE.NS,INFY.NS,0.22068633316152308
2025-02-13,RELIANCE.NS,INFY.NS,0.22786102039132552
2025-02-14,RELIANCE.NS,INFY.NS,0.1421016926901784
2025-02-17,RELIANCE.NS,INFY.NS,0.14931418728096713
2025-02-18,RELIANCE.NS,INFY.NS,0.13964901646162084
2025-02-19,RELIANCE.NS,INFY.NS,0.13273354370745793
2025-02-20,RELIANCE.NS,INFY.NS,0.09108719699256972
2025-02-21,RELIANCE.NS,INFY.NS,0.09271021506106042
2025-02-24,RELIANCE.NS,INFY.NS,0.10046646625253926
2025-02-25,RELIANCE.NS,INFY.NS,0.09070817882716868
2025-02-27,RELIANCE.NS,INFY.NS,0.09033916850309331
2025-02-28,RELIANCE.NS,INFY.NS,0.07760451821901784
2025-03-03,RELIANCE.NS,INFY.NS,0.044796132668430196
2025-03-04,RELIANCE.NS,INFY.NS,0.052628059170359606
2025-03-05,RELIANCE.NS,INFY.NS,0.07858053220627341
2025-03-06,RELIANCE.NS,INFY.NS,0.0922528649918383
2025-03-07,RELIANCE.NS,INFY.NS,0.05590955541251988
2025-03-10,RELIANCE.NS,INFY.NS,0.041884453624832035
2025-03-11,RELIANCE.NS,INFY.NS,0.027509365929887866
2025-03-12,RELIANCE.NS,INFY.NS,0.005543586820564225
2025-03-13,RELIANCE.NS,INFY.NS,0.00515636524872847
2025-03-17,RELIANCE.NS,INFY.NS,-0.018558973388371414
2025-03-18,RELIANCE.NS,INFY.NS,-0.033961045687220734
2025-03-19,RELIANCE.NS,INFY.NS,-0.03824334195432976
2025-03-20,RELIANCE.NS,INFY.NS,-0.009906484937630591
2025-03-21,RELIANCE.NS,INFY.NS,-0.013279893373293859
2025-03-24,RELIANCE.NS,INFY.NS,-0.010314450869196641
2025-03-25,RELIANCE.NS,INFY.NS,-0.03754674316504957
2025-03-26,RELIANCE.NS,INFY.NS,-0.0231397093289285
2025-03-27,RELIANCE.NS,INFY.NS,-0.023056408366535164
2025-03-28,RELIANCE.NS,INFY.NS,-0.07336298945204885
2025-04-01,RELIANCE.NS,INFY.NS,-0.0354007746151322
2025-04-02,RELIANCE.NS,INFY.NS,-0.03181917153430999
2025-04-03,RELIANCE.NS,INFY.NS,-0.02643669547334791
2025-04-04,RELIANCE.NS,INFY.NS,0.03080336584905833
2025-04-07,RELIANCE.NS,INFY.NS,0.09572620552241992
2025-04-08,RELIANCE.NS,INFY.NS,0.14267769157630525
2025-04-09,RELIANCE.NS,INFY.NS,0.13956568196171512
2025-04-11,RELIANCE.NS,INFY.NS,0.15160669713457747
2025-04-15,RELIANCE.NS,INFY.NS,0.1613533423739746
2025-04-16,RELIANCE.NS,INFY.NS,0.1666789079735902
2025-04-17,RELIANCE.NS,INFY.NS,0.3030572081092439
2025-04-21,RELIANCE.NS,INFY.NS,0.3223080992870687
2025-04-22,RELIANCE.NS,INFY.NS,0.3260983713909516
2025-04-23,RELIANCE.NS,INFY.NS,0.33385146862521353
2025-04-24,RELIANCE.NS,INFY.NS,0.342569747348727
2025-04-25,RELIANCE.NS,INFY.NS,0.35325327841097187
2025-04-28,RELIANCE.NS,INFY.NS,0.31957698664104583
2025-04-29,RELIANCE.NS,INFY.NS,0.3301078543905408
2025-04-30,RELIANCE.NS,INFY.NS,0.342533485784358
2025-05-02,RELIANCE.NS,INFY.NS,0.35352422915545756
2025-05-05,RELIANCE.NS,INFY.NS,0.35067632910375907
2025-05-06,RELIANCE.NS,INFY.NS,0.3457867659964268
2025-05-07,RELIANCE.NS,INFY.NS,0.3578841959371335
2025-05-08,RELIANCE.NS,INFY.NS,0.32920119417338883
2025-05-09,RELIANCE.NS,INFY.NS,0.32331711292280485
2025-05-12,RELIANCE.NS,INFY.NS,0.4357771955944219
2025-05-13,RELIANCE.NS,INFY.NS,0.4501579398590832
2025-05-14,RELIANCE.NS,INFY.NS,0.4476057265986157
2025-05-15,RELIANCE.NS,INFY.NS,0.4593714419454492
2025-05-16,RELIANCE.NS,INFY.NS,0.4598228014357435
2025-05-19,RELIANCE.NS,INFY.NS,0.46539466225200643
2025-05-20,RELIANCE.NS,INFY.NS,0.4620298396118744
2025-05-21,RELIANCE.NS,INFY.NS,0.46299249782417085
2025-05-22,RELIANCE.NS,INFY.NS,0.4683880596743268
2025-05-23,RELIANCE.NS,INFY.NS,0.474778026006779
2025-05-26,RELIANCE.NS,INFY.NS,0.47510801225087873
2025-05-27,RELIANCE.NS,INFY.NS,0.47514932317351405
2025-05-28,RELIANCE.NS,INFY.NS,0.46377381581827515
2025-05-29,RELIANCE.NS,INFY.NS,0.467263136992534
2025-05-30,RELIANCE.NS,INFY.NS,0.46720882346890813
2025-06-02,RELIANCE.NS,INFY.NS,0.4680543394081137
2025-06-03,RELIANCE.NS,INFY.NS,0.5020933205970908
2025-06-04,RELIANCE.NS,INFY.NS,0.5002723080757308
2025-06-05,RELIANCE.NS,INFY.NS,0.49720204182309263
2025-06-06,RELIANCE.NS,INFY.NS,0.5012523560196677
2025-06-09,RELIANCE.NS,INFY.NS,0.5497071788661365
2025-06-10,RELIANCE.NS,INFY.NS,0.546846084371069
2025-06-11,RELIANCE.NS,INFY.NS,0.559405351648329
2025-06-12,RELIANCE.NS,INFY.NS,0.601370744672889
2025-06-13,RELIANCE.NS,INFY.NS,0.5998444857046404
2025-06-16,RELIANCE.NS,INFY.NS,0.6062917829793963
2025-06-17,RELIANCE.NS,INFY.NS,0.600078128103352
2025-06-18,RELIANCE.NS,INFY.NS,0.6017705571237818
2025-06-19,RELIANCE.NS,INFY.NS,0.5938970558200507
2025-06-20,RELIANCE.NS,INFY.NS,0.593928370515278
2025-06-23,RELIANCE.NS,INFY.NS,0.6034108585806695
2025-06-24,RELIANCE.NS,INFY.NS,0.6356965873746142
2025-06-25,RELIANCE.NS,INFY.NS,0.6337675693496819
2025-06-26,RELIANCE.NS,INFY.NS,0.6275706701660115
2025-06-27,RELIANCE.NS,INFY.NS,0.6218975718716455
2025-06-30,RELIANCE.NS,INFY.NS,0.607713311412771
2025-07-01,RELIANCE.NS,INFY.NS,0.6122543161240256
2025-07-02,RELIANCE.NS,INFY.NS,0.6200635545777032
2025-07-03,RELIANCE.NS,INFY.NS,0.5881041807731419
2025-07-04,RELIANCE.NS,INFY.NS,0.5395589708727754
2025-07-07,RELIANCE.NS,INFY.NS,0.5270074374695052
2025-07-08,RELIANCE.NS,INFY.NS,0.5277051532540178
2025-07-09,RELIANCE.NS,INFY.NS,0.5404276673728001
2025-07-10,RELIANCE.NS,INFY.NS,0.5378051506456399
2025-07-11,RELIANCE.NS,INFY.NS,0.5466136016264457
2025-07-14,RELIANCE.NS,INFY.NS,0.5652085688400655
2025-07-15,RELIANCE.NS,INFY.NS,0.5530830558038058
2025-07-16,RELIANCE.NS,INFY.NS,0.5475179199047028
2025-07-17,RELIANCE.NS,INFY.NS,0.5638813124968395
2025-07-18,RELIANCE.NS,INFY.NS,0.5637245819601361
2025-07-21,RELIANCE.NS,INFY.NS,0.5430079608936812
2025-07-22,RELIANCE.NS,INFY.NS,0.624884361459636
2025-07-23,RELIANCE.NS,INFY.NS,0.6240771229887023
2025-07-24,RELIANCE.NS,INFY.NS,0.6320714102422901
2025-07-25,RELIANCE.NS,INFY.NS,0.6344492026133575
2025-07-28,RELIANCE.NS,INFY.NS,0.636396507865759
2025-07-29,RELIANCE.NS,INFY.NS,0.6187174480315653
2025-07-30,RELIANCE.NS,INFY.NS,0.6178539948016287
2025-07-31,RELIANCE.NS,INFY.NS,0.6186808752490877
2025-08-01,RELIANCE.NS,INFY.NS,0.6088369913746232
2025-08-04,RELIANCE.NS,INFY.NS,0.45987273925378835
2025-08-05,RELIANCE.NS,INFY.NS,0.44682842866421313
2025-08-06,RELIANCE.NS,INFY.NS,0.43216679665807545
2025-08-07,RELIANCE.NS,INFY.NS,0.40691775998521323
2025-08-08,RELIANCE.NS,INFY.NS,0.42516769373661706
2025-08-11,RELIANCE.NS,INFY.NS,0.4151558729882422
2025-08-12,RELIANCE.NS,INFY.NS,0.42208705573698124
2025-08-13,RELIANCE.NS,INFY.NS,0.4207598312011377
2025-08-14,RELIANCE.NS,INFY.NS,0.39308157826266377
2025-08-18,RELIANCE.NS,INFY.NS,0.36881923909389247
2025-08-19,RELIANCE.NS,INFY.NS,0.3588539240221481
2025-08-20,RELIANCE.NS,INFY.NS,0.2898994573203903
2025-08-21,RELIANCE.NS,INFY.NS,0.29156260942668605
2025-08-22,RELIANCE.NS,INFY.NS,0.29401502794912565
2025-08-25,RELIANCE.NS,INFY.NS,0.28738137209398323
2025-08-26,RELIANCE.NS,INFY.NS,0.2808971821111305
2025-08-28,RELIANCE.NS,INFY.NS,0.27000072759998256
2025-08-29,RELIANCE.NS,INFY.NS,0.29856968165376174
2025-09-01,RELIANCE.NS,INFY.NS,0.287499885189329
2025-09-02,RELIANCE.NS,INFY.NS,0.28509382192900795
2025-09-03,RELIANCE.NS,INFY.NS,0.2726412663973609
2025-09-04,RELIANCE.NS,INFY.NS,0.2956309419133496
2025-09-05,RELIANCE.NS,INFY.NS,0.2626623895328572
2025-09-08,RELIANCE.NS,INFY.NS,0.255765380484089
2025-09-09,RELIANCE.NS,INFY.NS,0.21862827644647273
2025-09-10,RELIANCE.NS,INFY.NS,0.2087680881195986
2025-09-11,RELIANCE.NS,INFY.NS,0.2053343787421552
2025-09-12,RELIANCE.NS,INFY.NS,0.21372972121486963
2025-09-15,RELIANCE.NS,INFY.NS,0.2117780568354419
2025-09-16,RELIANCE.NS,INFY.NS,0.2113851875719945
2025-09-17,RELIANCE.NS,INFY.NS,0.20626909231436372
2025-09-18,RELIANCE.NS,INFY.NS,0.2062904827172905
2025-09-19,RELIANCE.NS,INFY.NS,0.18367783062025694
2025-09-22,RELIANCE.NS,INFY.NS,0.21008404624691218
2025-09-23,RELIANCE.NS,INFY.NS,0.21992822420390046
2025-09-24,RELIANCE.NS,INFY.NS,0.21868218028357836
2025-09-25,RELIANCE.NS,INFY.NS,0.2190086123249437
2025-09-26,RELIANCE.NS,INFY.NS,0.2025973866717592
2025-09-29,RELIANCE.NS,INFY.NS,0.20286344042695925
2025-09-30,RELIANCE.NS,INFY.NS,0.19024245689929895
2025-10-01,RELIANCE.NS,INFY.NS,0.20305669078608732
2025-10-03,RELIANCE.NS,INFY.NS,0.20374727296092227
2025-10-06,RELIANCE.NS,INFY.NS,0.22422292561990148
2025-10-07,RELIANCE.NS,INFY.NS,0.21297481052517742
2025-10-08,RELIANCE.NS,INFY.NS,0.15945500427369755
2025-10-09,RELIANCE.NS,INFY.NS,0.15925876217098794
2025-10-10,RELIANCE.NS,INFY.NS,0.1589468358451845
2025-10-13,RELIANCE.NS,INFY.NS,0.1625257005104476
2025-10-14,RELIANCE.NS,INFY.NS,0.15570222950304283
2025-10-15,RELIANCE.NS,INFY.NS,0.155091136400085
2025-10-16,RELIANCE.NS,INFY.NS,0.16244958827098188
2025-10-17,RELIANCE.NS,INFY.NS,0.11998009528172619
2025-10-20,RELIANCE.NS,INFY.NS,0.16040254334694942
2025-10-21,RELIANCE.NS,INFY.NS,0.1398855787362741
2025-10-23,RELIANCE.NS,INFY.NS,0.06402232504588164
2025-10-24,RELIANCE.NS,INFY.NS,0.06372933702425866
2025-10-27,RELIANCE.NS,INFY.NS,0.06980243769575843
2025-10-28,RELIANCE.NS,INFY.NS,0.07170153022546563
2025-10-29,RELIANCE.NS,INFY.NS,0.06851796604165138
2025-10-30,RELIANCE.NS,INFY.NS,0.0869229937902126
2025-10-31,RELIANCE.NS,INFY.NS,0.08132521995238635
2025-11-03,RELIANCE.NS,INFY.NS,0.0594644854516501
2025-11-04,RELIANCE.NS,INFY.NS,0.07103244810528501
2025-11-06,RELIANCE.NS,INFY.NS,0.06731399820741282
2025-11-07,RELIANCE.NS,INFY.NS,0.03983869540321221
2025-11-10,RELIANCE.NS,INFY.NS,0.05229290410231297
2025-11-11,RELIANCE.NS,INFY.NS,0.05112433873605645
2025-11-12,RELIANCE.NS,INFY.NS,0.06428111711252316
2025-11-13,RELIANCE.NS,INFY.NS,0.07198457712151349
2025-11-14,RELIANCE.NS,INFY.NS,0.06439371939389632
2025-11-17,RELIANCE.NS,INFY.NS,0.06268666125228278
2025-11-18,RELIANCE.NS,INFY.NS,0.09432711380380136
2025-11-19,RELIANCE.NS,INFY.NS,0.08467171641037502
2025-11-20,RELIANCE.NS,INFY.NS,0.06614580618545896
2025-11-21,RELIANCE.NS,INFY.NS,0.06356855055182174
2025-11-24,RELIANCE.NS,INFY.NS,0.05902049336070579
2025-11-25,RELIANCE.NS,INFY.NS,0.05610225027866887
2025-11-26,RELIANCE.NS,INFY.NS,0.034107148936013555
2025-11-27,RELIANCE.NS,INFY.NS,0.04249708186146216
2025-11-28,RELIANCE.NS,INFY.NS,0.043819473628317375
2025-12-01,RELIANCE.NS,INFY.NS,0.047457807342271514
2025-12-02,RELIANCE.NS,INFY.NS,0.035308288905480184
2025-12-03,RELIANCE.NS,INFY.NS,0.0441077990412898
2025-12-04,RELIANCE.NS,INFY.NS,0.03995852346897013
2025-12-05,RELIANCE.NS,INFY.NS,0.06924923913040643
2025-12-08,RELIANCE.NS,INFY.NS,0.07374026787427176
2025-12-09,RELIANCE.NS,INFY.NS,0.09251223568336354
2025-12-10,RELIANCE.NS,INFY.NS,0.07940281086383
2025-12-11,RELIANCE.NS,INFY.NS,0.08579152736887181
2025-12-12,RELIANCE.NS,INFY.NS,0.08441271702649637
2025-12-15,RELIANCE.NS,INFY.NS,0.07981606849958929
2025-12-16,RELIANCE.NS,INFY.NS,0.09429866614693248
2025-12-17,RELIANCE.NS,INFY.NS,0.09335820440865145
2025-12-18,RELIANCE.NS,INFY.NS,0.03913006161143215
2025-12-19,RELIANCE.NS,INFY.NS,0.04669240123535816
2025-12-22,RELIANCE.NS,INFY.NS,0.05887415200822609
2025-12-23,RELIANCE.NS,INFY.NS,0.05749877086168478
2025-12-24,RELIANCE.NS,INFY.NS,0.07270301415910542
2025-12-26,RELIANCE.NS,INFY.NS,0.06839935866916434
2025-12-29,RELIANCE.NS,INFY.NS,0.07921918186249868
2025-12-30,RELIANCE.NS,INFY.NS,0.09111425984046417
2025-12-31,RELIANCE.NS,INFY.NS,0.07286057883786452
2026-01-01,RELIANCE.NS,INFY.NS,0.05964399248717193
2026-01-02,RELIANCE.NS,INFY.NS,0.0741638575685146
2026-01-05,RELIANCE.NS,INFY.NS,0.15898023835351086
2026-01-06,RELIANCE.NS,INFY.NS,0.11763546357191389
2026-01-07,RELIANCE.NS,INFY.NS,0.10919739925454551
2026-01-08,RELIANCE.NS,INFY.NS,0.14042854459815104
2026-01-09,RELIANCE.NS,INFY.NS,0.13999472556243336
2026-01-12,RELIANCE.NS,INFY.NS,0.13049436299876685
2026-01-13,RELIANCE.NS,INFY.NS,0.13512698537584478
2026-01-14,RELIANCE.NS,INFY.NS,0.1722379418554191
2026-01-15,RELIANCE.NS,INFY.NS,0.13636336651932257
2026-01-16,RELIANCE.NS,INFY.NS,0.11606453118644498
2026-01-19,RELIANCE.NS,INFY.NS,0.18497665266842891
2026-01-20,RELIANCE.NS,INFY.NS,0.2040480483648969
2026-01-21,RELIANCE.NS,INFY.NS,0.2069185177955657
2026-01-22,RELIANCE.NS,INFY.NS,0.20824823941681103
2026-01-23,RELIANCE.NS,INFY.NS,0.1989636135754676
2026-01-27,RELIANCE.NS,INFY.NS,0.18626919442427853
2026-01-28,RELIANCE.NS,INFY.NS,0.16680252733281076
2026-01-29,RELIANCE.NS,INFY.NS,0.1685260358134665
2026-01-30,RELIANCE.NS,INFY.NS,0.15247531129740619
2026-02-02,RELIANCE.NS,INFY.NS,0.16254555313250488
2026-02-03,RELIANCE.NS,INFY.NS,0.20814317319004938
2026-02-04,RELIANCE.NS,INFY.NS,0.06600884353264237
2026-02-05,RELIANCE.NS,INFY.NS,0.0706708920652789
2026-02-06,RELIANCE.NS,INFY.NS,0.05164647175592724
2026-02-09,RELIANCE.NS,INFY.NS,0.047200913766359015
2026-02-10,RELIANCE.NS,INFY.NS,0.06124995417937071
2026-02-11,RELIANCE.NS,INFY.NS,0.049050758178087635
2026-02-12,RELIANCE.NS,INFY.NS,0.10468962698055187
2026-02-13,RELIANCE.NS,INFY.NS,0.12142212316461694
2026-02-16,RELIANCE.NS,INFY.NS,0.1244406429541228
2026-02-17,RELIANCE.NS,INFY.NS,0.1087242191675372
2026-02-18,RELIANCE.NS,INFY.NS,0.09696367272615014
2026-02-19,RELIANCE.NS,INFY.NS,0.09859122810669085
2026-02-20,RELIANCE.NS,INFY.NS,0.06062685363137491
2026-02-23,RELIANCE.NS,INFY.NS,0.05173010989874573
2026-02-24,RELIANCE.NS,INFY.NS,0.04469624482020568
2026-02-25,RELIANCE.NS,INFY.NS,0.021924089322703334
2026-02-26,RELIANCE.NS,INFY.NS,0.024201317159001246
2026-02-27,RELIANCE.NS,INFY.NS,0.021131268980528275
2026-03-02,RELIANCE.NS,INFY.NS,0.03039973800503723
2026-03-04,RELIANCE.NS,INFY.NS,0.014740425770326696
2026-03-05,RELIANCE.NS,INFY.NS,0.019021341123511372
2026-03-06,RELIANCE.NS,INFY.NS,0.021400075564472088
2026-03-09,RELIANCE.NS,INFY.NS,0.03184378007295522
2026-03-10,RELIANCE.NS,INFY.NS,0.03403885121290044
2026-03-11,RELIANCE.NS,INFY.NS,0.0406068234513671
2026-03-12,RELIANCE.NS,INFY.NS,0.03871006715865446
2026-03-13,RELIANCE.NS,INFY.NS,0.04069919669887517
2026-03-16,RELIANCE.NS,INFY.NS,0.042731799461215525
2026-03-17,RELIANCE.NS,INFY.NS,0.038829262412818144
2026-03-18,RELIANCE.NS,INFY.NS,0.04602553187207102
2026-03-19,RELIANCE.NS,INFY.NS,0.057117494290063214
2026-03-20,RELIANCE.NS,INFY.NS,0.1032336066217214
2026-03-23,RELIANCE.NS,INFY.NS,0.10292629492561829
2026-03-24,RELIANCE.NS,INFY.NS,0.10765924329320457
2026-03-25,RELIANCE.NS,INFY.NS,0.10725459437852781
2026-03-27,RELIANCE.NS,INFY.NS,0.10732340395550798
2026-03-30,RELIANCE.NS,INFY.NS,0.10925751145920394
2026-04-01,RELIANCE.NS,INFY.NS,0.13176017633034073
2026-04-02,RELIANCE.NS,INFY.NS,0.10788096325945765
2026-04-06,RELIANCE.NS,INFY.NS,0.08599760793306219
2026-04-07,RELIANCE.NS,INFY.NS,0.11068179715320056
2026-04-08,RELIANCE.NS,INFY.NS,0.1227592260461811
2026-04-09,RELIANCE.NS,INFY.NS,0.11458135309645935
2026-04-10,RELIANCE.NS,INFY.NS,0.08679033201591899
2026-04-13,RELIANCE.NS,INFY.NS,0.09956218002089244
2026-04-15,RELIANCE.NS,INFY.NS,0.1352147586916697
2026-04-16,RELIANCE.NS,INFY.NS,0.1342615054119095
2026-04-17,RELIANCE.NS,INFY.NS,0.135180162156491
2026-04-20,RELIANCE.NS,INFY.NS,0.14554814023236537
2026-04-21,RELIANCE.NS,INFY.NS,0.14597598131429093
2026-04-22,RELIANCE.NS,INFY.NS,0.12465445280881163
2026-04-23,RELIANCE.NS,INFY.NS,0.13587482326133843
2026-04-24,RELIANCE.NS,INFY.NS,0.16108403311546426
2026-04-27,RELIANCE.NS,INFY.NS,0.19081545899634472
2026-04-28,RELIANCE.NS,INFY.NS,0.18392932018921868
2026-04-29,RELIANCE.NS,INFY.NS,0.20620715024345856
2026-04-30,RELIANCE.NS,INFY.NS,0.2081574039386347
2026-05-01,RELIANCE.NS,INFY.NS,0.20880597959551958
2026-05-04,RELIANCE.NS,INFY.NS,0.19901284956485285
2026-05-05,RELIANCE.NS,INFY.NS,0.17093938320925092
2026-05-06,RELIANCE.NS,INFY.NS,0.24239271185594363
2026-05-07,RELIANCE.NS,INFY.NS,0.2402472616671753
2026-05-08,RELIANCE.NS,INFY.NS,0.23925769468856092
2026-05-11,RELIANCE.NS,INFY.NS,0.22969822248029928
2026-05-12,RELIANCE.NS,INFY.NS,0.2477527593822036
2026-05-13,RELIANCE.NS,INFY.NS,0.2554559337969688
2026-05-14,RELIANCE.NS,INFY.NS,0.23115443826330354
2026-05-15,RELIANCE.NS,INFY.NS,0.19423658333726962
2026-05-18,RELIANCE.NS,INFY.NS,0.19302058641240027
2026-05-19,RELIANCE.NS,INFY.NS,0.1707949828171802
2026-05-20,RELIANCE.NS,INFY.NS,0.1745453836632099
2026-05-21,RELIANCE.NS,INFY.NS,0.1791699540544155
2026-05-22,RELIANCE.NS,INFY.NS,0.18312182813352587
2026-05-25,RELIANCE.NS,INFY.NS,0.18827741117125307
2026-05-26,RELIANCE.NS,INFY.NS,0.19631738527082976
2026-05-27,RELIANCE.NS,INFY.NS,0.21499139675066448
2026-05-28,RELIANCE.NS,INFY.NS,0.2150121650595204
2026-05-29,RELIANCE.NS,INFY.NS,0.21492261592088271
2026-06-01,RELIANCE.NS,INFY.NS,0.20194672790786164
2026-06-02,RELIANCE.NS,INFY.NS,0.18564628684194734
2026-06-03,RELIANCE.NS,INFY.NS,0.1896001637678527
2026-06-04,RELIANCE.NS,INFY.NS,0.19271144505963952
2026-06-05,RELIANCE.NS,INFY.NS,0.18979742424846432
2026-06-08,RELIANCE.NS,INFY.NS,0.18903868612826352
2026-06-09,RELIANCE.NS,INFY.NS,0.18050117187793815
2026-06-10,RELIANCE.NS,INFY.NS,0.18389035859103114
2026-06-11,RELIANCE.NS,INFY.NS,0.1718728153962325
2026-06-12,RELIANCE.NS,INFY.NS,0.17123746725151665
2026-06-15,RELIANCE.NS,INFY.NS,0.1819638839355501
2026-06-16,RELIANCE.NS,INFY.NS,0.1787299672847279
2026-06-17,RELIANCE.NS,INFY.NS,0.15727397239212573
2026-06-18,RELIANCE.NS,INFY.NS,0.13037725833193245
2026-06-19,RELIANCE.NS,INFY.NS,0.1613380096673229
2026-06-22,RELIANCE.NS,INFY.NS,0.16766168055669134
2026-06-23,RELIANCE.NS,INFY.NS,0.18120046796573894
2026-06-24,RELIANCE.NS,INFY.NS,0.18719024721020627
2026-06-25,RELIANCE.NS,INFY.NS,0.18319478244337314
2026-06-26,RELIANCE.NS,INFY.NS,0.1654250461321673
2026-06-29,RELIANCE.NS,INFY.NS,0.18309778690015902
2026-06-30,RELIANCE.NS,INFY.NS,0.2109494228102242
2026-07-01,RELIANCE.NS,INFY.NS,0.20659934517284764
2026-07-02,RELIANCE.NS,INFY.NS,0.17836900776861894
2026-07-03,RELIANCE.NS,INFY.NS,0.17497302624883018
2026-07-06,RELIANCE.NS,INFY.NS,0.19770242768868446
2026-07-07,RELIANCE.NS,INFY.NS,0.17086369765290285
2026-07-08,RELIANCE.NS,INFY.NS,0.1409913312718047
2026-07-09,RELIANCE.NS,INFY.NS,0.13784661890529545
2026-07-10,RELIANCE.NS,INFY.NS,0.15664421442270543
2026-07-13,RELIANCE.NS,INFY.NS,0.13914363952725264
2026-07-14,RELIANCE.NS,INFY.NS,0.14113773682811226
2026-07-15,RELIANCE.NS,INFY.NS,0.15351013300864563
2026-07-16,RELIANCE.NS,INFY.NS,0.14173943063939543
2026-07-17,RELIANCE.NS,INFY.NS,0.12318499014943594
2026-07-20,RELIANCE.NS,INFY.NS,0.10598301395391013
2026-07-21,RELIANCE.NS,INFY.NS,0.13250124066374763
2026-07-22,RELIANCE.NS,INFY.NS,0.12488306713749181
2026-07-23,RELIANCE.NS,INFY.NS,0.12223206299386978
2026-07-24,RELIANCE.NS,INFY.NS,0.11993040779887364
2026-07-27,RELIANCE.NS,INFY.NS,0.1450842935406557
2026-07-28,RELIANCE.NS,INFY.NS,0.13045998109584667
2026-07-29,RELIANCE.NS,INFY.NS,0.14231818624925843
2026-07-30,RELIANCE.NS,INFY.NS,0.139776001778252
2026-07-31,RELIANCE.NS,INFY.NS,0.12043154685928886
2026-08-03,RELIANCE.NS,INFY.NS,0.14503583106278
2026-08-04,RELIANCE.NS,INFY.NS,0.1274517002561224
2026-08-05,RELIANCE.NS,INFY.NS,0.12253975165546621
2026-08-06,RELIANCE.NS,INFY.NS,0.10044519748745723
2026-08-07,RELIANCE.NS,INFY.NS,0.12765274591260414
2026-08-10,RELIANCE.NS,INFY.NS,0.12685632726798293
2026-08-11,RELIANCE.NS,INFY.NS,0.15933704962231682
2026-08-12,RELIANCE.NS,INFY.NS,0.16865982243988842
2026-08-13,RELIANCE.NS,INFY.NS,0.16452698844971708
2026-08-14,RELIANCE.NS,INFY.NS,0.16773676176189242
2026-08-17,RELIANCE.NS,INFY.NS,0.16205078137982076
2026-08-18,RELIANCE.NS,INFY.NS,0.15403278030880974
2026-08-19,RELIANCE.NS,INFY.NS,0.1498210101756239
2026-08-20,RELIANCE.NS,INFY.NS,0.1507240901871941
2026-08-21,RELIANCE.NS,INFY.NS,0.1548809605681702
2026-08-24,RELIANCE.NS,INFY.NS,0.15744197814168612
2026-08-25,RELIANCE.NS,INFY.NS,0.187615646196199
2026-08-26,RELIANCE.NS,INFY.NS,0.20560736994687437
2026-08-27,RELIANCE.NS,INFY.NS,0.20323699733923148
2026-08-28,RELIANCE.NS,INFY.NS,0.20681763125036937
2026-08-31,RELIANCE.NS,INFY.NS,0.2048345761103541
2026-09-01,RELIANCE.NS,INFY.NS,0.22999650295698704
2026-09-02,RELIANCE.NS,INFY.NS,0.22297057794744246
2026-09-03,RELIANCE.NS,INFY.NS,0.23477806554440803
2026-09-04,RELIANCE.NS,INFY.NS,0.23709135643443024
2026-09-07,RELIANCE.NS,INFY.NS,0.2452988245881471
2026-09-08,RELIANCE.NS,INFY.NS,0.24197279214216486
2026-09-09,RELIANCE.NS,INFY.NS,0.2631274214597818
2026-09-10,RELIANCE.NS,INFY.NS,0.26054041708322767
2026-09-11,RELIANCE.NS,INFY.NS,0.21744171737833295
2026-09-14,RELIANCE.NS,INFY.NS,0.20737798453832315
2026-09-15,RELIANCE.NS,INFY.NS,0.12916066045895783
2026-09-16,RELIANCE.NS,INFY.NS,0.1169028025124643
2026-09-17,RELIANCE.NS,INFY.NS,0.12170331519075375
2026-09-18,RELIANCE.NS,INFY.NS,0.12713483904849368
2026-09-21,RELIANCE.NS,INFY.NS,0.1051795583292849
2026-09-22,RELIANCE.NS,INFY.NS,0.09863920480324459
2026-09-23,RELIANCE.NS,INFY.NS,0.10836533236781541
2026-09-24,RELIANCE.NS,INFY.NS,0.13493418248076658
2026-09-25,RELIANCE.NS,INFY.NS,0.12651109641028901
2026-09-28,RELIANCE.NS,INFY.NS,0.12337972089891362
2026-09-29,RELIANCE.NS,INFY.NS,0.13209207849479923
2026-09-30,RELIANCE.NS,INFY.NS,0.123272000423866
2026-10-01,RELIANCE.NS,INFY.NS,0.07630786149006066
2021-12-31,RELIANCE.NS,LT.NS,0.45242295632881097
2022-01-03,RELIANCE.NS,LT.NS,0.4503224314857957
2022-01-04,RELIANCE.NS,LT.NS,0.45015764214498555
2022-01-05,RELIANCE.NS,LT.NS,0.4541138547373103
2022-01-06,RELIANCE.NS,LT.NS,0.462746753744152
2022-01-07,RELIANCE.NS,LT.NS,0.4530399266354737
2022-01-10,RELIANCE.NS,LT.NS,0.44103852609495275
2022-01-11,RELIANCE.NS,LT.NS,0.44345651784621537
2022-01-12,RELIANCE.NS,LT.NS,0.4434977899600812
2022-01-13,RELIANCE.NS,LT.NS,0.4422035861163155
2022-01-14,RELIANCE.NS,LT.NS,0.4367023292624584
2022-01-17,RELIANCE.NS,LT.NS,0.44255250031359444
2022-01-18,RELIANCE.NS,LT.NS,0.45184022587930783
2022-01-19,RELIANCE.NS,LT.NS,0.44945787353369193
2022-01-20,RELIANCE.NS,LT.NS,0.4555719496011322
2022-01-21,RELIANCE.NS,LT.NS,0.4394172129713989
2022-01-24,RELIANCE.NS,LT.NS,0.4925252591808428
2022-01-25,RELIANCE.NS,LT.NS,0.47066881507399294
2022-01-27,RELIANCE.NS,LT.NS,0.47687351136825284
2022-01-28,RELIANCE.NS,LT.NS,0.4885138131740309
2022-01-31,RELIANCE.NS,LT.NS,0.5382065182522265
2022-02-01,RELIANCE.NS,LT.NS,0.49319609199384323
2022-02-02,RELIANCE.NS,LT.NS,0.4921405031188712
2022-02-03,RELIANCE.NS,LT.NS,0.49501955497077144
2022-02-04,RELIANCE.NS,LT.NS,0.4894106020987264
2022-02-07,RELIANCE.NS,LT.NS,0.483911250744444
2022-02-08,RELIANCE.NS,LT.NS,0.4673690255506895
2022-02-09,RELIANCE.NS,LT.NS,0.4693811724365766
2022-02-10,RELIANCE.NS,LT.NS,0.4810125690346878
2022-02-11,RELIANCE.NS,LT.NS,0.48303141744476835
2022-02-14,RELIANCE.NS,LT.NS,0.5107773700227426
2022-02-15,RELIANCE.NS,LT.NS,0.5381024781567441
2022-02-16,RELIANCE.NS,LT.NS,0.5355432341501057
2022-02-17,RELIANCE.NS,LT.NS,0.531040206018272
2022-02-18,RELIANCE.NS,LT.NS,0.6149484073990527
2022-02-21,RELIANCE.NS,LT.NS,0.58493709744634
2022-02-22,RELIANCE.NS,LT.NS,0.5954328971490493
2022-02-23,RELIANCE.NS,LT.NS,0.5994368249589659
2022-02-24,RELIANCE.NS,LT.NS,0.6335984868671416
2022-02-25,RELIANCE.NS,LT.NS,0.6373432347971497
2022-02-28,RELIANCE.NS,LT.NS,0.6804899648646212
2022-03-02,RELIANCE.NS,LT.NS,0.6484445785866491
2022-03-03,RELIANCE.NS,LT.NS,0.6489476665562867
2022-03-04,RELIANCE.NS,LT.NS,0.6542290661131215
2022-03-07,RELIANCE.NS,LT.NS,0.6769981649747553
2022-03-08,RELIANCE.NS,LT.NS,0.6721024430314257
2022-03-09,RELIANCE.NS,LT.NS,0.6732204704699317
2022-03-10,RELIANCE.NS,LT.NS,0.6836656767053039
2022-03-11,RELIANCE.NS,LT.NS,0.6868220803361519
2022-03-14,RELIANCE.NS,LT.NS,0.6926506181138166
2022-03-15,RELIANCE.NS,LT.NS,0.681843997234594
2022-03-16,RELIANCE.NS,LT.NS,0.6711118743078573
2022-03-17,RELIANCE.NS,LT.NS,0.6739473174080288
2022-03-21,RELIANCE.NS,LT.NS,0.6648387743595259
2022-03-22,RELIANCE.NS,LT.NS,0.6669303899723761
2022-03-23,RELIANCE.NS,LT.NS,0.6688916414457629
2022-03-24,RELIANCE.NS,LT.NS,0.6685686515433391
2022-03-25,RELIANCE.NS,LT.NS,0.6613023157181683
2022-03-28,RELIANCE.NS,LT.NS,0.6579825324973685
2022-03-29,RELIANCE.NS,LT.NS,0.6604924153971681
2022-03-30,RELIANCE.NS,LT.NS,0.6655578247039647
2022-03-31,RELIANCE.NS,LT.NS,0.6595055022586993
2022-04-01,RELIANCE.NS,LT.NS,0.6593637345113241
2022-04-04,RELIANCE.NS,LT.NS,0.6532293496730296
2022-04-05,RELIANCE.NS,LT.NS,0.6410429869445716
2022-04-06,RELIANCE.NS,LT.NS,0.6428275882300659
2022-04-07,RELIANCE.NS,LT.NS,0.6587660904718341
2022-04-08,RELIANCE.NS,LT.NS,0.6566950697089861
2022-04-11,RELIANCE.NS,LT.NS,0.6513978908346146
2022-04-12,RELIANCE.NS,LT.NS,0.6610365611635384
2022-04-13,RELIANCE.NS,LT.NS,0.660227224182558
2022-04-18,RELIANCE.NS,LT.NS,0.6602295355930704
2022-04-19,RELIANCE.NS,LT.NS,0.5988750277694205
2022-04-20,RELIANCE.NS,LT.NS,0.5795069723775943
2022-04-21,RELIANCE.NS,LT.NS,0.586335415880016
2022-04-22,RELIANCE.NS,LT.NS,0.5933880537718401
2022-04-25,RELIANCE.NS,LT.NS,0.5830017450432194
2022-04-26,RELIANCE.NS,LT.NS,0.6060156593894979
2022-04-27,RELIANCE.NS,LT.NS,0.6051456671880758
2022-04-28,RELIANCE.NS,LT.NS,0.6072280757031646
2022-04-29,RELIANCE.NS,LT.NS,0.6094709677271567
2022-05-02,RELIANCE.NS,LT.NS,0.6577856091418051
2022-05-04,RELIANCE.NS,LT.NS,0.6706982631731395
2022-05-05,RELIANCE.NS,LT.NS,0.6531847029196107
2022-05-06,RELIANCE.NS,LT.NS,0.6636004871522884
2022-05-09,RELIANCE.NS,LT.NS,0.6475905437926367
2022-05-10,RELIANCE.NS,LT.NS,0.6503065318626279
2022-05-11,RELIANCE.NS,LT.NS,0.6501802672694255
2022-05-12,RELIANCE.NS,LT.NS,0.6604422047572543
2022-05-13,RELIANCE.NS,LT.NS,0.6634170259915358
2022-05-16,RELIANCE.NS,LT.NS,0.661044911898765
2022-05-17,RELIANCE.NS,LT.NS,0.6699490087451901
2022-05-18,RELIANCE.NS,LT.NS,0.6617107635180922
2022-05-19,RELIANCE.NS,LT.NS,0.6645297250158398
2022-05-20,RELIANCE.NS,LT.NS,0.7068916114065942
2022-05-23,RELIANCE.NS,LT.NS,0.686539167941503
2022-05-24,RELIANCE.NS,LT.NS,0.6838966598486671
2022-05-25,RELIANCE.NS,LT.NS,0.6718351758819113
2022-05-26,RELIANCE.NS,LT.NS,0.6492779155157629
2022-05-27,RELIANCE.NS,LT.NS,0.6290148015450464
2022-05-30,RELIANCE.NS,LT.NS,0.6363700161038175
2022-05-31,RELIANCE.NS,LT.NS,0.6529735410729589
2022-06-01,RELIANCE.NS,LT.NS,0.6513316685906667
2022-06-02,RELIANCE.NS,LT.NS,0.6206700655513746
2022-06-03,RELIANCE.NS,LT.NS,0.5917096966306524
2022-06-06,RELIANCE.NS,LT.NS,0.6008525600085941
2022-06-07,RELIANCE.NS,LT.NS,0.5760774855153343
2022-06-08,RELIANCE.NS,LT.NS,0.5679831863273697
2022-06-09,RELIANCE.NS,LT.NS,0.569142145634437
2022-06-10,RELIANCE.NS,LT.NS,0.5631909651758601
2022-06-13,RELIANCE.NS,LT.NS,0.5814641805872411
2022-06-14,RELIANCE.NS,LT.NS,0.5671092281081012
2022-06-15,RELIANCE.NS,LT.NS,0.5419401744217242
2022-06-16,RELIANCE.NS,LT.NS,0.5468300747904883
2022-06-17,RELIANCE.NS,LT.NS,0.5206105458977408
2022-06-20,RELIANCE.NS,LT.NS,0.5241335640751006
2022-06-21,RELIANCE.NS,LT.NS,0.5305528648006711
2022-06-22,RELIANCE.NS,LT.NS,0.5394786695756398
2022-06-23,RELIANCE.NS,LT.NS,0.5276999178707654
2022-06-24,RELIANCE.NS,LT.NS,0.5272457979500067
2022-06-27,RELIANCE.NS,LT.NS,0.5045175349944494
2022-06-28,RELIANCE.NS,LT.NS,0.5098455716001588
2022-06-29,RELIANCE.NS,LT.NS,0.5028069975682994
2022-06-30,RELIANCE.NS,LT.NS,0.5073532312326391
2022-07-01,RELIANCE.NS,LT.NS,0.43211977619646597
2022-07-04,RELIANCE.NS,LT.NS,0.4346463527135471
2022-07-05,RELIANCE.NS,LT.NS,0.4254278512408286
2022-07-06,RELIANCE.NS,LT.NS,0.424773177734307
2022-07-07,RELIANCE.NS,LT.NS,0.401430489310822
2022-07-08,RELIANCE.NS,LT.NS,0.37659075515723817
2022-07-11,RELIANCE.NS,LT.NS,0.3672091076476872
2022-07-12,RELIANCE.NS,LT.NS,0.3672390631850124
2022-07-13,RELIANCE.NS,LT.NS,0.4099648139973277
2022-07-14,RELIANCE.NS,LT.NS,0.42742334301385176
2022-07-15,RELIANCE.NS,LT.NS,0.4182134466664996
2022-07-18,RELIANCE.NS,LT.NS,0.4209715139724097
2022-07-19,RELIANCE.NS,LT.NS,0.40891164447041517
2022-07-20,RELIANCE.NS,LT.NS,0.38861643517371597
2022-07-21,RELIANCE.NS,LT.NS,0.3798013302374093
2022-07-22,RELIANCE.NS,LT.NS,0.36935283164391086
2022-07-25,RELIANCE.NS,LT.NS,0.34932394953799156
2022-07-26,RELIANCE.NS,LT.NS,0.3446215302542263
2022-07-27,RELIANCE.NS,LT.NS,0.3168048662837842
2022-07-28,RELIANCE.NS,LT.NS,0.31776429767447056
2022-07-29,RELIANCE.NS,LT.NS,0.3142054548575597
2022-08-01,RELIANCE.NS,LT.NS,0.31090799453096757
2022-08-02,RELIANCE.NS,LT.NS,0.3040726672212323
2022-08-03,RELIANCE.NS,LT.NS,0.2949172254052209
2022-08-04,RELIANCE.NS,LT.NS,0.27764703508585026
2022-08-05,RELIANCE.NS,LT.NS,0.27477476720775906
2022-08-08,RELIANCE.NS,LT.NS,0.28237836226530866
2022-08-10,RELIANCE.NS,LT.NS,0.23160734548134096
2022-08-11,RELIANCE.NS,LT.NS,0.2387307799436206
2022-08-12,RELIANCE.NS,LT.NS,0.20819034222592486
2022-08-16,RELIANCE.NS,LT.NS,0.11423016794528797
2022-08-17,RELIANCE.NS,LT.NS,0.12333065998486689
2022-08-18,RELIANCE.NS,LT.NS,0.12632857439973766
2022-08-19,RELIANCE.NS,LT.NS,0.10569085538537878
2022-08-22,RELIANCE.NS,LT.NS,0.10286188756947409
2022-08-23,RELIANCE.NS,LT.NS,0.10485822143383915
2022-08-24,RELIANCE.NS,LT.NS,0.03853299933718873
2022-08-25,RELIANCE.NS,LT.NS,0.03590115941619303
2022-08-26,RELIANCE.NS,LT.NS,0.03184306265053743
2022-08-29,RELIANCE.NS,LT.NS,0.059740486546862696
2022-08-30,RELIANCE.NS,LT.NS,0.07016087665267695
2022-09-01,RELIANCE.NS,LT.NS,0.08004291466623135
2022-09-02,RELIANCE.NS,LT.NS,0.08196979495457106
2022-09-05,RELIANCE.NS,LT.NS,0.08555023523502987
2022-09-06,RELIANCE.NS,LT.NS,0.07711209762014408
2022-09-07,RELIANCE.NS,LT.NS,0.06197672201925544
2022-09-08,RELIANCE.NS,LT.NS,0.01858756760548042
2022-09-09,RELIANCE.NS,LT.NS,0.02874106325534502
2022-09-12,RELIANCE.NS,LT.NS,0.035328174669017456
2022-09-13,RELIANCE.NS,LT.NS,0.016333210329553854
2022-09-14,RELIANCE.NS,LT.NS,0.06086562690162374
2022-09-15,RELIANCE.NS,LT.NS,0.04151897569526283
2022-09-16,RELIANCE.NS,LT.NS,0.06557753456301584
2022-09-19,RELIANCE.NS,LT.NS,0.02531790838423276
2022-09-20,RELIANCE.NS,LT.NS,0.03270699688736621
2022-09-21,RELIANCE.NS,LT.NS,0.03219190910953315
2022-09-22,RELIANCE.NS,LT.NS,0.04385102488797255
2022-09-23,RELIANCE.NS,LT.NS,0.06339117070256367
2022-09-26,RELIANCE.NS,LT.NS,0.08297280926828828
2022-09-27,RELIANCE.NS,LT.NS,0.07512431992961605
2022-09-28,RELIANCE.NS,LT.NS,0.13936353700769538
2022-09-29,RELIANCE.NS,LT.NS,0.1407724008390736
2022-09-30,RELIANCE.NS,LT.NS,0.17559983272109828
2022-10-03,RELIANCE.NS,LT.NS,0.17321764903969603
2022-10-04,RELIANCE.NS,LT.NS,0.24015270962635007
2022-10-06,RELIANCE.NS,LT.NS,0.25831102961179264
2022-10-07,RELIANCE.NS,LT.NS,0.2853019468212093
2022-10-10,RELIANCE.NS,LT.NS,0.29248825461333106
2022-10-11,RELIANCE.NS,LT.NS,0.3101681678091124
2022-10-12,RELIANCE.NS,LT.NS,0.31946196676566446
2022-10-13,RELIANCE.NS,LT.NS,0.310133032517871
2022-10-14,RELIANCE.NS,LT.NS,0.2890160974470914
2022-10-17,RELIANCE.NS,LT.NS,0.2595027989377284
2022-10-18,RELIANCE.NS,LT.NS,0.2779465168621964
2022-10-19,RELIANCE.NS,LT.NS,0.28396605758394217
2022-10-20,RELIANCE.NS,LT.NS,0.28393576617390237
2022-10-21,RELIANCE.NS,LT.NS,0.33391884738445726
2022-10-24,RELIANCE.NS,LT.NS,0.3392089938904033
2022-10-25,RELIANCE.NS,LT.NS,0.3136028071686424
2022-10-27,RELIANCE.NS,LT.NS,0.3171348154569793
2022-10-28,RELIANCE.NS,LT.NS,0.3167472691369951
2022-10-31,RELIANCE.NS,LT.NS,0.3331475493972299
2022-11-01,RELIANCE.NS,LT.NS,0.34122634731399026
2022-11-02,RELIANCE.NS,LT.NS,0.33970841084162123
2022-11-03,RELIANCE.NS,LT.NS,0.3321825152358846
2022-11-04,RELIANCE.NS,LT.NS,0.33680390096639035
2022-11-07,RELIANCE.NS,LT.NS,0.31964611357442074
2022-11-09,RELIANCE.NS,LT.NS,0.3156506439482462
2022-11-10,RELIANCE.NS,LT.NS,0.32583949023141623
2022-11-11,RELIANCE.NS,LT.NS,0.372372234509174
2022-11-14,RELIANCE.NS,LT.NS,0.37529518313170834
2022-11-15,RELIANCE.NS,LT.NS,0.3754676289715784
2022-11-16,RELIANCE.NS,LT.NS,0.37639407281037074
2022-11-17,RELIANCE.NS,LT.NS,0.4267840153217315
2022-11-18,RELIANCE.NS,LT.NS,0.43735197610476245
2022-11-21,RELIANCE.NS,LT.NS,0.4536384703870758
2022-11-22,RELIANCE.NS,LT.NS,0.45922245726805927
2022-11-23,RELIANCE.NS,LT.NS,0.45957831556200507
2022-11-24,RELIANCE.NS,LT.NS,0.4768367370023981
2022-11-25,RELIANCE.NS,LT.NS,0.4720292208653828
2022-11-28,RELIANCE.NS,LT.NS,0.4293342370687847
2022-11-29,RELIANCE.NS,LT.NS,0.42725513020708805
2022-11-30,RELIANCE.NS,LT.NS,0.45578710039703096
2022-12-01,RELIANCE.NS,LT.NS,0.4345980121594845
2022-12-02,RELIANCE.NS,LT.NS,0.4403213003959813
2022-12-05,RELIANCE.NS,LT.NS,0.4357309361032121
2022-12-06,RELIANCE.NS,LT.NS,0.436811417016428
2022-12-07,RELIANCE.NS,LT.NS,0.4017765151050817
2022-12-08,RELIANCE.NS,LT.NS,0.38975205273038466
2022-12-09,RELIANCE.NS,LT.NS,0.3901323851160193
2022-12-12,RELIANCE.NS,LT.NS,0.376163705502471
2022-12-13,RELIANCE.NS,LT.NS,0.3788304497340675
2022-12-14,RELIANCE.NS,LT.NS,0.33557744895091224
2022-12-15,RELIANCE.NS,LT.NS,0.3481685369103018
2022-12-16,RELIANCE.NS,LT.NS,0.3515935004969221
2022-12-19,RELIANCE.NS,LT.NS,0.3665071552115708
2022-12-20,RELIANCE.NS,LT.NS,0.3473000009051509
2022-12-21,RELIANCE.NS,LT.NS,0.3305469635903226
2022-12-22,RELIANCE.NS,LT.NS,0.3282097637470352
2022-12-23,RELIANCE.NS,LT.NS,0.3894668378882996
2022-12-26,RELIANCE.NS,LT.NS,0.3957289336859465
2022-12-27,RELIANCE.NS,LT.NS,0.39839047187519616
2022-12-28,RELIANCE.NS,LT.NS,0.3770594508602915
2022-12-29,RELIANCE.NS,LT.NS,0.3749747067643906
2022-12-30,RELIANCE.NS,LT.NS,0.3361957865369774
2023-01-02,RELIANCE.NS,LT.NS,0.3366423077386485
2023-01-03,RELIANCE.NS,LT.NS,0.33581385007100834
2023-01-04,RELIANCE.NS,LT.NS,0.3399557566684777
2023-01-05,RELIANCE.NS,LT.NS,0.30468721397537313
2023-01-06,RELIANCE.NS,LT.NS,0.29442622933130713
2023-01-09,RELIANCE.NS,LT.NS,0.3382208707718104
2023-01-10,RELIANCE.NS,LT.NS,0.3727511643627621
2023-01-11,RELIANCE.NS,LT.NS,0.40076191376247045
2023-01-12,RELIANCE.NS,LT.NS,0.3197082440882103
2023-01-13,RELIANCE.NS,LT.NS,0.34870882686458493
2023-01-16,RELIANCE.NS,LT.NS,0.3576763865144588
2023-01-17,RELIANCE.NS,LT.NS,0.37043009638455526
2023-01-18,RELIANCE.NS,LT.NS,0.3541259391837959
2023-01-19,RELIANCE.NS,LT.NS,0.4026954818045242
2023-01-20,RELIANCE.NS,LT.NS,0.41268676646165625
2023-01-23,RELIANCE.NS,LT.NS,0.4262833431882448
2023-01-24,RELIANCE.NS,LT.NS,0.4171143260265667
2023-01-25,RELIANCE.NS,LT.NS,0.43352012538956586
2023-01-27,RELIANCE.NS,LT.NS,0.45114878264719654
2023-01-30,RELIANCE.NS,LT.NS,0.40456450011273626
2023-01-31,RELIANCE.NS,LT.NS,0.4053867819248653
2023-02-01,RELIANCE.NS,LT.NS,0.3989996674395073
2023-02-02,RELIANCE.NS,LT.NS,0.4018076021791953
2023-02-03,RELIANCE.NS,LT.NS,0.39149657023913736
2023-02-06,RELIANCE.NS,LT.NS,0.3647774424540066
2023-02-07,RELIANCE.NS,LT.NS,0.36319181556412916
2023-02-08,RELIANCE.NS,LT.NS,0.2957444633180353
2023-02-09,RELIANCE.NS,LT.NS,0.2992326934529101
2023-02-10,RELIANCE.NS,LT.NS,0.28860253228029337
2023-02-13,RELIANCE.NS,LT.NS,0.2753978453390413
2023-02-14,RELIANCE.NS,LT.NS,0.23211403581680565
2023-02-15,RELIANCE.NS,LT.NS,0.19317708307234557
2023-02-16,RELIANCE.NS,LT.NS,0.19237955541162746
2023-02-17,RELIANCE.NS,LT.NS,0.1884475628471578
2023-02-20,RELIANCE.NS,LT.NS,0.18517816153723943
2023-02-21,RELIANCE.NS,LT.NS,0.20285727131204856
2023-02-22,RELIANCE.NS,LT.NS,0.24201115153506106
2023-02-23,RELIANCE.NS,LT.NS,0.23368636805032617
2023-02-24,RELIANCE.NS,LT.NS,0.22048700606176044
2023-02-27,RELIANCE.NS,LT.NS,0.2275416816692955
2023-02-28,RELIANCE.NS,LT.NS,0.23019682468271616
2023-03-01,RELIANCE.NS,LT.NS,0.23023408735078776
2023-03-02,RELIANCE.NS,LT.NS,0.25558581497662636
2023-03-03,RELIANCE.NS,LT.NS,0.2911929487226093
2023-03-06,RELIANCE.NS,LT.NS,0.2753141574805742
2023-03-08,RELIANCE.NS,LT.NS,0.278706963610085
2023-03-09,RELIANCE.NS,LT.NS,0.24047135250176935
2023-03-10,RELIANCE.NS,LT.NS,0.26310000643291176
2023-03-13,RELIANCE.NS,LT.NS,0.26824894191990994
2023-03-14,RELIANCE.NS,LT.NS,0.2665851215138817
2023-03-15,RELIANCE.NS,LT.NS,0.23102752148119846
2023-03-16,RELIANCE.NS,LT.NS,0.2462417830742243
2023-03-17,RELIANCE.NS,LT.NS,0.23830831653049464
2023-03-20,RELIANCE.NS,LT.NS,0.24795092653953787
2023-03-21,RELIANCE.NS,LT.NS,0.22627653236079232
2023-03-22,RELIANCE.NS,LT.NS,0.215124241273402
2023-03-23,RELIANCE.NS,LT.NS,0.20544735495663916
2023-03-24,RELIANCE.NS,LT.NS,0.2359838405014357
2023-03-27,RELIANCE.NS,LT.NS,0.22120704395139548
2023-03-28,RELIANCE.NS,LT.NS,0.21907362001448843
2023-03-29,RELIANCE.NS,LT.NS,0.21599918025649786
2023-03-31,RELIANCE.NS,LT.NS,0.22883516006771154
2023-04-03,RELIANCE.NS,LT.NS,0.21862843258918288
2023-04-05,RELIANCE.NS,LT.NS,0.19675913911752954
2023-04-06,RELIANCE.NS,LT.NS,0.2030290032268584
2023-04-10,RELIANCE.NS,LT.NS,0.16351647240570039
2023-04-11,RELIANCE.NS,LT.NS,0.15042264143227732
2023-04-12,RELIANCE.NS,LT.NS,0.15550378225073744
2023-04-13,RELIANCE.NS,LT.NS,0.183748340633482
2023-04-17,RELIANCE.NS,LT.NS,0.16766298157274692
2023-04-18,RELIANCE.NS,LT.NS,0.16012840329235628
2023-04-19,RELIANCE.NS,LT.NS,0.11734189213572778
2023-04-20,RELIANCE.NS,LT.NS,0.122408196878835
2023-04-21,RELIANCE.NS,LT.NS,0.12041446848714173
2023-04-24,RELIANCE.NS,LT.NS,0.11220093325971114
2023-04-25,RELIANCE.NS,LT.NS,0.11563173978716973
2023-04-26,RELIANCE.NS,LT.NS,0.10060072088466092
2023-04-27,RELIANCE.NS,LT.NS,0.08663235992856078
2023-04-28,RELIANCE.NS,LT.NS,0.11433293274952726
2023-05-02,RELIANCE.NS,LT.NS,0.1476494649288192
2023-05-03,RELIANCE.NS,LT.NS,0.1607091996365921
2023-05-04,RELIANCE.NS,LT.NS,0.1650694382404149
2023-05-05,RELIANCE.NS,LT.NS,0.16075587367790936
2023-05-08,RELIANCE.NS,LT.NS,0.15160269750401437
2023-05-09,RELIANCE.NS,LT.NS,0.14674454795583658
2023-05-10,RELIANCE.NS,LT.NS,0.14393640730888352
2023-05-11,RELIANCE.NS,LT.NS,0.1993916652378903
2023-05-12,RELIANCE.NS,LT.NS,0.19768070114245306
2023-05-15,RELIANCE.NS,LT.NS,0.20523684828701624
2023-05-16,RELIANCE.NS,LT.NS,0.23113387073785965
2023-05-17,RELIANCE.NS,LT.NS,0.25239633000776884
2023-05-18,RELIANCE.NS,LT.NS,0.27908285935463567
2023-05-19,RELIANCE.NS,LT.NS,0.27929362898827165
2023-05-22,RELIANCE.NS,LT.NS,0.28097858499516215
2023-05-23,RELIANCE.NS,LT.NS,0.28187922849567637
2023-05-24,RELIANCE.NS,LT.NS,0.2838014458455355
2023-05-25,RELIANCE.NS,LT.NS,0.2557766240779963
2023-05-26,RELIANCE.NS,LT.NS,0.2556981261726739
2023-05-29,RELIANCE.NS,LT.NS,0.26645007047397207
2023-05-30,RELIANCE.NS,LT.NS,0.260535270052314
2023-05-31,RELIANCE.NS,LT.NS,0.26071096075864164
2023-06-01,RELIANCE.NS,LT.NS,0.2596375225432037
2023-06-02,RELIANCE.NS,LT.NS,0.2557056346502024
2023-06-05,RELIANCE.NS,LT.NS,0.23988494633873134
2023-06-06,RELIANCE.NS,LT.NS,0.24773248341118823
2023-06-07,RELIANCE.NS,LT.NS,0.2538653958122166
2023-06-08,RELIANCE.NS,LT.NS,0.28985005994627605
2023-06-09,RELIANCE.NS,LT.NS,0.2551692596718959
2023-06-12,RELIANCE.NS,LT.NS,0.2345067267039063
2023-06-13,RELIANCE.NS,LT.NS,0.24123344468607508
2023-06-14,RELIANCE.NS,LT.NS,0.278466398750167
2023-06-15,RELIANCE.NS,LT.NS,0.2766992946964624
2023-06-16,RELIANCE.NS,LT.NS,0.2818757722158975
2023-06-19,RELIANCE.NS,LT.NS,0.27079335221980877
2023-06-20,RELIANCE.NS,LT.NS,0.24147675068707417
2023-06-21,RELIANCE.NS,LT.NS,0.24155568232337882
2023-06-22,RELIANCE.NS,LT.NS,0.21900820215247643
2023-06-23,RELIANCE.NS,LT.NS,0.18612219379625178
2023-06-26,RELIANCE.NS,LT.NS,0.21075847084550828
2023-06-27,RELIANCE.NS,LT.NS,0.21631646248235928
2023-06-28,RELIANCE.NS,LT.NS,0.23742153760238305
2023-06-30,RELIANCE.NS,LT.NS,0.26011523365165284
2023-07-03,RELIANCE.NS,LT.NS,0.20234799539637002
2023-07-04,RELIANCE.NS,LT.NS,0.24143239049235402
2023-07-05,RELIANCE.NS,LT.NS,0.2362985634785653
2023-07-06,RELIANCE.NS,LT.NS,0.2702640215741118
2023-07-07,RELIANCE.NS,LT.NS,0.2785410604547929
2023-07-10,RELIANCE.NS,LT.NS,0.22245280274732643
2023-07-11,RELIANCE.NS,LT.NS,0.23914605314698864
2023-07-12,RELIANCE.NS,LT.NS,0.2544181823565789
2023-07-13,RELIANCE.NS,LT.NS,0.2605191634873258
2023-07-14,RELIANCE.NS,LT.NS,0.2560406676719882
2023-07-17,RELIANCE.NS,LT.NS,0.24574687426534902
2023-07-18,RELIANCE.NS,LT.NS,0.24473883608255878
2023-07-19,RELIANCE.NS,LT.NS,0.24740225532299728
2023-07-20,RELIANCE.NS,LT.NS,0.24586616625379892
2023-07-21,RELIANCE.NS,LT.NS,0.07217612421512372
2023-07-24,RELIANCE.NS,LT.NS,0.05144369732663079
2023-07-25,RELIANCE.NS,LT.NS,0.012036541432990605
2023-07-26,RELIANCE.NS,LT.NS,0.05798856706338363
2023-07-27,RELIANCE.NS,LT.NS,0.03749635149239255
2023-07-28,RELIANCE.NS,LT.NS,0.03383550927660469
2023-07-31,RELIANCE.NS,LT.NS,0.04452383710720215
2023-08-01,RELIANCE.NS,LT.NS,0.0663601034027832
2023-08-02,RELIANCE.NS,LT.NS,0.07557994438050242
2023-08-03,RELIANCE.NS,LT.NS,0.08582320291471028
2023-08-04,RELIANCE.NS,LT.NS,0.05887061309440287
2023-08-07,RELIANCE.NS,LT.NS,0.0597224689842746
2023-08-08,RELIANCE.NS,LT.NS,0.06383276198206768
2023-08-09,RELIANCE.NS,LT.NS,0.042514304608486424
2023-08-10,RELIANCE.NS,LT.NS,0.033433423856167446
2023-08-11,RELIANCE.NS,LT.NS,0.02223903172990937
2023-08-14,RELIANCE.NS,LT.NS,0.02873104127535249
2023-08-16,RELIANCE.NS,LT.NS,0.021481300443502823
2023-08-17,RELIANCE.NS,LT.NS,0.05696480361187072
2023-08-18,RELIANCE.NS,LT.NS,0.04206021329139371
2023-08-21,RELIANCE.NS,LT.NS,0.03583456446743196
2023-08-22,RELIANCE.NS,LT.NS,0.026237638371433405
2023-08-23,RELIANCE.NS,LT.NS,0.0258271697528293
2023-08-24,RELIANCE.NS,LT.NS,0.058331441933102496
2023-08-25,RELIANCE.NS,LT.NS,0.0591065949606496
2023-08-28,RELIANCE.NS,LT.NS,0.029166014716849063
2023-08-29,RELIANCE.NS,LT.NS,0.026804036203077267
2023-08-30,RELIANCE.NS,LT.NS,0.016918343669192804
2023-08-31,RELIANCE.NS,LT.NS,0.020878312742239665
2023-09-01,RELIANCE.NS,LT.NS,0.008643604081568319
2023-09-04,RELIANCE.NS,LT.NS,0.008839497161877515
2023-09-05,RELIANCE.NS,LT.NS,0.019582302675749473
2023-09-06,RELIANCE.NS,LT.NS,0.01895748928593187
2023-09-07,RELIANCE.NS,LT.NS,0.01398416090155001
2023-09-08,RELIANCE.NS,LT.NS,0.02985564194387192
2023-09-11,RELIANCE.NS,LT.NS,0.02198799444280094
2023-09-12,RELIANCE.NS,LT.NS,-0.00124310036421471
2023-09-13,RELIANCE.NS,LT.NS,-0.014678636513026318
2023-09-14,RELIANCE.NS,LT.NS,-0.015130946582079306
2023-09-15,RELIANCE.NS,LT.NS,-0.01639840883622767
2023-09-18,RELIANCE.NS,LT.NS,-0.008930913587163752
2023-09-20,RELIANCE.NS,LT.NS,0.012685358835430191
2023-09-21,RELIANCE.NS,LT.NS,0.004880238935183424
2023-09-22,RELIANCE.NS,LT.NS,0.003251290969526474
2023-09-25,RELIANCE.NS,LT.NS,-0.005840176312923511
2023-09-26,RELIANCE.NS,LT.NS,-0.02459148928392515
2023-09-27,RELIANCE.NS,LT.NS,0.03314679978084894
2023-09-28,RELIANCE.NS,LT.NS,0.01178502756811926
2023-09-29,RELIANCE.NS,LT.NS,0.012289705318296321
2023-10-03,RELIANCE.NS,LT.NS,-0.014007987175745425
2023-10-04,RELIANCE.NS,LT.NS,-0.014705669573062057
2023-10-05,RELIANCE.NS,LT.NS,0.0313743604578712
2023-10-06,RELIANCE.NS,LT.NS,0.011813579449825926
2023-10-09,RELIANCE.NS,LT.NS,0.02601664373138205
2023-10-10,RELIANCE.NS,LT.NS,0.016911956288531822
2023-10-11,RELIANCE.NS,LT.NS,0.016459375023980805
2023-10-12,RELIANCE.NS,LT.NS,0.0308436323626578
2023-10-13,RELIANCE.NS,LT.NS,0.033075365018752946
2023-10-16,RELIANCE.NS,LT.NS,0.02812500043986687
2023-10-17,RELIANCE.NS,LT.NS,0.01401284399607066
2023-10-18,RELIANCE.NS,LT.NS,0.20538092454940762
2023-10-19,RELIANCE.NS,LT.NS,0.22712517415072717
2023-10-20,RELIANCE.NS,LT.NS,0.2359218287795159
2023-10-23,RELIANCE.NS,LT.NS,0.20178310361531895
2023-10-25,RELIANCE.NS,LT.NS,0.20608557125146368
2023-10-26,RELIANCE.NS,LT.NS,0.2535566239510246
2023-10-27,RELIANCE.NS,LT.NS,0.2646864516200395
2023-10-30,RELIANCE.NS,LT.NS,0.2650364365039913
2023-10-31,RELIANCE.NS,LT.NS,0.25617292971035704
2023-11-01,RELIANCE.NS,LT.NS,0.23780255623482263
2023-11-02,RELIANCE.NS,LT.NS,0.2295669433094579
2023-11-03,RELIANCE.NS,LT.NS,0.2279218003895504
2023-11-06,RELIANCE.NS,LT.NS,0.24871975956851478
2023-11-07,RELIANCE.NS,LT.NS,0.2484082362664188
2023-11-08,RELIANCE.NS,LT.NS,0.26183803679534007
2023-11-09,RELIANCE.NS,LT.NS,0.2526570017195454
2023-11-10,RELIANCE.NS,LT.NS,0.24548620140573313
2023-11-13,RELIANCE.NS,LT.NS,0.24603029270540783
2023-11-15,RELIANCE.NS,LT.NS,0.219557764428983
2023-11-16,RELIANCE.NS,LT.NS,0.22651130553947063
2023-11-17,RELIANCE.NS,LT.NS,0.23071421205355377
2023-11-20,RELIANCE.NS,LT.NS,0.23142775736542487
2023-11-21,RELIANCE.NS,LT.NS,0.20981225926175623
2023-11-22,RELIANCE.NS,LT.NS,0.18323731561060694
2023-11-23,RELIANCE.NS,LT.NS,0.1633573693607987
2023-11-24,RELIANCE.NS,LT.NS,0.20067772745451912
2023-11-28,RELIANCE.NS,LT.NS,0.21367288432144585
2023-11-29,RELIANCE.NS,LT.NS,0.21625274672391642
2023-11-30,RELIANCE.NS,LT.NS,0.2010894807944117
2023-12-01,RELIANCE.NS,LT.NS,0.2223063194937495
2023-12-04,RELIANCE.NS,LT.NS,0.2620918451136302
2023-12-05,RELIANCE.NS,LT.NS,0.25493165280664093
2023-12-06,RELIANCE.NS,LT.NS,0.27613989998275046
2023-12-07,RELIANCE.NS,LT.NS,0.2946507133318921
2023-12-08,RELIANCE.NS,LT.NS,0.2827406575749577
2023-12-11,RELIANCE.NS,LT.NS,0.29569072434857435
2023-12-12,RELIANCE.NS,LT.NS,0.3659223199032521
2023-12-13,RELIANCE.NS,LT.NS,0.3890803660477437
2023-12-14,RELIANCE.NS,LT.NS,0.3955503189837233
2023-12-15,RELIANCE.NS,LT.NS,0.41356841084261897
2023-12-18,RELIANCE.NS,LT.NS,0.41108023873484156
2023-12-19,RELIANCE.NS,LT.NS,0.37767098482048495
2023-12-20,RELIANCE.NS,LT.NS,0.4128246927052143
2023-12-21,RELIANCE.NS,LT.NS,0.40850018918338904
2023-12-22,RELIANCE.NS,LT.NS,0.3978454382914175
2023-12-26,RELIANCE.NS,LT.NS,0.3976167891885402
2023-12-27,RELIANCE.NS,LT.NS,0.38398510890673304
2023-12-28,RELIANCE.NS,LT.NS,0.4183903007560427
2023-12-29,RELIANCE.NS,LT.NS,0.41429844526445725
2024-01-01,RELIANCE.NS,LT.NS,0.45718724933668853
2024-01-02,RELIANCE.NS,LT.NS,0.40722596616319495
2024-01-03,RELIANCE.NS,LT.NS,0.4190684099756243
2024-01-04,RELIANCE.NS,LT.NS,0.4201731293017887
2024-01-05,RELIANCE.NS,LT.NS,0.41218033771728135
2024-01-08,RELIANCE.NS,LT.NS,0.4199921300949644
2024-01-09,RELIANCE.NS,LT.NS,0.4107912270182153
2024-01-10,RELIANCE.NS,LT.NS,0.363855093171027
2024-01-11,RELIANCE.NS,LT.NS,0.2949959188386543
2024-01-12,RELIANCE.NS,LT.NS,0.30382583570673427
2024-01-15,RELIANCE.NS,LT.NS,0.2851132247695494
2024-01-16,RELIANCE.NS,LT.NS,0.2510211670787117
2024-01-17,RELIANCE.NS,LT.NS,0.25596051882859716
2024-01-18,RELIANCE.NS,LT.NS,0.2477214030571232
2024-01-19,RELIANCE.NS,LT.NS,0.197313064224661
2024-01-23,RELIANCE.NS,LT.NS,0.28450632281046706
2024-01-24,RELIANCE.NS,LT.NS,0.2555871176504411
2024-01-25,RELIANCE.NS,LT.NS,0.2410204506227647
2024-01-29,RELIANCE.NS,LT.NS,0.3599001366338581
2024-01-30,RELIANCE.NS,LT.NS,0.4048530797813778
2024-01-31,RELIANCE.NS,LT.NS,0.33179059452702375
2024-02-01,RELIANCE.NS,LT.NS,0.3286307362769688
2024-02-02,RELIANCE.NS,LT.NS,0.30812849511025314
2024-02-05,RELIANCE.NS,LT.NS,0.3172456210043035
2024-02-06,RELIANCE.NS,LT.NS,0.28474671664229023
2024-02-07,RELIANCE.NS,LT.NS,0.27688459147180544
2024-02-08,RELIANCE.NS,LT.NS,0.2821105008418175
2024-02-09,RELIANCE.NS,LT.NS,0.28058479530977987
2024-02-12,RELIANCE.NS,LT.NS,0.28711644854570517
2024-02-13,RELIANCE.NS,LT.NS,0.2867609689262174
2024-02-14,RELIANCE.NS,LT.NS,0.2821781094651719
2024-02-15,RELIANCE.NS,LT.NS,0.29652978608596986
2024-02-16,RELIANCE.NS,LT.NS,0.26459983006900945
2024-02-19,RELIANCE.NS,LT.NS,0.2607961483925224
2024-02-20,RELIANCE.NS,LT.NS,0.25872472545797054
2024-02-21,RELIANCE.NS,LT.NS,0.2648444740941841
2024-02-22,RELIANCE.NS,LT.NS,0.2705155179966842
2024-02-23,RELIANCE.NS,LT.NS,0.2711883963819772
2024-02-26,RELIANCE.NS,LT.NS,0.25395429099966293
2024-02-27,RELIANCE.NS,LT.NS,0.2585912520817096
2024-02-28,RELIANCE.NS,LT.NS,0.2719747557929246
2024-02-29,RELIANCE.NS,LT.NS,0.2644380614639593
2024-03-01,RELIANCE.NS,LT.NS,0.3021701667494435
2024-03-04,RELIANCE.NS,LT.NS,0.2978033947661382
2024-03-05,RELIANCE.NS,LT.NS,0.2993453131255475
2024-03-06,RELIANCE.NS,LT.NS,0.30014206257670817
2024-03-07,RELIANCE.NS,LT.NS,0.28363308105310103
2024-03-11,RELIANCE.NS,LT.NS,0.27741401904113755
2024-03-12,RELIANCE.NS,LT.NS,0.27709842660360257
2024-03-13,RELIANCE.NS,LT.NS,0.3113452251029255
2024-03-14,RELIANCE.NS,LT.NS,0.29591601895819947
2024-03-15,RELIANCE.NS,LT.NS,0.3070898763715896
2024-03-18,RELIANCE.NS,LT.NS,0.3108789957184368
2024-03-19,RELIANCE.NS,LT.NS,0.3052287677973273
2024-03-20,RELIANCE.NS,LT.NS,0.30587836175940153
2024-03-21,RELIANCE.NS,LT.NS,0.31024665724456607
2024-03-22,RELIANCE.NS,LT.NS,0.3080366135639366
2024-03-26,RELIANCE.NS,LT.NS,0.2946744243583784
2024-03-27,RELIANCE.NS,LT.NS,0.3064009194122728
2024-03-28,RELIANCE.NS,LT.NS,0.29887953427418407
2024-04-01,RELIANCE.NS,LT.NS,0.2917554481794569
2024-04-02,RELIANCE.NS,LT.NS,0.30908294064097935
2024-04-03,RELIANCE.NS,LT.NS,0.3146167749827612
2024-04-04,RELIANCE.NS,LT.NS,0.31206738562655567
2024-04-05,RELIANCE.NS,LT.NS,0.3140547163892165
2024-04-08,RELIANCE.NS,LT.NS,0.32211676958385105
2024-04-09,RELIANCE.NS,LT.NS,0.33382366728068613
2024-04-10,RELIANCE.NS,LT.NS,0.3402841984861021
2024-04-12,RELIANCE.NS,LT.NS,0.37829367968586175
2024-04-15,RELIANCE.NS,LT.NS,0.3730665474387851
2024-04-16,RELIANCE.NS,LT.NS,0.3826197484203164
2024-04-18,RELIANCE.NS,LT.NS,0.3950750093898141
2024-04-19,RELIANCE.NS,LT.NS,0.3934666228151986
2024-04-22,RELIANCE.NS,LT.NS,0.39304794038464896
2024-04-23,RELIANCE.NS,LT.NS,0.39436536791396387
2024-04-24,RELIANCE.NS,LT.NS,0.3564412250915078
2024-04-25,RELIANCE.NS,LT.NS,0.352769504310443
2024-04-26,RELIANCE.NS,LT.NS,0.3563441410328802
2024-04-29,RELIANCE.NS,LT.NS,0.2669714395148
2024-04-30,RELIANCE.NS,LT.NS,0.2277980448741946
2024-05-02,RELIANCE.NS,LT.NS,0.3040202736194034
2024-05-03,RELIANCE.NS,LT.NS,0.35489708713483076
2024-05-06,RELIANCE.NS,LT.NS,0.3905017815877309
2024-05-07,RELIANCE.NS,LT.NS,0.39056110645431785
2024-05-08,RELIANCE.NS,LT.NS,0.4333394717414865
2024-05-09,RELIANCE.NS,LT.NS,0.4793880312165593
2024-05-10,RELIANCE.NS,LT.NS,0.49019201224091447
2024-05-13,RELIANCE.NS,LT.NS,0.49185956561447547
2024-05-14,RELIANCE.NS,LT.NS,0.5042864857373504
2024-05-15,RELIANCE.NS,LT.NS,0.49952876006997426
2024-05-16,RELIANCE.NS,LT.NS,0.5131919532297133
2024-05-17,RELIANCE.NS,LT.NS,0.5079942269877582
2024-05-21,RELIANCE.NS,LT.NS,0.5344608718639143
2024-05-22,RELIANCE.NS,LT.NS,0.5503015692289493
2024-05-23,RELIANCE.NS,LT.NS,0.5733588651984841
2024-05-24,RELIANCE.NS,LT.NS,0.5700355908463186
2024-05-27,RELIANCE.NS,LT.NS,0.555283927762376
2024-05-28,RELIANCE.NS,LT.NS,0.552420373208456
2024-05-29,RELIANCE.NS,LT.NS,0.5718725659277527
2024-05-30,RELIANCE.NS,LT.NS,0.5708465386799277
2024-05-31,RELIANCE.NS,LT.NS,0.5688156278422212
2024-06-03,RELIANCE.NS,LT.NS,0.6646090518917542
2024-06-04,RELIANCE.NS,LT.NS,0.7852813973258478
2024-06-05,RELIANCE.NS,LT.NS,0.7808160388928834
2024-06-06,RELIANCE.NS,LT.NS,0.7811786160106923
2024-06-07,RELIANCE.NS,LT.NS,0.7780358840910527
2024-06-10,RELIANCE.NS,LT.NS,0.791574700748719
2024-06-11,RELIANCE.NS,LT.NS,0.7791963345799355
2024-06-12,RELIANCE.NS,LT.NS,0.7820441080478596
2024-06-13,RELIANCE.NS,LT.NS,0.7763932725522131
2024-06-14,RELIANCE.NS,LT.NS,0.7777791796752406
2024-06-18,RELIANCE.NS,LT.NS,0.7760891799535055
2024-06-19,RELIANCE.NS,LT.NS,0.7817668486951677
2024-06-20,RELIANCE.NS,LT.NS,0.7804850754024734
2024-06-21,RELIANCE.NS,LT.NS,0.7856562827918018
2024-06-24,RELIANCE.NS,LT.NS,0.7840901741806543
2024-06-25,RELIANCE.NS,LT.NS,0.7864883109048655
2024-06-26,RELIANCE.NS,LT.NS,0.7650754925093757
2024-06-27,RELIANCE.NS,LT.NS,0.7712068236394544
2024-06-28,RELIANCE.NS,LT.NS,0.7632480907489696
2024-07-01,RELIANCE.NS,LT.NS,0.7697697183102791
2024-07-02,RELIANCE.NS,LT.NS,0.7636060389343193
2024-07-03,RELIANCE.NS,LT.NS,0.7631632518264916
2024-07-04,RELIANCE.NS,LT.NS,0.7645294969428234
2024-07-05,RELIANCE.NS,LT.NS,0.7658923201896567
2024-07-08,RELIANCE.NS,LT.NS,0.7629540129389193
2024-07-09,RELIANCE.NS,LT.NS,0.7597783409230756
2024-07-10,RELIANCE.NS,LT.NS,0.7660670270497411
2024-07-11,RELIANCE.NS,LT.NS,0.7647447948491781
2024-07-12,RELIANCE.NS,LT.NS,0.7678820906988166
2024-07-15,RELIANCE.NS,LT.NS,0.7704345279132518
2024-07-16,RELIANCE.NS,LT.NS,0.7686232132314157
2024-07-18,RELIANCE.NS,LT.NS,0.7711990952645646
2024-07-19,RELIANCE.NS,LT.NS,0.772273933288005
2024-07-22,RELIANCE.NS,LT.NS,0.7352973059318553
2024-07-23,RELIANCE.NS,LT.NS,0.7375322636515732
2024-07-24,RELIANCE.NS,LT.NS,0.7356418978150849
2024-07-25,RELIANCE.NS,LT.NS,0.7232714533179051
2024-07-26,RELIANCE.NS,LT.NS,0.7245737801833712
2024-07-29,RELIANCE.NS,LT.NS,0.725575407288156
2024-07-30,RELIANCE.NS,LT.NS,0.7247637878886962
2024-07-31,RELIANCE.NS,LT.NS,0.7146222346680142
2024-08-01,RELIANCE.NS,LT.NS,0.7087156527867253
2024-08-02,RELIANCE.NS,LT.NS,0.7092787488720774
2024-08-05,RELIANCE.NS,LT.NS,0.7214186194928232
2024-08-06,RELIANCE.NS,LT.NS,0.7248118505566072
2024-08-07,RELIANCE.NS,LT.NS,0.7276268735369338
2024-08-08,RELIANCE.NS,LT.NS,0.7311005263005661
2024-08-09,RELIANCE.NS,LT.NS,0.7287861701419244
2024-08-12,RELIANCE.NS,LT.NS,0.7311700611735114
2024-08-13,RELIANCE.NS,LT.NS,0.7298002453552765
2024-08-14,RELIANCE.NS,LT.NS,0.7318837848323334
2024-08-16,RELIANCE.NS,LT.NS,0.7318641072078076
2024-08-19,RELIANCE.NS,LT.NS,0.7302604521259369
2024-08-20,RELIANCE.NS,LT.NS,0.7257558109031119
2024-08-21,RELIANCE.NS,LT.NS,0.7293516792084501
2024-08-22,RELIANCE.NS,LT.NS,0.7345742933758322
2024-08-23,RELIANCE.NS,LT.NS,0.7360717288989682
2024-08-26,RELIANCE.NS,LT.NS,0.736972112775122
2024-08-27,RELIANCE.NS,LT.NS,0.7288192290942109
2024-08-28,RELIANCE.NS,LT.NS,0.7289426224333162
2024-08-29,RELIANCE.NS,LT.NS,0.6795427209607419
2024-08-30,RELIANCE.NS,LT.NS,0.4106483383637647
2024-09-02,RELIANCE.NS,LT.NS,0.41225357261135176
2024-09-03,RELIANCE.NS,LT.NS,0.40680331132310144
2024-09-04,RELIANCE.NS,LT.NS,0.3843424453618424
2024-09-05,RELIANCE.NS,LT.NS,0.3903308624915495
2024-09-06,RELIANCE.NS,LT.NS,0.4271448768348339
2024-09-09,RELIANCE.NS,LT.NS,0.425016204318578
2024-09-10,RELIANCE.NS,LT.NS,0.4298607956787103
2024-09-11,RELIANCE.NS,LT.NS,0.43979953170118535
2024-09-12,RELIANCE.NS,LT.NS,0.4648944316173784
2024-09-13,RELIANCE.NS,LT.NS,0.44577522911219036
2024-09-16,RELIANCE.NS,LT.NS,0.4359137706008037
2024-09-17,RELIANCE.NS,LT.NS,0.4217628747711348
2024-09-18,RELIANCE.NS,LT.NS,0.41403757376937866
2024-09-19,RELIANCE.NS,LT.NS,0.3980103957031144
2024-09-20,RELIANCE.NS,LT.NS,0.4406704445915823
2024-09-23,RELIANCE.NS,LT.NS,0.4588642053423166
2024-09-24,RELIANCE.NS,LT.NS,0.4920976926400238
2024-09-25,RELIANCE.NS,LT.NS,0.4904934122692767
2024-09-26,RELIANCE.NS,LT.NS,0.4897495620299227
2024-09-27,RELIANCE.NS,LT.NS,0.43634745071006664
2024-09-30,RELIANCE.NS,LT.NS,0.4407938739077712
2024-10-01,RELIANCE.NS,LT.NS,0.42551509457697806
2024-10-03,RELIANCE.NS,LT.NS,0.5135902484420247
2024-10-04,RELIANCE.NS,LT.NS,0.5166938518361066
2024-10-07,RELIANCE.NS,LT.NS,0.5189074063483791
2024-10-08,RELIANCE.NS,LT.NS,0.5370087491683316
2024-10-09,RELIANCE.NS,LT.NS,0.5404269593276679
2024-10-10,RELIANCE.NS,LT.NS,0.5394442049107684
2024-10-11,RELIANCE.NS,LT.NS,0.5402538830505704
2024-10-14,RELIANCE.NS,LT.NS,0.5337762825060823
2024-10-15,RELIANCE.NS,LT.NS,0.5202001004026514
2024-10-16,RELIANCE.NS,LT.NS,0.5759861163322914
2024-10-17,RELIANCE.NS,LT.NS,0.5790412647024769
2024-10-18,RELIANCE.NS,LT.NS,0.5850608201430875
2024-10-21,RELIANCE.NS,LT.NS,0.6064709680162915
2024-10-22,RELIANCE.NS,LT.NS,0.6118133470649112
2024-10-23,RELIANCE.NS,LT.NS,0.6055887184709129
2024-10-24,RELIANCE.NS,LT.NS,0.6062464478021186
2024-10-25,RELIANCE.NS,LT.NS,0.606003723847075
2024-10-28,RELIANCE.NS,LT.NS,0.6176485881273548
2024-10-29,RELIANCE.NS,LT.NS,0.6193047961963375
2024-10-30,RELIANCE.NS,LT.NS,0.5671963410434328
2024-10-31,RELIANCE.NS,LT.NS,0.4270531552450355
2024-11-01,RELIANCE.NS,LT.NS,0.4200938047013876
2024-11-04,RELIANCE.NS,LT.NS,0.42519906360818915
2024-11-05,RELIANCE.NS,LT.NS,0.41615641874748405
2024-11-06,RELIANCE.NS,LT.NS,0.4325926331792694
2024-11-07,RELIANCE.NS,LT.NS,0.4313236829826696
2024-11-08,RELIANCE.NS,LT.NS,0.4212536570274636
2024-11-11,RELIANCE.NS,LT.NS,0.4219172178916223
2024-11-12,RELIANCE.NS,LT.NS,0.4254748622620565
2024-11-13,RELIANCE.NS,LT.NS,0.43290160298008734
2024-11-14,RELIANCE.NS,LT.NS,0.41623681870042034
2024-11-18,RELIANCE.NS,LT.NS,0.41416230204162235
2024-11-19,RELIANCE.NS,LT.NS,0.42150895221916496
2024-11-21,RELIANCE.NS,LT.NS,0.41625296764564484
2024-11-22,RELIANCE.NS,LT.NS,0.4899499398876623
2024-11-25,RELIANCE.NS,LT.NS,0.5179426692023836
2024-11-26,RELIANCE.NS,LT.NS,0.5132899083733573
2024-11-27,RELIANCE.NS,LT.NS,0.5164170798438346
2024-11-28,RELIANCE.NS,LT.NS,0.5248098858486209
2024-11-29,RELIANCE.NS,LT.NS,0.5350595479453856
2024-12-02,RELIANCE.NS,LT.NS,0.5294622890057665
2024-12-03,RELIANCE.NS,LT.NS,0.5361572765465507
2024-12-04,RELIANCE.NS,LT.NS,0.5263947994599161
2024-12-05,RELIANCE.NS,LT.NS,0.5300435355997349
2024-12-06,RELIANCE.NS,LT.NS,0.5244299569123555
2024-12-09,RELIANCE.NS,LT.NS,0.4997923777931511
2024-12-10,RELIANCE.NS,LT.NS,0.4836449261902556
2024-12-11,RELIANCE.NS,LT.NS,0.4836019488927644
2024-12-12,RELIANCE.NS,LT.NS,0.49016871355540476
2024-12-13,RELIANCE.NS,LT.NS,0.49118648993293146
2024-12-16,RELIANCE.NS,LT.NS,0.49513335047920254
2024-12-17,RELIANCE.NS,LT.NS,0.5164677458879119
2024-12-18,RELIANCE.NS,LT.NS,0.4901682000560647
2024-12-19,RELIANCE.NS,LT.NS,0.49811511636361677
2024-12-20,RELIANCE.NS,LT.NS,0.5124161746960337
2024-12-23,RELIANCE.NS,LT.NS,0.510241971213862
2024-12-24,RELIANCE.NS,LT.NS,0.5151379139873213
2024-12-26,RELIANCE.NS,LT.NS,0.5546869944186911
2024-12-27,RELIANCE.NS,LT.NS,0.5554899207818412
2024-12-30,RELIANCE.NS,LT.NS,0.5559620024741585
2024-12-31,RELIANCE.NS,LT.NS,0.49694999647065097
2025-01-01,RELIANCE.NS,LT.NS,0.5033438375652014
2025-01-02,RELIANCE.NS,LT.NS,0.5066013104865388
2025-01-03,RELIANCE.NS,LT.NS,0.47326243905924426
2025-01-06,RELIANCE.NS,LT.NS,0.47902314681900954
2025-01-07,RELIANCE.NS,LT.NS,0.4849237396925346
2025-01-08,RELIANCE.NS,LT.NS,0.4466835615447177
2025-01-09,RELIANCE.NS,LT.NS,0.45479218091280665
2025-01-10,RELIANCE.NS,LT.NS,0.4584837104283701
2025-01-13,RELIANCE.NS,LT.NS,0.4590238953878753
2025-01-14,RELIANCE.NS,LT.NS,0.45820397022868226
2025-01-15,RELIANCE.NS,LT.NS,0.4638665658320926
2025-01-16,RELIANCE.NS,LT.NS,0.462314673616318
2025-01-17,RELIANCE.NS,LT.NS,0.4626918820119991
2025-01-20,RELIANCE.NS,LT.NS,0.463499638350588
2025-01-21,RELIANCE.NS,LT.NS,0.4766104524939876
2025-01-22,RELIANCE.NS,LT.NS,0.471804712820444
2025-01-23,RELIANCE.NS,LT.NS,0.4727487963813288
2025-01-24,RELIANCE.NS,LT.NS,0.47801310673228536
2025-01-27,RELIANCE.NS,LT.NS,0.4741454089657175
2025-01-28,RELIANCE.NS,LT.NS,0.5933301209434775
2025-01-29,RELIANCE.NS,LT.NS,0.5917820890481608
2025-01-30,RELIANCE.NS,LT.NS,0.5631966275075069
2025-01-31,RELIANCE.NS,LT.NS,0.5541997184504386
2025-02-01,RELIANCE.NS,LT.NS,0.5174755027286093
2025-02-03,RELIANCE.NS,LT.NS,0.5336118847798486
2025-02-04,RELIANCE.NS,LT.NS,0.595295205116256
2025-02-05,RELIANCE.NS,LT.NS,0.5947897852733086
2025-02-06,RELIANCE.NS,LT.NS,0.5943530864550338
2025-02-07,RELIANCE.NS,LT.NS,0.5898294387961586
2025-02-10,RELIANCE.NS,LT.NS,0.5973893699407546
2025-02-11,RELIANCE.NS,LT.NS,0.6107226476257571
2025-02-12,RELIANCE.NS,LT.NS,0.5811102985204816
2025-02-13,RELIANCE.NS,LT.NS,0.5809621831271515
2025-02-14,RELIANCE.NS,LT.NS,0.5400643084000377
2025-02-17,RELIANCE.NS,LT.NS,0.5146855541738266
2025-02-18,RELIANCE.NS,LT.NS,0.525629673703093
2025-02-19,RELIANCE.NS,LT.NS,0.5230697848642678
2025-02-20,RELIANCE.NS,LT.NS,0.5218472851600927
2025-02-21,RELIANCE.NS,LT.NS,0.5016665396669546
2025-02-24,RELIANCE.NS,LT.NS,0.5186107203907439
2025-02-25,RELIANCE.NS,LT.NS,0.509459809161261
2025-02-27,RELIANCE.NS,LT.NS,0.513661754456248
2025-02-28,RELIANCE.NS,LT.NS,0.5083803890033022
2025-03-03,RELIANCE.NS,LT.NS,0.4745950444044159
2025-03-04,RELIANCE.NS,LT.NS,0.5038178910200477
2025-03-05,RELIANCE.NS,LT.NS,0.5096914014062682
2025-03-06,RELIANCE.NS,LT.NS,0.5088425461652215
2025-03-07,RELIANCE.NS,LT.NS,0.4715140897358033
2025-03-10,RELIANCE.NS,LT.NS,0.47379108861293384
2025-03-11,RELIANCE.NS,LT.NS,0.47698217153211536
2025-03-12,RELIANCE.NS,LT.NS,0.46580338249061665
2025-03-13,RELIANCE.NS,LT.NS,0.4718952065985947
2025-03-17,RELIANCE.NS,LT.NS,0.4675193146716296
2025-03-18,RELIANCE.NS,LT.NS,0.4476005933963127
2025-03-19,RELIANCE.NS,LT.NS,0.4360734847693872
2025-03-20,RELIANCE.NS,LT.NS,0.44273957572563327
2025-03-21,RELIANCE.NS,LT.NS,0.4442542655282982
2025-03-24,RELIANCE.NS,LT.NS,0.4616032041887915
2025-03-25,RELIANCE.NS,LT.NS,0.45778653030481326
2025-03-26,RELIANCE.NS,LT.NS,0.4593495937850435
2025-03-27,RELIANCE.NS,LT.NS,0.45854699365207113
2025-03-28,RELIANCE.NS,LT.NS,0.4505390411277716
2025-04-01,RELIANCE.NS,LT.NS,0.47182679080508527
2025-04-02,RELIANCE.NS,LT.NS,0.4610719595682343
2025-04-03,RELIANCE.NS,LT.NS,0.45324366777430247
2025-04-04,RELIANCE.NS,LT.NS,0.5438845116454742
2025-04-07,RELIANCE.NS,LT.NS,0.5904188919901697
2025-04-08,RELIANCE.NS,LT.NS,0.605965564586178
2025-04-09,RELIANCE.NS,LT.NS,0.5888146850257301
2025-04-11,RELIANCE.NS,LT.NS,0.6001894307103512
2025-04-15,RELIANCE.NS,LT.NS,0.6094220355713733
2025-04-16,RELIANCE.NS,LT.NS,0.6102848016296573
2025-04-17,RELIANCE.NS,LT.NS,0.5955658243958551
2025-04-21,RELIANCE.NS,LT.NS,0.5980322639389671
2025-04-22,RELIANCE.NS,LT.NS,0.5966188438613367
2025-04-23,RELIANCE.NS,LT.NS,0.5996436806405452
2025-04-24,RELIANCE.NS,LT.NS,0.6006342627470524
2025-04-25,RELIANCE.NS,LT.NS,0.5974372265988153
2025-04-28,RELIANCE.NS,LT.NS,0.5888875733823727
2025-04-29,RELIANCE.NS,LT.NS,0.5822705492128074
2025-04-30,RELIANCE.NS,LT.NS,0.5844324870773834
2025-05-02,RELIANCE.NS,LT.NS,0.5910229978746863
2025-05-05,RELIANCE.NS,LT.NS,0.5972113826096949
2025-05-06,RELIANCE.NS,LT.NS,0.6044197304096821
2025-05-07,RELIANCE.NS,LT.NS,0.5953474856870531
2025-05-08,RELIANCE.NS,LT.NS,0.5623088585725786
2025-05-09,RELIANCE.NS,LT.NS,0.48068278682461635
2025-05-12,RELIANCE.NS,LT.NS,0.5303698562203991
2025-05-13,RELIANCE.NS,LT.NS,0.5305558890053027
2025-05-14,RELIANCE.NS,LT.NS,0.5305272318941169
2025-05-15,RELIANCE.NS,LT.NS,0.5223307050339718
2025-05-16,RELIANCE.NS,LT.NS,0.5440086488636285
2025-05-19,RELIANCE.NS,LT.NS,0.5425506510502451
2025-05-20,RELIANCE.NS,LT.NS,0.5464840469727835
2025-05-21,RELIANCE.NS,LT.NS,0.5485807585494931
2025-05-22,RELIANCE.NS,LT.NS,0.5531158338511092
2025-05-23,RELIANCE.NS,LT.NS,0.5601985248707478
2025-05-26,RELIANCE.NS,LT.NS,0.5603380007273931
2025-05-27,RELIANCE.NS,LT.NS,0.5664498831017967
2025-05-28,RELIANCE.NS,LT.NS,0.5588946445388734
2025-05-29,RELIANCE.NS,LT.NS,0.5554769513638257
2025-05-30,RELIANCE.NS,LT.NS,0.5558937453690622
2025-06-02,RELIANCE.NS,LT.NS,0.5524709170319753
2025-06-03,RELIANCE.NS,LT.NS,0.5790731916802992
2025-06-04,RELIANCE.NS,LT.NS,0.576570968698547
2025-06-05,RELIANCE.NS,LT.NS,0.5748652374909184
2025-06-06,RELIANCE.NS,LT.NS,0.5812037317344863
2025-06-09,RELIANCE.NS,LT.NS,0.6142301163642481
2025-06-10,RELIANCE.NS,LT.NS,0.6084000027716389
2025-06-11,RELIANCE.NS,LT.NS,0.6072734432010881
2025-06-12,RELIANCE.NS,LT.NS,0.6095235106202092
2025-06-13,RELIANCE.NS,LT.NS,0.6104983589292237
2025-06-16,RELIANCE.NS,LT.NS,0.6099821811212284
2025-06-17,RELIANCE.NS,LT.NS,0.6103050730122986
2025-06-18,RELIANCE.NS,LT.NS,0.6326915422006385
2025-06-19,RELIANCE.NS,LT.NS,0.6310807101002778
2025-06-20,RELIANCE.NS,LT.NS,0.6350258233822921
2025-06-23,RELIANCE.NS,LT.NS,0.62869231654254
2025-06-24,RELIANCE.NS,LT.NS,0.6264427336684746
2025-06-25,RELIANCE.NS,LT.NS,0.6243147825688453
2025-06-26,RELIANCE.NS,LT.NS,0.6300622155477528
2025-06-27,RELIANCE.NS,LT.NS,0.6297320154780122
2025-06-30,RELIANCE.NS,LT.NS,0.6207219389594439
2025-07-01,RELIANCE.NS,LT.NS,0.6124263324021241
2025-07-02,RELIANCE.NS,LT.NS,0.6159328428188838
2025-07-03,RELIANCE.NS,LT.NS,0.5634791188792507
2025-07-04,RELIANCE.NS,LT.NS,0.48718870968476624
2025-07-07,RELIANCE.NS,LT.NS,0.4779515193970688
2025-07-08,RELIANCE.NS,LT.NS,0.5017300663794911
2025-07-09,RELIANCE.NS,LT.NS,0.48820958082053484
2025-07-10,RELIANCE.NS,LT.NS,0.4875617379562629
2025-07-11,RELIANCE.NS,LT.NS,0.4989952124935386
2025-07-14,RELIANCE.NS,LT.NS,0.5093777786920755
2025-07-15,RELIANCE.NS,LT.NS,0.5023991665503486
2025-07-16,RELIANCE.NS,LT.NS,0.4994161551794586
2025-07-17,RELIANCE.NS,LT.NS,0.5034818777084702
2025-07-18,RELIANCE.NS,LT.NS,0.5038610069704387
2025-07-21,RELIANCE.NS,LT.NS,0.43593201102287576
2025-07-22,RELIANCE.NS,LT.NS,0.41055282424715295
2025-07-23,RELIANCE.NS,LT.NS,0.432805096590769
2025-07-24,RELIANCE.NS,LT.NS,0.4315522037239841
2025-07-25,RELIANCE.NS,LT.NS,0.44423914652303576
2025-07-28,RELIANCE.NS,LT.NS,0.449257898722498
2025-07-29,RELIANCE.NS,LT.NS,0.4813102721573089
2025-07-30,RELIANCE.NS,LT.NS,0.391167093503998
2025-07-31,RELIANCE.NS,LT.NS,0.3997500772124623
2025-08-01,RELIANCE.NS,LT.NS,0.5161688131186479
2025-08-04,RELIANCE.NS,LT.NS,0.40262162808828406
2025-08-05,RELIANCE.NS,LT.NS,0.37962488270233374
2025-08-06,RELIANCE.NS,LT.NS,0.3771652764417349
2025-08-07,RELIANCE.NS,LT.NS,0.35359281173916063
2025-08-08,RELIANCE.NS,LT.NS,0.36837475917918067
2025-08-11,RELIANCE.NS,LT.NS,0.39021310804350173
2025-08-12,RELIANCE.NS,LT.NS,0.37789812614734214
2025-08-13,RELIANCE.NS,LT.NS,0.3764104237151953
2025-08-14,RELIANCE.NS,LT.NS,0.3631850785010004
2025-08-18,RELIANCE.NS,LT.NS,0.33110327118175925
2025-08-19,RELIANCE.NS,LT.NS,0.2791192368445509
2025-08-20,RELIANCE.NS,LT.NS,0.28070342257509
2025-08-21,RELIANCE.NS,LT.NS,0.2879623010124926
2025-08-22,RELIANCE.NS,LT.NS,0.2915742956944062
2025-08-25,RELIANCE.NS,LT.NS,0.2911210638605994
2025-08-26,RELIANCE.NS,LT.NS,0.32468207561071905
2025-08-28,RELIANCE.NS,LT.NS,0.32543774055471464
2025-08-29,RELIANCE.NS,LT.NS,0.29447165066764935
2025-09-01,RELIANCE.NS,LT.NS,0.29016013989160394
2025-09-02,RELIANCE.NS,LT.NS,0.2782287141260432
2025-09-03,RELIANCE.NS,LT.NS,0.27924672954992696
2025-09-04,RELIANCE.NS,LT.NS,0.28127906015961257
2025-09-05,RELIANCE.NS,LT.NS,0.25871192348543426
2025-09-08,RELIANCE.NS,LT.NS,0.2509814920593297
2025-09-09,RELIANCE.NS,LT.NS,0.24743974714765515
2025-09-10,RELIANCE.NS,LT.NS,0.2387665936097226
2025-09-11,RELIANCE.NS,LT.NS,0.23589574291232898
2025-09-12,RELIANCE.NS,LT.NS,0.24659147389074668
2025-09-15,RELIANCE.NS,LT.NS,0.24594346338722697
2025-09-16,RELIANCE.NS,LT.NS,0.22621880117851798
2025-09-17,RELIANCE.NS,LT.NS,0.21920632370999982
2025-09-18,RELIANCE.NS,LT.NS,0.22275295051607857
2025-09-19,RELIANCE.NS,LT.NS,0.2204861382612709
2025-09-22,RELIANCE.NS,LT.NS,0.20776609266256882
2025-09-23,RELIANCE.NS,LT.NS,0.19987764852077777
2025-09-24,RELIANCE.NS,LT.NS,0.1948941177328492
2025-09-25,RELIANCE.NS,LT.NS,0.2100163158569447
2025-09-26,RELIANCE.NS,LT.NS,0.21262337000030504
2025-09-29,RELIANCE.NS,LT.NS,0.21488127863227402
2025-09-30,RELIANCE.NS,LT.NS,0.2173265115838556
2025-10-01,RELIANCE.NS,LT.NS,0.22829851515311234
2025-10-03,RELIANCE.NS,LT.NS,0.22027897935188342
2025-10-06,RELIANCE.NS,LT.NS,0.20912124971205204
2025-10-07,RELIANCE.NS,LT.NS,0.20437235559435588
2025-10-08,RELIANCE.NS,LT.NS,0.18740039587090088
2025-10-09,RELIANCE.NS,LT.NS,0.18735723429571763
2025-10-10,RELIANCE.NS,LT.NS,0.18934641764561053
2025-10-13,RELIANCE.NS,LT.NS,0.19146528236637647
2025-10-14,RELIANCE.NS,LT.NS,0.18252089156063594
2025-10-15,RELIANCE.NS,LT.NS,0.17752018981097586
2025-10-16,RELIANCE.NS,LT.NS,0.25423106243386456
2025-10-17,RELIANCE.NS,LT.NS,0.21697377762868184
2025-10-20,RELIANCE.NS,LT.NS,0.22624082357817654
2025-10-21,RELIANCE.NS,LT.NS,0.22101280438392593
2025-10-23,RELIANCE.NS,LT.NS,0.1956041766166687
2025-10-24,RELIANCE.NS,LT.NS,0.1905306900698742
2025-10-27,RELIANCE.NS,LT.NS,0.14453979854336121
2025-10-28,RELIANCE.NS,LT.NS,0.22435644903905025
2025-10-29,RELIANCE.NS,LT.NS,0.19249861178693273
2025-10-30,RELIANCE.NS,LT.NS,0.18521037295482434
2025-10-31,RELIANCE.NS,LT.NS,0.160700820972946
2025-11-03,RELIANCE.NS,LT.NS,0.1784652764040756
2025-11-04,RELIANCE.NS,LT.NS,0.19881522097236737
2025-11-06,RELIANCE.NS,LT.NS,0.16368616316192108
2025-11-07,RELIANCE.NS,LT.NS,0.13714479650289949
2025-11-10,RELIANCE.NS,LT.NS,0.11530860859837025
2025-11-11,RELIANCE.NS,LT.NS,0.12075477088079116
2025-11-12,RELIANCE.NS,LT.NS,0.11711954943947876
2025-11-13,RELIANCE.NS,LT.NS,0.10804984589704303
2025-11-14,RELIANCE.NS,LT.NS,0.11905677608676637
2025-11-17,RELIANCE.NS,LT.NS,0.16617367234870392
2025-11-18,RELIANCE.NS,LT.NS,0.15798246813567615
2025-11-19,RELIANCE.NS,LT.NS,0.1523990124168398
2025-11-20,RELIANCE.NS,LT.NS,0.1437666163534251
2025-11-21,RELIANCE.NS,LT.NS,0.14637563486078764
2025-11-24,RELIANCE.NS,LT.NS,0.08093798309941574
2025-11-25,RELIANCE.NS,LT.NS,0.08052263846727273
2025-11-26,RELIANCE.NS,LT.NS,0.17941348383051325
2025-11-27,RELIANCE.NS,LT.NS,0.17251046207887202
2025-11-28,RELIANCE.NS,LT.NS,0.18682720521657156
2025-12-01,RELIANCE.NS,LT.NS,0.18573177469033608
2025-12-02,RELIANCE.NS,LT.NS,0.2094437476482293
2025-12-03,RELIANCE.NS,LT.NS,0.25393281835825415
2025-12-04,RELIANCE.NS,LT.NS,0.2592414813865784
2025-12-05,RELIANCE.NS,LT.NS,0.25682459128957436
2025-12-08,RELIANCE.NS,LT.NS,0.25563638479233586
2025-12-09,RELIANCE.NS,LT.NS,0.260284853442504
2025-12-10,RELIANCE.NS,LT.NS,0.24795694443164082
2025-12-11,RELIANCE.NS,LT.NS,0.24862106478091553
2025-12-12,RELIANCE.NS,LT.NS,0.26078303962707056
2025-12-15,RELIANCE.NS,LT.NS,0.25740831717996354
2025-12-16,RELIANCE.NS,LT.NS,0.2711269499574906
2025-12-17,RELIANCE.NS,LT.NS,0.2664360079805079
2025-12-18,RELIANCE.NS,LT.NS,0.24597563014320714
2025-12-19,RELIANCE.NS,LT.NS,0.26266142363541906
2025-12-22,RELIANCE.NS,LT.NS,0.26540886360080657
2025-12-23,RELIANCE.NS,LT.NS,0.2545614253418639
2025-12-24,RELIANCE.NS,LT.NS,0.26497636330445895
2025-12-26,RELIANCE.NS,LT.NS,0.25595450673956477
2025-12-29,RELIANCE.NS,LT.NS,0.24809077136724406
2025-12-30,RELIANCE.NS,LT.NS,0.24475337818540827
2025-12-31,RELIANCE.NS,LT.NS,0.29085236612906434
2026-01-01,RELIANCE.NS,LT.NS,0.2893339430739448
2026-01-02,RELIANCE.NS,LT.NS,0.2989235361591881
2026-01-05,RELIANCE.NS,LT.NS,0.30718345724070467
2026-01-06,RELIANCE.NS,LT.NS,0.2881833208878786
2026-01-07,RELIANCE.NS,LT.NS,0.2856758613180911
2026-01-08,RELIANCE.NS,LT.NS,0.36348205348923723
2026-01-09,RELIANCE.NS,LT.NS,0.36429053420272045
2026-01-12,RELIANCE.NS,LT.NS,0.39034320642174286
2026-01-13,RELIANCE.NS,LT.NS,0.43385846850745524
2026-01-14,RELIANCE.NS,LT.NS,0.4463133013523805
2026-01-15,RELIANCE.NS,LT.NS,0.4376120940399436
2026-01-16,RELIANCE.NS,LT.NS,0.43903907230640526
2026-01-19,RELIANCE.NS,LT.NS,0.4149521538870102
2026-01-20,RELIANCE.NS,LT.NS,0.43450065029569146
2026-01-21,RELIANCE.NS,LT.NS,0.4101010282449905
2026-01-22,RELIANCE.NS,LT.NS,0.4079362917372834
2026-01-23,RELIANCE.NS,LT.NS,0.4304423598470175
2026-01-27,RELIANCE.NS,LT.NS,0.4356355138356885
2026-01-28,RELIANCE.NS,LT.NS,0.4416831825920005
2026-01-29,RELIANCE.NS,LT.NS,0.38181118543617104
2026-01-30,RELIANCE.NS,LT.NS,0.37432075690134575
2026-02-02,RELIANCE.NS,LT.NS,0.41321466463980255
2026-02-03,RELIANCE.NS,LT.NS,0.4933144547151353
2026-02-04,RELIANCE.NS,LT.NS,0.4990507243385687
2026-02-05,RELIANCE.NS,LT.NS,0.5019701644007878
2026-02-06,RELIANCE.NS,LT.NS,0.5073764281126617
2026-02-09,RELIANCE.NS,LT.NS,0.5169157991831705
2026-02-10,RELIANCE.NS,LT.NS,0.5096212914638579
2026-02-11,RELIANCE.NS,LT.NS,0.508342620973041
2026-02-12,RELIANCE.NS,LT.NS,0.5015503017129342
2026-02-13,RELIANCE.NS,LT.NS,0.49942708141761294
2026-02-16,RELIANCE.NS,LT.NS,0.5063613314146674
2026-02-17,RELIANCE.NS,LT.NS,0.47541933481430254
2026-02-18,RELIANCE.NS,LT.NS,0.48211222713235746
2026-02-19,RELIANCE.NS,LT.NS,0.4988637232490383
2026-02-20,RELIANCE.NS,LT.NS,0.4856013177778236
2026-02-23,RELIANCE.NS,LT.NS,0.49047347534909136
2026-02-24,RELIANCE.NS,LT.NS,0.44792890633372096
2026-02-25,RELIANCE.NS,LT.NS,0.4197575306047975
2026-02-26,RELIANCE.NS,LT.NS,0.40713441545557383
2026-02-27,RELIANCE.NS,LT.NS,0.4072320802422406
2026-03-02,RELIANCE.NS,LT.NS,0.46211797581541014
2026-03-04,RELIANCE.NS,LT.NS,0.4519051276656235
2026-03-05,RELIANCE.NS,LT.NS,0.5158135007954472
2026-03-06,RELIANCE.NS,LT.NS,0.4843997888924294
2026-03-09,RELIANCE.NS,LT.NS,0.4408448532739724
2026-03-10,RELIANCE.NS,LT.NS,0.43096009350934184
2026-03-11,RELIANCE.NS,LT.NS,0.4288325241610295
2026-03-12,RELIANCE.NS,LT.NS,0.4102392073591756
2026-03-13,RELIANCE.NS,LT.NS,0.3856367516955193
2026-03-16,RELIANCE.NS,LT.NS,0.3903695569927357
2026-03-17,RELIANCE.NS,LT.NS,0.3911856654855934
2026-03-18,RELIANCE.NS,LT.NS,0.39135036484516694
2026-03-19,RELIANCE.NS,LT.NS,0.41072494876770715
2026-03-20,RELIANCE.NS,LT.NS,0.4049737551624038
2026-03-23,RELIANCE.NS,LT.NS,0.4056235242308042
2026-03-24,RELIANCE.NS,LT.NS,0.3966603849171909
2026-03-25,RELIANCE.NS,LT.NS,0.39196322645117604
2026-03-27,RELIANCE.NS,LT.NS,0.40750374950059165
2026-03-30,RELIANCE.NS,LT.NS,0.4039760431181727
2026-04-01,RELIANCE.NS,LT.NS,0.4206800390752386
2026-04-02,RELIANCE.NS,LT.NS,0.41500195738247125
2026-04-06,RELIANCE.NS,LT.NS,0.3475366082668333
2026-04-07,RELIANCE.NS,LT.NS,0.3684058169348801
2026-04-08,RELIANCE.NS,LT.NS,0.4387756042483959
2026-04-09,RELIANCE.NS,LT.NS,0.43074837722509035
2026-04-10,RELIANCE.NS,LT.NS,0.437138202629259
2026-04-13,RELIANCE.NS,LT.NS,0.4309839539725266
2026-04-15,RELIANCE.NS,LT.NS,0.43261021479833406
2026-04-16,RELIANCE.NS,LT.NS,0.4345235205250728
2026-04-17,RELIANCE.NS,LT.NS,0.4250621784889934
2026-04-20,RELIANCE.NS,LT.NS,0.42450500448580675
2026-04-21,RELIANCE.NS,LT.NS,0.4379741284233209
2026-04-22,RELIANCE.NS,LT.NS,0.42667906611988493
2026-04-23,RELIANCE.NS,LT.NS,0.4262579342310733
2026-04-24,RELIANCE.NS,LT.NS,0.42935826421253775
2026-04-27,RELIANCE.NS,LT.NS,0.42312369932907246
2026-04-28,RELIANCE.NS,LT.NS,0.4178514906657421
2026-04-29,RELIANCE.NS,LT.NS,0.42324135830054277
2026-04-30,RELIANCE.NS,LT.NS,0.43171623085449273
2026-05-01,RELIANCE.NS,LT.NS,0.43190288811641137
2026-05-04,RELIANCE.NS,LT.NS,0.44089988497341825
2026-05-05,RELIANCE.NS,LT.NS,0.4207080422281733
2026-05-06,RELIANCE.NS,LT.NS,0.4208260245161928
2026-05-07,RELIANCE.NS,LT.NS,0.419665748870324
2026-05-08,RELIANCE.NS,LT.NS,0.41931492510409873
2026-05-11,RELIANCE.NS,LT.NS,0.41419914534564606
2026-05-12,RELIANCE.NS,LT.NS,0.4238257098448368
2026-05-13,RELIANCE.NS,LT.NS,0.42095459519907563
2026-05-14,RELIANCE.NS,LT.NS,0.42571649475875933
2026-05-15,RELIANCE.NS,LT.NS,0.42967400270969736
2026-05-18,RELIANCE.NS,LT.NS,0.4283754490279325
2026-05-19,RELIANCE.NS,LT.NS,0.4367614823578038
2026-05-20,RELIANCE.NS,LT.NS,0.42103854840421484
2026-05-21,RELIANCE.NS,LT.NS,0.4170599403397414
2026-05-22,RELIANCE.NS,LT.NS,0.4145543959772
2026-05-25,RELIANCE.NS,LT.NS,0.41855494935973087
2026-05-26,RELIANCE.NS,LT.NS,0.42612803312944475
2026-05-27,RELIANCE.NS,LT.NS,0.43979206606628324
2026-05-28,RELIANCE.NS,LT.NS,0.4409941901014766
2026-05-29,RELIANCE.NS,LT.NS,0.4287008517647644
2026-06-01,RELIANCE.NS,LT.NS,0.3978645449523427
2026-06-02,RELIANCE.NS,LT.NS,0.3931640420310904
2026-06-03,RELIANCE.NS,LT.NS,0.3550757947856658
2026-06-04,RELIANCE.NS,LT.NS,0.37279630039840095
2026-06-05,RELIANCE.NS,LT.NS,0.40010686989798083
2026-06-08,RELIANCE.NS,LT.NS,0.4163465128540046
2026-06-09,RELIANCE.NS,LT.NS,0.41429363089007865
2026-06-10,RELIANCE.NS,LT.NS,0.4242513304897697
2026-06-11,RELIANCE.NS,LT.NS,0.44093115416868195
2026-06-12,RELIANCE.NS,LT.NS,0.47048781224346686
2026-06-15,RELIANCE.NS,LT.NS,0.4783328559620897
2026-06-16,RELIANCE.NS,LT.NS,0.47125845463292815
2026-06-17,RELIANCE.NS,LT.NS,0.45804066238260605
2026-06-18,RELIANCE.NS,LT.NS,0.47042623399491507
2026-06-19,RELIANCE.NS,LT.NS,0.47107961954672656
2026-06-22,RELIANCE.NS,LT.NS,0.47993226921128124
2026-06-23,RELIANCE.NS,LT.NS,0.4941620284156436
2026-06-24,RELIANCE.NS,LT.NS,0.46321809760020694
2026-06-25,RELIANCE.NS,LT.NS,0.4654437275697606
2026-06-26,RELIANCE.NS,LT.NS,0.44713203755741626
2026-06-29,RELIANCE.NS,LT.NS,0.4560946027587009
2026-06-30,RELIANCE.NS,LT.NS,0.5638063240363216
2026-07-01,RELIANCE.NS,LT.NS,0.5466550810487327
2026-07-02,RELIANCE.NS,LT.NS,0.477133094820358
2026-07-03,RELIANCE.NS,LT.NS,0.461839232065301
2026-07-06,RELIANCE.NS,LT.NS,0.44877143612277837
2026-07-07,RELIANCE.NS,LT.NS,0.4654104906901503
2026-07-08,RELIANCE.NS,LT.NS,0.4628274039952387
2026-07-09,RELIANCE.NS,LT.NS,0.4650943087776774
2026-07-10,RELIANCE.NS,LT.NS,0.4989628175209847
2026-07-13,RELIANCE.NS,LT.NS,0.5024642734858077
2026-07-14,RELIANCE.NS,LT.NS,0.5035136467231507
2026-07-15,RELIANCE.NS,LT.NS,0.5068513373926358
2026-07-16,RELIANCE.NS,LT.NS,0.5248275966496698
2026-07-17,RELIANCE.NS,LT.NS,0.5282885814907311
2026-07-20,RELIANCE.NS,LT.NS,0.5193475469430647
2026-07-21,RELIANCE.NS,LT.NS,0.5245976557073043
2026-07-22,RELIANCE.NS,LT.NS,0.5114412959663217
2026-07-23,RELIANCE.NS,LT.NS,0.5357925291543789
2026-07-24,RELIANCE.NS,LT.NS,0.5338150091377031
2026-07-27,RELIANCE.NS,LT.NS,0.5057456367300261
2026-07-28,RELIANCE.NS,LT.NS,0.5021208230706108
2026-07-29,RELIANCE.NS,LT.NS,0.497888783420568
2026-07-30,RELIANCE.NS,LT.NS,0.49414855472415253
2026-07-31,RELIANCE.NS,LT.NS,0.49458906843250483
2026-08-03,RELIANCE.NS,LT.NS,0.5035750697286644
2026-08-04,RELIANCE.NS,LT.NS,0.4893282684223962
2026-08-05,RELIANCE.NS,LT.NS,0.4777543513864772
2026-08-06,RELIANCE.NS,LT.NS,0.44447123289593937
2026-08-07,RELIANCE.NS,LT.NS,0.433760971379962
2026-08-10,RELIANCE.NS,LT.NS,0.42940120940205273
2026-08-11,RELIANCE.NS,LT.NS,0.43199152373707844
2026-08-12,RELIANCE.NS,LT.NS,0.4599299619070558
2026-08-13,RELIANCE.NS,LT.NS,0.4476006435200269
2026-08-14,RELIANCE.NS,LT.NS,0.4471360881264076
2026-08-17,RELIANCE.NS,LT.NS,0.4391646259965393
2026-08-18,RELIANCE.NS,LT.NS,0.4366518755460903
2026-08-19,RELIANCE.NS,LT.NS,0.44111777008850256
2026-08-20,RELIANCE.NS,LT.NS,0.4410045107690999
2026-08-21,RELIANCE.NS,LT.NS,0.47380720320672315
2026-08-24,RELIANCE.NS,LT.NS,0.4789498654436184
2026-08-25,RELIANCE.NS,LT.NS,0.48046956442379857
2026-08-26,RELIANCE.NS,LT.NS,0.5001965647253162
2026-08-27,RELIANCE.NS,LT.NS,0.49902785374231723
2026-08-28,RELIANCE.NS,LT.NS,0.5023462168253777
2026-08-31,RELIANCE.NS,LT.NS,0.47456231342852834
2026-09-01,RELIANCE.NS,LT.NS,0.40026774483240496
2026-09-02,RELIANCE.NS,LT.NS,0.4064791850165298
2026-09-03,RELIANCE.NS,LT.NS,0.4162080785092415
2026-09-04,RELIANCE.NS,LT.NS,0.3319673299399346
2026-09-07,RELIANCE.NS,LT.NS,0.2942398239973653
2026-09-08,RELIANCE.NS,LT.NS,0.3024135199974894
2026-09-09,RELIANCE.NS,LT.NS,0.305854170655436
2026-09-10,RELIANCE.NS,LT.NS,0.29789335157619007
2026-09-11,RELIANCE.NS,LT.NS,0.319275606885781
2026-09-14,RELIANCE.NS,LT.NS,0.3250394996677728
2026-09-15,RELIANCE.NS,LT.NS,0.35250050728760596
2026-09-16,RELIANCE.NS,LT.NS,0.3419942850402398
2026-09-17,RELIANCE.NS,LT.NS,0.3415962164663375
2026-09-18,RELIANCE.NS,LT.NS,0.30648244516741235
2026-09-21,RELIANCE.NS,LT.NS,0.3022530239723494
2026-09-22,RELIANCE.NS,LT.NS,0.3040864025034258
2026-09-23,RELIANCE.NS,LT.NS,0.33627611603013213
2026-09-24,RELIANCE.NS,LT.NS,0.36906713382511275
2026-09-25,RELIANCE.NS,LT.NS,0.3748350160660696
2026-09-28,RELIANCE.NS,LT.NS,0.41669826285640027
2026-09-29,RELIANCE.NS,LT.NS,0.4120926937551007
2026-09-30,RELIANCE.NS,LT.NS,0.36951149498836866
2026-10-01,RELIANCE.NS,LT.NS,0.39079507826765647
2021-12-31,TCS.NS,INFY.NS,0.6099816184825378
2022-01-03,TCS.NS,INFY.NS,0.6014608046386372
2022-01-04,TCS.NS,INFY.NS,0.5888980435161552
2022-01-05,TCS.NS,INFY.NS,0.5758668271317136
2022-01-06,TCS.NS,INFY.NS,0.6131500707225493
2022-01-07,TCS.NS,INFY.NS,0.6022713915151023
2022-01-10,TCS.NS,INFY.NS,0.6088281510436099
2022-01-11,TCS.NS,INFY.NS,0.615709614069012
2022-01-12,TCS.NS,INFY.NS,0.5915599833394999
2022-01-13,TCS.NS,INFY.NS,0.6119733984504379
2022-01-14,TCS.NS,INFY.NS,0.6187638090445446
2022-01-17,TCS.NS,INFY.NS,0.5860806131855768
2022-01-18,TCS.NS,INFY.NS,0.579968066235649
2022-01-19,TCS.NS,INFY.NS,0.6068140394681362
2022-01-20,TCS.NS,INFY.NS,0.6365964590107931
2022-01-21,TCS.NS,INFY.NS,0.6277363118711787
2022-01-24,TCS.NS,INFY.NS,0.6381125160549258
2022-01-25,TCS.NS,INFY.NS,0.6332496394438077
2022-01-27,TCS.NS,INFY.NS,0.6446920116145202
2022-01-28,TCS.NS,INFY.NS,0.6449463553344424
2022-01-31,TCS.NS,INFY.NS,0.6507294004678391
2022-02-01,TCS.NS,INFY.NS,0.6611682903000176
2022-02-02,TCS.NS,INFY.NS,0.674814279768342
2022-02-03,TCS.NS,INFY.NS,0.6776302514467999
2022-02-04,TCS.NS,INFY.NS,0.6777667589809676
2022-02-07,TCS.NS,INFY.NS,0.6828441246633324
2022-02-08,TCS.NS,INFY.NS,0.674686331228862
2022-02-09,TCS.NS,INFY.NS,0.6739698243376955
2022-02-10,TCS.NS,INFY.NS,0.6680456054460757
2022-02-11,TCS.NS,INFY.NS,0.6868703290825007
2022-02-14,TCS.NS,INFY.NS,0.6571364326699111
2022-02-15,TCS.NS,INFY.NS,0.6746147330924677
2022-02-16,TCS.NS,INFY.NS,0.6782991342286916
2022-02-17,TCS.NS,INFY.NS,0.6777322763280009
2022-02-18,TCS.NS,INFY.NS,0.6810143098496118
2022-02-21,TCS.NS,INFY.NS,0.6419934324195172
2022-02-22,TCS.NS,INFY.NS,0.6002356419081251
2022-02-23,TCS.NS,INFY.NS,0.5940834758558068
2022-02-24,TCS.NS,INFY.NS,0.6414910480433473
2022-02-25,TCS.NS,INFY.NS,0.6242386747677293
2022-02-28,TCS.NS,INFY.NS,0.6281392745891757
2022-03-02,TCS.NS,INFY.NS,0.6118083339173706
2022-03-03,TCS.NS,INFY.NS,0.6063171633405152
2022-03-04,TCS.NS,INFY.NS,0.5990298290925423
2022-03-07,TCS.NS,INFY.NS,0.5912133767598888
2022-03-08,TCS.NS,INFY.NS,0.612100129605473
2022-03-09,TCS.NS,INFY.NS,0.6130971552210225
2022-03-10,TCS.NS,INFY.NS,0.6103501793281947
2022-03-11,TCS.NS,INFY.NS,0.6066067749165712
2022-03-14,TCS.NS,INFY.NS,0.6117246046806325
2022-03-15,TCS.NS,INFY.NS,0.6312192051297443
2022-03-16,TCS.NS,INFY.NS,0.6385580449806486
2022-03-17,TCS.NS,INFY.NS,0.6259230118032266
2022-03-21,TCS.NS,INFY.NS,0.6222904555938514
2022-03-22,TCS.NS,INFY.NS,0.6282558157124152
2022-03-23,TCS.NS,INFY.NS,0.6253002624472382
2022-03-24,TCS.NS,INFY.NS,0.6272598743258637
2022-03-25,TCS.NS,INFY.NS,0.6284939644248987
2022-03-28,TCS.NS,INFY.NS,0.6284619249855676
2022-03-29,TCS.NS,INFY.NS,0.6275573439350318
2022-03-30,TCS.NS,INFY.NS,0.6294312377733507
2022-03-31,TCS.NS,INFY.NS,0.6328081740348191
2022-04-01,TCS.NS,INFY.NS,0.638597568714419
2022-04-04,TCS.NS,INFY.NS,0.638941273334303
2022-04-05,TCS.NS,INFY.NS,0.6183656946400949
2022-04-06,TCS.NS,INFY.NS,0.6305374991322266
2022-04-07,TCS.NS,INFY.NS,0.6318600361696282
2022-04-08,TCS.NS,INFY.NS,0.6324977249013655
2022-04-11,TCS.NS,INFY.NS,0.6315711288757715
2022-04-12,TCS.NS,INFY.NS,0.626426133111621
2022-04-13,TCS.NS,INFY.NS,0.6139951968677251
2022-04-18,TCS.NS,INFY.NS,0.6546506719704502
2022-04-19,TCS.NS,INFY.NS,0.6590249360619937
2022-04-20,TCS.NS,INFY.NS,0.6590711061810044
2022-04-21,TCS.NS,INFY.NS,0.6594171041500302
2022-04-22,TCS.NS,INFY.NS,0.6658331675106932
2022-04-25,TCS.NS,INFY.NS,0.6627786329123554
2022-04-26,TCS.NS,INFY.NS,0.6610209309323569
2022-04-27,TCS.NS,INFY.NS,0.6405280022070775
2022-04-28,TCS.NS,INFY.NS,0.6413134377222484
2022-04-29,TCS.NS,INFY.NS,0.6373888300869229
2022-05-02,TCS.NS,INFY.NS,0.6255351094031079
2022-05-04,TCS.NS,INFY.NS,0.6180260357903846
2022-05-05,TCS.NS,INFY.NS,0.6209306751618637
2022-05-06,TCS.NS,INFY.NS,0.6327580272430893
2022-05-09,TCS.NS,INFY.NS,0.6305065148681196
2022-05-10,TCS.NS,INFY.NS,0.6322632286618552
2022-05-11,TCS.NS,INFY.NS,0.6323868213111832
2022-05-12,TCS.NS,INFY.NS,0.6323965325229148
2022-05-13,TCS.NS,INFY.NS,0.622099159953829
2022-05-16,TCS.NS,INFY.NS,0.6476638689663147
2022-05-17,TCS.NS,INFY.NS,0.6400342938007398
2022-05-18,TCS.NS,INFY.NS,0.63962107485445
2022-05-19,TCS.NS,INFY.NS,0.6879349057916205
2022-05-20,TCS.NS,INFY.NS,0.6943709984573695
2022-05-23,TCS.NS,INFY.NS,0.7217919268037394
2022-05-24,TCS.NS,INFY.NS,0.7600376340384194
2022-05-25,TCS.NS,INFY.NS,0.7650814337585586
2022-05-26,TCS.NS,INFY.NS,0.7537735553442934
2022-05-27,TCS.NS,INFY.NS,0.7689867022222356
2022-05-30,TCS.NS,INFY.NS,0.7873322767150736
2022-05-31,TCS.NS,INFY.NS,0.7875084715034507
2022-06-01,TCS.NS,INFY.NS,0.7879272058754626
2022-06-02,TCS.NS,INFY.NS,0.7941020508077449
2022-06-03,TCS.NS,INFY.NS,0.8062305878202672
2022-06-06,TCS.NS,INFY.NS,0.8031401745834479
2022-06-07,TCS.NS,INFY.NS,0.8018017142148135
2022-06-08,TCS.NS,INFY.NS,0.7983153924374057
2022-06-09,TCS.NS,INFY.NS,0.8002160331457435
2022-06-10,TCS.NS,INFY.NS,0.8077510799473219
2022-06-13,TCS.NS,INFY.NS,0.8118387979513634
2022-06-14,TCS.NS,INFY.NS,0.8021049221939809
2022-06-15,TCS.NS,INFY.NS,0.8100825290241619
2022-06-16,TCS.NS,INFY.NS,0.8159467642595843
2022-06-17,TCS.NS,INFY.NS,0.8075262357274167
2022-06-20,TCS.NS,INFY.NS,0.8101548556809598
2022-06-21,TCS.NS,INFY.NS,0.8155922704294264
2022-06-22,TCS.NS,INFY.NS,0.8146103586263264
2022-06-23,TCS.NS,INFY.NS,0.8115498735626404
2022-06-24,TCS.NS,INFY.NS,0.8129218835802539
2022-06-27,TCS.NS,INFY.NS,0.8093041176024235
2022-06-28,TCS.NS,INFY.NS,0.8090245854815028
2022-06-29,TCS.NS,INFY.NS,0.8099535770749018
2022-06-30,TCS.NS,INFY.NS,0.8115694460344817
2022-07-01,TCS.NS,INFY.NS,0.82442650297259
2022-07-04,TCS.NS,INFY.NS,0.8006182492223424
2022-07-05,TCS.NS,INFY.NS,0.8027069302473242
2022-07-06,TCS.NS,INFY.NS,0.804171281926049
2022-07-07,TCS.NS,INFY.NS,0.8193155631072672
2022-07-08,TCS.NS,INFY.NS,0.8153606694280793
2022-07-11,TCS.NS,INFY.NS,0.8157682361967774
2022-07-12,TCS.NS,INFY.NS,0.8103163618372623
2022-07-13,TCS.NS,INFY.NS,0.805748672142596
2022-07-14,TCS.NS,INFY.NS,0.803964058659367
2022-07-15,TCS.NS,INFY.NS,0.798972934041476
2022-07-18,TCS.NS,INFY.NS,0.8115901691594076
2022-07-19,TCS.NS,INFY.NS,0.8074304042208434
2022-07-20,TCS.NS,INFY.NS,0.8135774466850192
2022-07-21,TCS.NS,INFY.NS,0.8256379433147796
2022-07-22,TCS.NS,INFY.NS,0.8209157354307205
2022-07-25,TCS.NS,INFY.NS,0.8201141797269967
2022-07-26,TCS.NS,INFY.NS,0.8232210489726489
2022-07-27,TCS.NS,INFY.NS,0.8268083441226753
2022-07-28,TCS.NS,INFY.NS,0.8378564932180865
2022-07-29,TCS.NS,INFY.NS,0.8345139994046316
2022-08-01,TCS.NS,INFY.NS,0.8373753517014183
2022-08-02,TCS.NS,INFY.NS,0.8389949566344873
2022-08-03,TCS.NS,INFY.NS,0.8413621295583297
2022-08-04,TCS.NS,INFY.NS,0.8398739162399158
2022-08-05,TCS.NS,INFY.NS,0.8402186882992209
2022-08-08,TCS.NS,INFY.NS,0.8390059403555452
2022-08-10,TCS.NS,INFY.NS,0.8362218689984243
2022-08-11,TCS.NS,INFY.NS,0.8357993823895183
2022-08-12,TCS.NS,INFY.NS,0.8046763582431803
2022-08-16,TCS.NS,INFY.NS,0.8043252886840541
2022-08-17,TCS.NS,INFY.NS,0.803632014716746
2022-08-18,TCS.NS,INFY.NS,0.8020957353123859
2022-08-19,TCS.NS,INFY.NS,0.7943781607245411
2022-08-22,TCS.NS,INFY.NS,0.7974583338159912
2022-08-23,TCS.NS,INFY.NS,0.8048005454391058
2022-08-24,TCS.NS,INFY.NS,0.7850971736720933
2022-08-25,TCS.NS,INFY.NS,0.787031482835632
2022-08-26,TCS.NS,INFY.NS,0.7922218305035118
2022-08-29,TCS.NS,INFY.NS,0.7981437782890516
2022-08-30,TCS.NS,INFY.NS,0.8039149602716528
2022-09-01,TCS.NS,INFY.NS,0.8098751050342897
2022-09-02,TCS.NS,INFY.NS,0.805600324774025
2022-09-05,TCS.NS,INFY.NS,0.8140938160532312
2022-09-06,TCS.NS,INFY.NS,0.8130051125478323
2022-09-07,TCS.NS,INFY.NS,0.8071895971804247
2022-09-08,TCS.NS,INFY.NS,0.7891424784639195
2022-09-09,TCS.NS,INFY.NS,0.798205302873145
2022-09-12,TCS.NS,INFY.NS,0.8021268249294266
2022-09-13,TCS.NS,INFY.NS,0.7942925121256199
2022-09-14,TCS.NS,INFY.NS,0.8144695220119381
2022-09-15,TCS.NS,INFY.NS,0.8043091974119686
2022-09-16,TCS.NS,INFY.NS,0.8115545686138841
2022-09-19,TCS.NS,INFY.NS,0.816669727411824
2022-09-20,TCS.NS,INFY.NS,0.8226436266705142
2022-09-21,TCS.NS,INFY.NS,0.8226949350013055
2022-09-22,TCS.NS,INFY.NS,0.82275332494858
2022-09-23,TCS.NS,INFY.NS,0.8214736973703218
2022-09-26,TCS.NS,INFY.NS,0.820948888398623
2022-09-27,TCS.NS,INFY.NS,0.8230358756908278
2022-09-28,TCS.NS,INFY.NS,0.8205310243177485
2022-09-29,TCS.NS,INFY.NS,0.8416946478157767
2022-09-30,TCS.NS,INFY.NS,0.8406180565574937
2022-10-03,TCS.NS,INFY.NS,0.8395652352906269
2022-10-04,TCS.NS,INFY.NS,0.8427382221527302
2022-10-06,TCS.NS,INFY.NS,0.8475137568101174
2022-10-07,TCS.NS,INFY.NS,0.8520990541985483
2022-10-10,TCS.NS,INFY.NS,0.8498556549631626
2022-10-11,TCS.NS,INFY.NS,0.865932939557674
2022-10-12,TCS.NS,INFY.NS,0.8635457088479919
2022-10-13,TCS.NS,INFY.NS,0.8628740774266068
2022-10-14,TCS.NS,INFY.NS,0.8176738456126266
2022-10-17,TCS.NS,INFY.NS,0.8200119832575565
2022-10-18,TCS.NS,INFY.NS,0.8194494729535949
2022-10-19,TCS.NS,INFY.NS,0.8207933049202211
2022-10-20,TCS.NS,INFY.NS,0.8265147001194186
2022-10-21,TCS.NS,INFY.NS,0.8250911379724754
2022-10-24,TCS.NS,INFY.NS,0.8238272002743998
2022-10-25,TCS.NS,INFY.NS,0.8261766253529913
2022-10-27,TCS.NS,INFY.NS,0.8130452046094735
2022-10-28,TCS.NS,INFY.NS,0.8060171174716857
2022-10-31,TCS.NS,INFY.NS,0.8083922726840717
2022-11-01,TCS.NS,INFY.NS,0.8152996658618369
2022-11-02,TCS.NS,INFY.NS,0.8127924748229609
2022-11-03,TCS.NS,INFY.NS,0.8192821893518236
2022-11-04,TCS.NS,INFY.NS,0.8129553778901534
2022-11-07,TCS.NS,INFY.NS,0.809608385183365
2022-11-09,TCS.NS,INFY.NS,0.8064174576626179
2022-11-10,TCS.NS,INFY.NS,0.8086667124979919
2022-11-11,TCS.NS,INFY.NS,0.8321041841781501
2022-11-14,TCS.NS,INFY.NS,0.8332731083182215
2022-11-15,TCS.NS,INFY.NS,0.832265424412673
2022-11-16,TCS.NS,INFY.NS,0.832674167864102
2022-11-17,TCS.NS,INFY.NS,0.8324923560491904
2022-11-18,TCS.NS,INFY.NS,0.8301489958375454
2022-11-21,TCS.NS,INFY.NS,0.8276342440418646
2022-11-22,TCS.NS,INFY.NS,0.8298282220193897
2022-11-23,TCS.NS,INFY.NS,0.8278314946229759
2022-11-24,TCS.NS,INFY.NS,0.8353051816602941
2022-11-25,TCS.NS,INFY.NS,0.8198568012391706
2022-11-28,TCS.NS,INFY.NS,0.8135393271576519
2022-11-29,TCS.NS,INFY.NS,0.8089374942511702
2022-11-30,TCS.NS,INFY.NS,0.8090425891691041
2022-12-01,TCS.NS,INFY.NS,0.8038786197417458
2022-12-02,TCS.NS,INFY.NS,0.8062885624203379
2022-12-05,TCS.NS,INFY.NS,0.8071067958098761
2022-12-06,TCS.NS,INFY.NS,0.8105609209749619
2022-12-07,TCS.NS,INFY.NS,0.8059674183978867
2022-12-08,TCS.NS,INFY.NS,0.7927638014754917
2022-12-09,TCS.NS,INFY.NS,0.8036572638867008
2022-12-12,TCS.NS,INFY.NS,0.7716344968434132
2022-12-13,TCS.NS,INFY.NS,0.7858217195303144
2022-12-14,TCS.NS,INFY.NS,0.7531460460651049
2022-12-15,TCS.NS,INFY.NS,0.7655467837039964
2022-12-16,TCS.NS,INFY.NS,0.7690377772083963
2022-12-19,TCS.NS,INFY.NS,0.7703442539978952
2022-12-20,TCS.NS,INFY.NS,0.7645399582039091
2022-12-21,TCS.NS,INFY.NS,0.7638665985799004
2022-12-22,TCS.NS,INFY.NS,0.7595618317158568
2022-12-23,TCS.NS,INFY.NS,0.7624099634164584
2022-12-26,TCS.NS,INFY.NS,0.7630795992279209
2022-12-27,TCS.NS,INFY.NS,0.7730309750814867
2022-12-28,TCS.NS,INFY.NS,0.7748968454822015
2022-12-29,TCS.NS,INFY.NS,0.7731712145277095
2022-12-30,TCS.NS,INFY.NS,0.765797753407721
2023-01-02,TCS.NS,INFY.NS,0.7684063692751592
2023-01-03,TCS.NS,INFY.NS,0.7585148882025777
2023-01-04,TCS.NS,INFY.NS,0.7507215250987581
2023-01-05,TCS.NS,INFY.NS,0.7350257877633719
2023-01-06,TCS.NS,INFY.NS,0.7394488544773604
2023-01-09,TCS.NS,INFY.NS,0.75312905898847
2023-01-10,TCS.NS,INFY.NS,0.8134929407180296
2023-01-11,TCS.NS,INFY.NS,0.8075748331200401
2023-01-12,TCS.NS,INFY.NS,0.8047600455189631
2023-01-13,TCS.NS,INFY.NS,0.8059411799401218
2023-01-16,TCS.NS,INFY.NS,0.8060571882746504
2023-01-17,TCS.NS,INFY.NS,0.8094122590581783
2023-01-18,TCS.NS,INFY.NS,0.8087702198522811
2023-01-19,TCS.NS,INFY.NS,0.8109226767477865
2023-01-20,TCS.NS,INFY.NS,0.8174678604765364
2023-01-23,TCS.NS,INFY.NS,0.8232672639859925
2023-01-24,TCS.NS,INFY.NS,0.8228466119140381
2023-01-25,TCS.NS,INFY.NS,0.8146958894196009
2023-01-27,TCS.NS,INFY.NS,0.8135945901697292
2023-01-30,TCS.NS,INFY.NS,0.8093626173498655
2023-01-31,TCS.NS,INFY.NS,0.7997224576803615
2023-02-01,TCS.NS,INFY.NS,0.8056824292096251
2023-02-02,TCS.NS,INFY.NS,0.813502380599686
2023-02-03,TCS.NS,INFY.NS,0.8131286204563821
2023-02-06,TCS.NS,INFY.NS,0.7834336074143959
2023-02-07,TCS.NS,INFY.NS,0.7805793955867902
2023-02-08,TCS.NS,INFY.NS,0.7880374439178455
2023-02-09,TCS.NS,INFY.NS,0.7834960303201991
2023-02-10,TCS.NS,INFY.NS,0.7843186750970808
2023-02-13,TCS.NS,INFY.NS,0.7942653365189826
2023-02-14,TCS.NS,INFY.NS,0.7839699778443708
2023-02-15,TCS.NS,INFY.NS,0.7819435024365944
2023-02-16,TCS.NS,INFY.NS,0.7805680032276088
2023-02-17,TCS.NS,INFY.NS,0.7699802366208296
2023-02-20,TCS.NS,INFY.NS,0.7640765202432773
2023-02-21,TCS.NS,INFY.NS,0.7684592157418588
2023-02-22,TCS.NS,INFY.NS,0.7721613978652015
2023-02-23,TCS.NS,INFY.NS,0.7700693562415335
2023-02-24,TCS.NS,INFY.NS,0.7651796023345009
2023-02-27,TCS.NS,INFY.NS,0.7753743090191856
2023-02-28,TCS.NS,INFY.NS,0.7773331298119857
2023-03-01,TCS.NS,INFY.NS,0.7659580065102709
2023-03-02,TCS.NS,INFY.NS,0.7716438580916063
2023-03-03,TCS.NS,INFY.NS,0.7908413861808834
2023-03-06,TCS.NS,INFY.NS,0.7822454467362009
2023-03-08,TCS.NS,INFY.NS,0.7767322697131394
2023-03-09,TCS.NS,INFY.NS,0.7708865049839142
2023-03-10,TCS.NS,INFY.NS,0.7701845700307247
2023-03-13,TCS.NS,INFY.NS,0.7663992437630303
2023-03-14,TCS.NS,INFY.NS,0.7638759178670183
2023-03-15,TCS.NS,INFY.NS,0.7597977921496861
2023-03-16,TCS.NS,INFY.NS,0.7660366922832427
2023-03-17,TCS.NS,INFY.NS,0.7569795591892369
2023-03-20,TCS.NS,INFY.NS,0.7670268362826722
2023-03-21,TCS.NS,INFY.NS,0.7661304315882317
2023-03-22,TCS.NS,INFY.NS,0.762726353458733
2023-03-23,TCS.NS,INFY.NS,0.762529815043003
2023-03-24,TCS.NS,INFY.NS,0.7603207733987495
2023-03-27,TCS.NS,INFY.NS,0.7582724057632063
2023-03-28,TCS.NS,INFY.NS,0.757203799369331
2023-03-29,TCS.NS,INFY.NS,0.7620172400401831
2023-03-31,TCS.NS,INFY.NS,0.7857240213444753
2023-04-03,TCS.NS,INFY.NS,0.7967309201499789
2023-04-05,TCS.NS,INFY.NS,0.8036746730473617
2023-04-06,TCS.NS,INFY.NS,0.7998569256306114
2023-04-10,TCS.NS,INFY.NS,0.7820371719600107
2023-04-11,TCS.NS,INFY.NS,0.7853033891089221
2023-04-12,TCS.NS,INFY.NS,0.7940837416681966
2023-04-13,TCS.NS,INFY.NS,0.8026344193376957
2023-04-17,TCS.NS,INFY.NS,0.6925026090524912
2023-04-18,TCS.NS,INFY.NS,0.6860745269849949
2023-04-19,TCS.NS,INFY.NS,0.6892089781676654
2023-04-20,TCS.NS,INFY.NS,0.6840947253730555
2023-04-21,TCS.NS,INFY.NS,0.6779749850956128
2023-04-24,TCS.NS,INFY.NS,0.6775674332284783
2023-04-25,TCS.NS,INFY.NS,0.6701300907103841
2023-04-26,TCS.NS,INFY.NS,0.6698411760670687
2023-04-27,TCS.NS,INFY.NS,0.6597056029061888
2023-04-28,TCS.NS,INFY.NS,0.659971321283147
2023-05-02,TCS.NS,INFY.NS,0.6492845433563246
2023-05-03,TCS.NS,INFY.NS,0.6661342523647804
2023-05-04,TCS.NS,INFY.NS,0.6598215467273185
2023-05-05,TCS.NS,INFY.NS,0.6424431531193515
2023-05-08,TCS.NS,INFY.NS,0.6411325292867727
2023-05-09,TCS.NS,INFY.NS,0.6400147686971718
2023-05-10,TCS.NS,INFY.NS,0.640834083066418
2023-05-11,TCS.NS,INFY.NS,0.6300971493385664
2023-05-12,TCS.NS,INFY.NS,0.6266015911358771
2023-05-15,TCS.NS,INFY.NS,0.6152094356391401
2023-05-16,TCS.NS,INFY.NS,0.6035245801998314
2023-05-17,TCS.NS,INFY.NS,0.603247596880759
2023-05-18,TCS.NS,INFY.NS,0.6012415994762274
2023-05-19,TCS.NS,INFY.NS,0.6072242222211961
2023-05-22,TCS.NS,INFY.NS,0.622531951476734
2023-05-23,TCS.NS,INFY.NS,0.6257286289403281
2023-05-24,TCS.NS,INFY.NS,0.626131128376533
2023-05-25,TCS.NS,INFY.NS,0.6226451025090337
2023-05-26,TCS.NS,INFY.NS,0.6300319293327071
2023-05-29,TCS.NS,INFY.NS,0.6313259288919439
2023-05-30,TCS.NS,INFY.NS,0.6119582614597384
2023-05-31,TCS.NS,INFY.NS,0.6079601651744704
2023-06-01,TCS.NS,INFY.NS,0.6140102024095792
2023-06-02,TCS.NS,INFY.NS,0.6077611848530036
2023-06-05,TCS.NS,INFY.NS,0.601216766290991
2023-06-06,TCS.NS,INFY.NS,0.6036020316402994
2023-06-07,TCS.NS,INFY.NS,0.6139173909856208
2023-06-08,TCS.NS,INFY.NS,0.6135427575773794
2023-06-09,TCS.NS,INFY.NS,0.6168226851275477
2023-06-12,TCS.NS,INFY.NS,0.614286891581894
2023-06-13,TCS.NS,INFY.NS,0.6153067817447876
2023-06-14,TCS.NS,INFY.NS,0.6165381799320138
2023-06-15,TCS.NS,INFY.NS,0.6159305130870678
2023-06-16,TCS.NS,INFY.NS,0.6050144893324216
2023-06-19,TCS.NS,INFY.NS,0.5978587280477197
2023-06-20,TCS.NS,INFY.NS,0.5981982049529422
2023-06-21,TCS.NS,INFY.NS,0.5947725227045924
2023-06-22,TCS.NS,INFY.NS,0.5979224340632664
2023-06-23,TCS.NS,INFY.NS,0.603775658603245
2023-06-26,TCS.NS,INFY.NS,0.5947624999289999
2023-06-27,TCS.NS,INFY.NS,0.5943001188980069
2023-06-28,TCS.NS,INFY.NS,0.5959893510694465
2023-06-30,TCS.NS,INFY.NS,0.6020888050534935
2023-07-03,TCS.NS,INFY.NS,0.5977418339787697
2023-07-04,TCS.NS,INFY.NS,0.5976363009865332
2023-07-05,TCS.NS,INFY.NS,0.5995623329399026
2023-07-06,TCS.NS,INFY.NS,0.6021995722724928
2023-07-07,TCS.NS,INFY.NS,0.5921430034447633
2023-07-10,TCS.NS,INFY.NS,0.5696843155586063
2023-07-11,TCS.NS,INFY.NS,0.5431672952405624
2023-07-12,TCS.NS,INFY.NS,0.6018909792531478
2023-07-13,TCS.NS,INFY.NS,0.6361271580267764
2023-07-14,TCS.NS,INFY.NS,0.7162058984436727
2023-07-17,TCS.NS,INFY.NS,0.7251511006281558
2023-07-18,TCS.NS,INFY.NS,0.6868754795046141
2023-07-19,TCS.NS,INFY.NS,0.688778972290288
2023-07-20,TCS.NS,INFY.NS,0.6757544657874855
2023-07-21,TCS.NS,INFY.NS,0.6900781713098848
2023-07-24,TCS.NS,INFY.NS,0.6991260935664136
2023-07-25,TCS.NS,INFY.NS,0.6994979980708819
2023-07-26,TCS.NS,INFY.NS,0.7024892528173817
2023-07-27,TCS.NS,INFY.NS,0.7023338633679824
2023-07-28,TCS.NS,INFY.NS,0.7082986739093133
2023-07-31,TCS.NS,INFY.NS,0.7135647550293744
2023-08-01,TCS.NS,INFY.NS,0.7138034446717291
2023-08-02,TCS.NS,INFY.NS,0.7160474817088317
2023-08-03,TCS.NS,INFY.NS,0.7062948901464742
2023-08-04,TCS.NS,INFY.NS,0.7075667131550081
2023-08-07,TCS.NS,INFY.NS,0.7089800541730434
2023-08-08,TCS.NS,INFY.NS,0.7179247732069798
2023-08-09,TCS.NS,INFY.NS,0.7173306741613508
2023-08-10,TCS.NS,INFY.NS,0.7126173123723576
2023-08-11,TCS.NS,INFY.NS,0.7071882875834586
2023-08-14,TCS.NS,INFY.NS,0.7008967059626847
2023-08-16,TCS.NS,INFY.NS,0.6910066684492489
2023-08-17,TCS.NS,INFY.NS,0.6929608683164779
2023-08-18,TCS.NS,INFY.NS,0.7005341879316211
2023-08-21,TCS.NS,INFY.NS,0.7044359423231604
2023-08-22,TCS.NS,INFY.NS,0.702537045309998
2023-08-23,TCS.NS,INFY.NS,0.7020376695644116
2023-08-24,TCS.NS,INFY.NS,0.6982672251262534
2023-08-25,TCS.NS,INFY.NS,0.6980228890663136
2023-08-28,TCS.NS,INFY.NS,0.7026854690532232
2023-08-29,TCS.NS,INFY.NS,0.7025187288181947
2023-08-30,TCS.NS,INFY.NS,0.7055277905083741
2023-08-31,TCS.NS,INFY.NS,0.6925496322836172
2023-09-01,TCS.NS,INFY.NS,0.6936202805714046
2023-09-04,TCS.NS,INFY.NS,0.6971500442920442
2023-09-05,TCS.NS,INFY.NS,0.6932180975939417
2023-09-06,TCS.NS,INFY.NS,0.6883519466535083
2023-09-07,TCS.NS,INFY.NS,0.6822560062284615
2023-09-08,TCS.NS,INFY.NS,0.6823078100098467
2023-09-11,TCS.NS,INFY.NS,0.6794103505751287
2023-09-12,TCS.NS,INFY.NS,0.689306451563849
2023-09-13,TCS.NS,INFY.NS,0.6937285598566458
2023-09-14,TCS.NS,INFY.NS,0.6913335688157366
2023-09-15,TCS.NS,INFY.NS,0.6953501646132203
2023-09-18,TCS.NS,INFY.NS,0.6866629190747793
2023-09-20,TCS.NS,INFY.NS,0.6834153868707868
2023-09-21,TCS.NS,INFY.NS,0.6826899352186755
2023-09-22,TCS.NS,INFY.NS,0.6798847723299968
2023-09-25,TCS.NS,INFY.NS,0.683280687073186
2023-09-26,TCS.NS,INFY.NS,0.6572741575770281
2023-09-27,TCS.NS,INFY.NS,0.6588749441741728
2023-09-28,TCS.NS,INFY.NS,0.6676060157860391
2023-09-29,TCS.NS,INFY.NS,0.668138522895652
2023-10-03,TCS.NS,INFY.NS,0.6681821901910109
2023-10-04,TCS.NS,INFY.NS,0.6729829723568241
2023-10-05,TCS.NS,INFY.NS,0.6871920134977032
2023-10-06,TCS.NS,INFY.NS,0.6947694090442423
2023-10-09,TCS.NS,INFY.NS,0.691617424228083
2023-10-10,TCS.NS,INFY.NS,0.6697859677068115
2023-10-11,TCS.NS,INFY.NS,0.6061305786827598
2023-10-12,TCS.NS,INFY.NS,0.6226513459984617
2023-10-13,TCS.NS,INFY.NS,0.6116341513922178
2023-10-16,TCS.NS,INFY.NS,0.6008775291966002
2023-10-17,TCS.NS,INFY.NS,0.6027711284868352
2023-10-18,TCS.NS,INFY.NS,0.5210026909574416
2023-10-19,TCS.NS,INFY.NS,0.5246693558783971
2023-10-20,TCS.NS,INFY.NS,0.5053706529855265
2023-10-23,TCS.NS,INFY.NS,0.5426270498612134
2023-10-25,TCS.NS,INFY.NS,0.5455266643641539
2023-10-26,TCS.NS,INFY.NS,0.5436844713704162
2023-10-27,TCS.NS,INFY.NS,0.5303762410335962
2023-10-30,TCS.NS,INFY.NS,0.5169167100109082
2023-10-31,TCS.NS,INFY.NS,0.5165255125553398
2023-11-01,TCS.NS,INFY.NS,0.5461523089375863
2023-11-02,TCS.NS,INFY.NS,0.5444403833532687
2023-11-03,TCS.NS,INFY.NS,0.5190977158106942
2023-11-06,TCS.NS,INFY.NS,0.5266093523606838
2023-11-07,TCS.NS,INFY.NS,0.5275818400517936
2023-11-08,TCS.NS,INFY.NS,0.5143864860232037
2023-11-09,TCS.NS,INFY.NS,0.5370407963278203
2023-11-10,TCS.NS,INFY.NS,0.5476287375914706
2023-11-13,TCS.NS,INFY.NS,0.5532723719416813
2023-11-15,TCS.NS,INFY.NS,0.596292672394041
2023-11-16,TCS.NS,INFY.NS,0.6164831564399377
2023-11-17,TCS.NS,INFY.NS,0.6073575324767067
2023-11-20,TCS.NS,INFY.NS,0.6058018954752702
2023-11-21,TCS.NS,INFY.NS,0.6041260394011857
2023-11-22,TCS.NS,INFY.NS,0.6183011795956729
2023-11-23,TCS.NS,INFY.NS,0.6205943410166691
2023-11-24,TCS.NS,INFY.NS,0.6257781569222757
2023-11-28,TCS.NS,INFY.NS,0.6264810659269175
2023-11-29,TCS.NS,INFY.NS,0.6346751927487387
2023-11-30,TCS.NS,INFY.NS,0.6407665659848008
2023-12-01,TCS.NS,INFY.NS,0.6342936057872408
2023-12-04,TCS.NS,INFY.NS,0.6215648455085195
2023-12-05,TCS.NS,INFY.NS,0.6126179491382894
2023-12-06,TCS.NS,INFY.NS,0.6273348654259467
2023-12-07,TCS.NS,INFY.NS,0.636558570455281
2023-12-08,TCS.NS,INFY.NS,0.6315773842428523
2023-12-11,TCS.NS,INFY.NS,0.6290052719976894
2023-12-12,TCS.NS,INFY.NS,0.5920040284978764
2023-12-13,TCS.NS,INFY.NS,0.6159518369404602
2023-12-14,TCS.NS,INFY.NS,0.6511387368638465
2023-12-15,TCS.NS,INFY.NS,0.7448149740812494
2023-12-18,TCS.NS,INFY.NS,0.7513837279971627
2023-12-19,TCS.NS,INFY.NS,0.750380598818283
2023-12-20,TCS.NS,INFY.NS,0.7621080835026044
2023-12-21,TCS.NS,INFY.NS,0.7652114046551234
2023-12-22,TCS.NS,INFY.NS,0.7650814182827299
2023-12-26,TCS.NS,INFY.NS,0.7723875290026134
2023-12-27,TCS.NS,INFY.NS,0.7699006820582448
2023-12-28,TCS.NS,INFY.NS,0.763056319526586
2023-12-29,TCS.NS,INFY.NS,0.7595076273103721
2024-01-01,TCS.NS,INFY.NS,0.7599131380932969
2024-01-02,TCS.NS,INFY.NS,0.7614832895603861
2024-01-03,TCS.NS,INFY.NS,0.7748570882142606
2024-01-04,TCS.NS,INFY.NS,0.753971190760202
2024-01-05,TCS.NS,INFY.NS,0.759013085261033
2024-01-08,TCS.NS,INFY.NS,0.7667531729724879
2024-01-09,TCS.NS,INFY.NS,0.7676218958505384
2024-01-10,TCS.NS,INFY.NS,0.7525122464245482
2024-01-11,TCS.NS,INFY.NS,0.7704252258477859
2024-01-12,TCS.NS,INFY.NS,0.8014279730477087
2024-01-15,TCS.NS,INFY.NS,0.7991471828686834
2024-01-16,TCS.NS,INFY.NS,0.802176868272601
2024-01-17,TCS.NS,INFY.NS,0.8016019128285783
2024-01-18,TCS.NS,INFY.NS,0.8101671687538721
2024-01-19,TCS.NS,INFY.NS,0.8100050797455919
2024-01-23,TCS.NS,INFY.NS,0.8065137926146214
2024-01-24,TCS.NS,INFY.NS,0.7905231223318618
2024-01-25,TCS.NS,INFY.NS,0.7924795003249774
2024-01-29,TCS.NS,INFY.NS,0.7972654402926579
2024-01-30,TCS.NS,INFY.NS,0.7967040223435431
2024-01-31,TCS.NS,INFY.NS,0.794244275090596
2024-02-01,TCS.NS,INFY.NS,0.7873069747826591
2024-02-02,TCS.NS,INFY.NS,0.7972868288539118
2024-02-05,TCS.NS,INFY.NS,0.7961552230805732
2024-02-06,TCS.NS,INFY.NS,0.7942639522723803
2024-02-07,TCS.NS,INFY.NS,0.8025176971041154
2024-02-08,TCS.NS,INFY.NS,0.7942940341946482
2024-02-09,TCS.NS,INFY.NS,0.7911445163692559
2024-02-12,TCS.NS,INFY.NS,0.78868948686214
2024-02-13,TCS.NS,INFY.NS,0.7821190052810627
2024-02-14,TCS.NS,INFY.NS,0.7782783816819736
2024-02-15,TCS.NS,INFY.NS,0.7779272853921066
2024-02-16,TCS.NS,INFY.NS,0.7779196075777114
2024-02-19,TCS.NS,INFY.NS,0.7780392541134831
2024-02-20,TCS.NS,INFY.NS,0.7780409703224823
2024-02-21,TCS.NS,INFY.NS,0.7800106910456697
2024-02-22,TCS.NS,INFY.NS,0.7801113537497012
2024-02-23,TCS.NS,INFY.NS,0.7794955213213035
2024-02-26,TCS.NS,INFY.NS,0.780345279095282
2024-02-27,TCS.NS,INFY.NS,0.7642234867852602
2024-02-28,TCS.NS,INFY.NS,0.76618504605799
2024-02-29,TCS.NS,INFY.NS,0.7663980958087969
2024-03-01,TCS.NS,INFY.NS,0.7684549747349014
2024-03-04,TCS.NS,INFY.NS,0.7674836841671138
2024-03-05,TCS.NS,INFY.NS,0.7746985265706667
2024-03-06,TCS.NS,INFY.NS,0.7782520774758218
2024-03-07,TCS.NS,INFY.NS,0.7756195206310735
2024-03-11,TCS.NS,INFY.NS,0.7787110014497592
2024-03-12,TCS.NS,INFY.NS,0.7718780493165148
2024-03-13,TCS.NS,INFY.NS,0.763762799095986
2024-03-14,TCS.NS,INFY.NS,0.7209360167164661
2024-03-15,TCS.NS,INFY.NS,0.7168371963901571
2024-03-18,TCS.NS,INFY.NS,0.7258183091830404
2024-03-19,TCS.NS,INFY.NS,0.7317872172846256
2024-03-20,TCS.NS,INFY.NS,0.7320357005655266
2024-03-21,TCS.NS,INFY.NS,0.7304658363648662
2024-03-22,TCS.NS,INFY.NS,0.7351594103407272
2024-03-26,TCS.NS,INFY.NS,0.7388529086302417
2024-03-27,TCS.NS,INFY.NS,0.7389071293791885
2024-03-28,TCS.NS,INFY.NS,0.7421110209476006
2024-04-01,TCS.NS,INFY.NS,0.738049137832536
2024-04-02,TCS.NS,INFY.NS,0.7377912515867112
2024-04-03,TCS.NS,INFY.NS,0.7157964184254223
2024-04-04,TCS.NS,INFY.NS,0.7312100806016556
2024-04-05,TCS.NS,INFY.NS,0.7278274892612712
2024-04-08,TCS.NS,INFY.NS,0.7299688853620725
2024-04-09,TCS.NS,INFY.NS,0.7168307933458635
2024-04-10,TCS.NS,INFY.NS,0.721932778209137
2024-04-12,TCS.NS,INFY.NS,0.7268502597255088
2024-04-15,TCS.NS,INFY.NS,0.7078464667587581
2024-04-16,TCS.NS,INFY.NS,0.72613345137276
2024-04-18,TCS.NS,INFY.NS,0.7198640386239603
2024-04-19,TCS.NS,INFY.NS,0.7186155843220068
2024-04-22,TCS.NS,INFY.NS,0.7202153158091508
2024-04-23,TCS.NS,INFY.NS,0.713838315632097
2024-04-24,TCS.NS,INFY.NS,0.7153715174319281
2024-04-25,TCS.NS,INFY.NS,0.7472733573918122
2024-04-26,TCS.NS,INFY.NS,0.7486131601994646
2024-04-29,TCS.NS,INFY.NS,0.7489065451439403
2024-04-30,TCS.NS,INFY.NS,0.750621607948514
2024-05-02,TCS.NS,INFY.NS,0.7446672534641674
2024-05-03,TCS.NS,INFY.NS,0.7440128894255392
2024-05-06,TCS.NS,INFY.NS,0.7265585334327627
2024-05-07,TCS.NS,INFY.NS,0.7324288183001298
2024-05-08,TCS.NS,INFY.NS,0.6984324939736287
2024-05-09,TCS.NS,INFY.NS,0.6807774044005728
2024-05-10,TCS.NS,INFY.NS,0.6868103463314364
2024-05-13,TCS.NS,INFY.NS,0.6877139019086927
2024-05-14,TCS.NS,INFY.NS,0.6845824962510223
2024-05-15,TCS.NS,INFY.NS,0.682700559592841
2024-05-16,TCS.NS,INFY.NS,0.6839914635255241
2024-05-17,TCS.NS,INFY.NS,0.6826755446093072
2024-05-21,TCS.NS,INFY.NS,0.683820089763056
2024-05-22,TCS.NS,INFY.NS,0.6804981451963699
2024-05-23,TCS.NS,INFY.NS,0.689166694434656
2024-05-24,TCS.NS,INFY.NS,0.6850830580885328
2024-05-27,TCS.NS,INFY.NS,0.6679410085008041
2024-05-28,TCS.NS,INFY.NS,0.669760697184048
2024-05-29,TCS.NS,INFY.NS,0.6695816782506547
2024-05-30,TCS.NS,INFY.NS,0.6931139267407358
2024-05-31,TCS.NS,INFY.NS,0.6642534629885246
2024-06-03,TCS.NS,INFY.NS,0.6657183710470895
2024-06-04,TCS.NS,INFY.NS,0.6645334532597796
2024-06-05,TCS.NS,INFY.NS,0.6620862955639625
2024-06-06,TCS.NS,INFY.NS,0.6763091946252621
2024-06-07,TCS.NS,INFY.NS,0.6783376017481768
2024-06-10,TCS.NS,INFY.NS,0.684367916112533
2024-06-11,TCS.NS,INFY.NS,0.6912616050304543
2024-06-12,TCS.NS,INFY.NS,0.6914305294940898
2024-06-13,TCS.NS,INFY.NS,0.6953644551745551
2024-06-14,TCS.NS,INFY.NS,0.6835222699041396
2024-06-18,TCS.NS,INFY.NS,0.6878723803775638
2024-06-19,TCS.NS,INFY.NS,0.6739528241982379
2024-06-20,TCS.NS,INFY.NS,0.6471549693857833
2024-06-21,TCS.NS,INFY.NS,0.6501640274389605
2024-06-24,TCS.NS,INFY.NS,0.6486363485063049
2024-06-25,TCS.NS,INFY.NS,0.63559539199656
2024-06-26,TCS.NS,INFY.NS,0.6290279174183561
2024-06-27,TCS.NS,INFY.NS,0.6445420983359796
2024-06-28,TCS.NS,INFY.NS,0.6428854214074776
2024-07-01,TCS.NS,INFY.NS,0.6609149541156527
2024-07-02,TCS.NS,INFY.NS,0.6621335686511027
2024-07-03,TCS.NS,INFY.NS,0.6688893737942538
2024-07-04,TCS.NS,INFY.NS,0.6807883185624771
2024-07-05,TCS.NS,INFY.NS,0.679390338671387
2024-07-08,TCS.NS,INFY.NS,0.672923811592374
2024-07-09,TCS.NS,INFY.NS,0.6871442393303847
2024-07-10,TCS.NS,INFY.NS,0.6835366801729944
2024-07-11,TCS.NS,INFY.NS,0.7027572213797687
2024-07-12,TCS.NS,INFY.NS,0.719853838223864
2024-07-15,TCS.NS,INFY.NS,0.7202078730847491
2024-07-16,TCS.NS,INFY.NS,0.7189167774974948
2024-07-18,TCS.NS,INFY.NS,0.7223202706143814
2024-07-19,TCS.NS,INFY.NS,0.7061758070391243
2024-07-22,TCS.NS,INFY.NS,0.7010310877477095
2024-07-23,TCS.NS,INFY.NS,0.6936708547580971
2024-07-24,TCS.NS,INFY.NS,0.6930020422571944
2024-07-25,TCS.NS,INFY.NS,0.6850335169517126
2024-07-26,TCS.NS,INFY.NS,0.6925797139247214
2024-07-29,TCS.NS,INFY.NS,0.6859336426441329
2024-07-30,TCS.NS,INFY.NS,0.6991336172311484
2024-07-31,TCS.NS,INFY.NS,0.6928647714208516
2024-08-01,TCS.NS,INFY.NS,0.692730889620195
2024-08-02,TCS.NS,INFY.NS,0.7079861857048362
2024-08-05,TCS.NS,INFY.NS,0.7381611577407178
2024-08-06,TCS.NS,INFY.NS,0.7400023593274971
2024-08-07,TCS.NS,INFY.NS,0.7313174221622938
2024-08-08,TCS.NS,INFY.NS,0.7313491358956826
2024-08-09,TCS.NS,INFY.NS,0.7366259908687744
2024-08-12,TCS.NS,INFY.NS,0.7215212314265393
2024-08-13,TCS.NS,INFY.NS,0.718343970040633
2024-08-14,TCS.NS,INFY.NS,0.7171105330790831
2024-08-16,TCS.NS,INFY.NS,0.7217694024864273
2024-08-19,TCS.NS,INFY.NS,0.7169527837980986
2024-08-20,TCS.NS,INFY.NS,0.7147609800693201
2024-08-21,TCS.NS,INFY.NS,0.7103347825782339
2024-08-22,TCS.NS,INFY.NS,0.7059582606715843
2024-08-23,TCS.NS,INFY.NS,0.7087523781723555
2024-08-26,TCS.NS,INFY.NS,0.7049214020637105
2024-08-27,TCS.NS,INFY.NS,0.6893305969354653
2024-08-28,TCS.NS,INFY.NS,0.693080789128455
2024-08-29,TCS.NS,INFY.NS,0.6969354988850046
2024-08-30,TCS.NS,INFY.NS,0.7014604140433849
2024-09-02,TCS.NS,INFY.NS,0.6974859488965401
2024-09-03,TCS.NS,INFY.NS,0.6839062691880258
2024-09-04,TCS.NS,INFY.NS,0.6913007986376886
2024-09-05,TCS.NS,INFY.NS,0.690207039550855
2024-09-06,TCS.NS,INFY.NS,0.6866574956081719
2024-09-09,TCS.NS,INFY.NS,0.6850086889709952
2024-09-10,TCS.NS,INFY.NS,0.6871266579366447
2024-09-11,TCS.NS,INFY.NS,0.6861616033148432
2024-09-12,TCS.NS,INFY.NS,0.6874220296202094
2024-09-13,TCS.NS,INFY.NS,0.6912481298364048
2024-09-16,TCS.NS,INFY.NS,0.6914290837019479
2024-09-17,TCS.NS,INFY.NS,0.6917117634218605
2024-09-18,TCS.NS,INFY.NS,0.7267454355234977
2024-09-19,TCS.NS,INFY.NS,0.7239494427875062
2024-09-20,TCS.NS,INFY.NS,0.7239529742928207
2024-09-23,TCS.NS,INFY.NS,0.7169815519182758
2024-09-24,TCS.NS,INFY.NS,0.7153624563104448
2024-09-25,TCS.NS,INFY.NS,0.7101277431514014
2024-09-26,TCS.NS,INFY.NS,0.7085656338871984
2024-09-27,TCS.NS,INFY.NS,0.7160850772116727
2024-09-30,TCS.NS,INFY.NS,0.7147144322079442
2024-10-01,TCS.NS,INFY.NS,0.712292165834591
2024-10-03,TCS.NS,INFY.NS,0.719671976323881
2024-10-04,TCS.NS,INFY.NS,0.7185261257241654
2024-10-07,TCS.NS,INFY.NS,0.7191902009436378
2024-10-08,TCS.NS,INFY.NS,0.7150695455422871
2024-10-09,TCS.NS,INFY.NS,0.6919613693350918
2024-10-10,TCS.NS,INFY.NS,0.6905993819419094
2024-10-11,TCS.NS,INFY.NS,0.6616154975084949
2024-10-14,TCS.NS,INFY.NS,0.648416037251377
2024-10-15,TCS.NS,INFY.NS,0.6593972373363576
2024-10-16,TCS.NS,INFY.NS,0.6609490649213228
2024-10-17,TCS.NS,INFY.NS,0.6534791878449391
2024-10-18,TCS.NS,INFY.NS,0.5630045601925072
2024-10-21,TCS.NS,INFY.NS,0.5736176282248003
2024-10-22,TCS.NS,INFY.NS,0.5448257449046077
2024-10-23,TCS.NS,INFY.NS,0.552249736157301
2024-10-24,TCS.NS,INFY.NS,0.5544064902297445
2024-10-25,TCS.NS,INFY.NS,0.5583967524800274
2024-10-28,TCS.NS,INFY.NS,0.5623604189261774
2024-10-29,TCS.NS,INFY.NS,0.5470059995234894
2024-10-30,TCS.NS,INFY.NS,0.46173997417927387
2024-10-31,TCS.NS,INFY.NS,0.5049479108130116
2024-11-01,TCS.NS,INFY.NS,0.49829550490494434
2024-11-04,TCS.NS,INFY.NS,0.49650545853656874
2024-11-05,TCS.NS,INFY.NS,0.4792314896969895
2024-11-06,TCS.NS,INFY.NS,0.5866609275133322
2024-11-07,TCS.NS,INFY.NS,0.5792883508838008
2024-11-08,TCS.NS,INFY.NS,0.5628758780535297
2024-11-11,TCS.NS,INFY.NS,0.552851858084753
2024-11-12,TCS.NS,INFY.NS,0.5599912072460645
2024-11-13,TCS.NS,INFY.NS,0.5560552885080237
2024-11-14,TCS.NS,INFY.NS,0.5582872824779046
2024-11-18,TCS.NS,INFY.NS,0.6032758194969008
2024-11-19,TCS.NS,INFY.NS,0.6026639765350847
2024-11-21,TCS.NS,INFY.NS,0.6008676556765228
2024-11-22,TCS.NS,INFY.NS,0.6571818837390565
2024-11-25,TCS.NS,INFY.NS,0.6406189380692882
2024-11-26,TCS.NS,INFY.NS,0.6455396845560565
2024-11-27,TCS.NS,INFY.NS,0.6443623921204344
2024-11-28,TCS.NS,INFY.NS,0.6717550964598179
2024-11-29,TCS.NS,INFY.NS,0.6728259224435429
2024-12-02,TCS.NS,INFY.NS,0.669630582109723
2024-12-03,TCS.NS,INFY.NS,0.671654497767485
2024-12-04,TCS.NS,INFY.NS,0.6661814141189047
2024-12-05,TCS.NS,INFY.NS,0.6815946376444718
2024-12-06,TCS.NS,INFY.NS,0.6802550610984626
2024-12-09,TCS.NS,INFY.NS,0.6807630999688465
2024-12-10,TCS.NS,INFY.NS,0.6697615809229147
2024-12-11,TCS.NS,INFY.NS,0.6656771140390175
2024-12-12,TCS.NS,INFY.NS,0.6673399461326519
2024-12-13,TCS.NS,INFY.NS,0.6681658447859898
2024-12-16,TCS.NS,INFY.NS,0.640662511103949
2024-12-17,TCS.NS,INFY.NS,0.6367103806036573
2024-12-18,TCS.NS,INFY.NS,0.6384917201765132
2024-12-19,TCS.NS,INFY.NS,0.6472059570755524
2024-12-20,TCS.NS,INFY.NS,0.6513417388048908
2024-12-23,TCS.NS,INFY.NS,0.6513717535548454
2024-12-24,TCS.NS,INFY.NS,0.6449246832677238
2024-12-26,TCS.NS,INFY.NS,0.6446545963301016
2024-12-27,TCS.NS,INFY.NS,0.6403975352569612
2024-12-30,TCS.NS,INFY.NS,0.6398889022788149
2024-12-31,TCS.NS,INFY.NS,0.6453018546032365
2025-01-01,TCS.NS,INFY.NS,0.6443658308136135
2025-01-02,TCS.NS,INFY.NS,0.6507274080301294
2025-01-03,TCS.NS,INFY.NS,0.6570465327165864
2025-01-06,TCS.NS,INFY.NS,0.6570835928938141
2025-01-07,TCS.NS,INFY.NS,0.6544806063241245
2025-01-08,TCS.NS,INFY.NS,0.6663300217214608
2025-01-09,TCS.NS,INFY.NS,0.673704942130243
2025-01-10,TCS.NS,INFY.NS,0.6814344409436515
2025-01-13,TCS.NS,INFY.NS,0.6815455888615914
2025-01-14,TCS.NS,INFY.NS,0.6951022263965166
2025-01-15,TCS.NS,INFY.NS,0.7704123209966609
2025-01-16,TCS.NS,INFY.NS,0.7704140071599132
2025-01-17,TCS.NS,INFY.NS,0.692472002977388
2025-01-20,TCS.NS,INFY.NS,0.6869516585229746
2025-01-21,TCS.NS,INFY.NS,0.6875047885372757
2025-01-22,TCS.NS,INFY.NS,0.7054813731209993
2025-01-23,TCS.NS,INFY.NS,0.704422164755189
2025-01-24,TCS.NS,INFY.NS,0.7039624750253564
2025-01-27,TCS.NS,INFY.NS,0.7254952607224023
2025-01-28,TCS.NS,INFY.NS,0.7100453562860405
2025-01-29,TCS.NS,INFY.NS,0.7135959280946463
2025-01-30,TCS.NS,INFY.NS,0.7120314357396292
2025-01-31,TCS.NS,INFY.NS,0.7124734212605117
2025-02-01,TCS.NS,INFY.NS,0.6841280993376512
2025-02-03,TCS.NS,INFY.NS,0.6881590584372143
2025-02-04,TCS.NS,INFY.NS,0.6957267336752874
2025-02-05,TCS.NS,INFY.NS,0.6917177159097216
2025-02-06,TCS.NS,INFY.NS,0.6888952752432269
2025-02-07,TCS.NS,INFY.NS,0.6922411386223764
2025-02-10,TCS.NS,INFY.NS,0.6870119388463521
2025-02-11,TCS.NS,INFY.NS,0.6623678905743117
2025-02-12,TCS.NS,INFY.NS,0.6619653224012186
2025-02-13,TCS.NS,INFY.NS,0.6640695684927955
2025-02-14,TCS.NS,INFY.NS,0.6248099831246047
2025-02-17,TCS.NS,INFY.NS,0.6451515105180463
2025-02-18,TCS.NS,INFY.NS,0.635729718509491
2025-02-19,TCS.NS,INFY.NS,0.649332776594872
2025-02-20,TCS.NS,INFY.NS,0.6339450203081439
2025-02-21,TCS.NS,INFY.NS,0.6326071252110207
2025-02-24,TCS.NS,INFY.NS,0.6550935656887998
2025-02-25,TCS.NS,INFY.NS,0.6477618496244201
2025-02-27,TCS.NS,INFY.NS,0.6543318904286556
2025-02-28,TCS.NS,INFY.NS,0.670961862913256
2025-03-03,TCS.NS,INFY.NS,0.6724289314086385
2025-03-04,TCS.NS,INFY.NS,0.6530188233587902
2025-03-05,TCS.NS,INFY.NS,0.6610803279843581
2025-03-06,TCS.NS,INFY.NS,0.6607059354081198
2025-03-07,TCS.NS,INFY.NS,0.6464021741368169
2025-03-10,TCS.NS,INFY.NS,0.6390270410305243
2025-03-11,TCS.NS,INFY.NS,0.6296113222790674
2025-03-12,TCS.NS,INFY.NS,0.6465171566566151
2025-03-13,TCS.NS,INFY.NS,0.6441028936181448
2025-03-17,TCS.NS,INFY.NS,0.6371358187188819
2025-03-18,TCS.NS,INFY.NS,0.6371642419816717
2025-03-19,TCS.NS,INFY.NS,0.6375883804922854
2025-03-20,TCS.NS,INFY.NS,0.6533261503484843
2025-03-21,TCS.NS,INFY.NS,0.6446560411927211
2025-03-24,TCS.NS,INFY.NS,0.6414718500975363
2025-03-25,TCS.NS,INFY.NS,0.6443656734444377
2025-03-26,TCS.NS,INFY.NS,0.6409948359235027
2025-03-27,TCS.NS,INFY.NS,0.6412887824495501
2025-03-28,TCS.NS,INFY.NS,0.6362325972641018
2025-04-01,TCS.NS,INFY.NS,0.6439277772933871
2025-04-02,TCS.NS,INFY.NS,0.6371436922865973
2025-04-03,TCS.NS,INFY.NS,0.6660595268526739
2025-04-04,TCS.NS,INFY.NS,0.6856125501228194
2025-04-07,TCS.NS,INFY.NS,0.6775161858017406
2025-04-08,TCS.NS,INFY.NS,0.6785344196010377
2025-04-09,TCS.NS,INFY.NS,0.6829430039661978
2025-04-11,TCS.NS,INFY.NS,0.6807707844846855
2025-04-15,TCS.NS,INFY.NS,0.6823578400071714
2025-04-16,TCS.NS,INFY.NS,0.6730407415980827
2025-04-17,TCS.NS,INFY.NS,0.7391678666781981
2025-04-21,TCS.NS,INFY.NS,0.7453475322236178
2025-04-22,TCS.NS,INFY.NS,0.739235327233212
2025-04-23,TCS.NS,INFY.NS,0.7445719866216767
2025-04-24,TCS.NS,INFY.NS,0.7456778368036856
2025-04-25,TCS.NS,INFY.NS,0.7445920906314362
2025-04-28,TCS.NS,INFY.NS,0.7357928038195349
2025-04-29,TCS.NS,INFY.NS,0.7423513419716282
2025-04-30,TCS.NS,INFY.NS,0.7307144958225544
2025-05-02,TCS.NS,INFY.NS,0.7298511403701611
2025-05-05,TCS.NS,INFY.NS,0.7283925688905055
2025-05-06,TCS.NS,INFY.NS,0.7273231698314814
2025-05-07,TCS.NS,INFY.NS,0.7279946807599472
2025-05-08,TCS.NS,INFY.NS,0.7233424300273716
2025-05-09,TCS.NS,INFY.NS,0.7237894261697542
2025-05-12,TCS.NS,INFY.NS,0.7988049147029145
2025-05-13,TCS.NS,INFY.NS,0.8105623242950805
2025-05-14,TCS.NS,INFY.NS,0.81683344919289
2025-05-15,TCS.NS,INFY.NS,0.8268596309089509
2025-05-16,TCS.NS,INFY.NS,0.8264276120320595
2025-05-19,TCS.NS,INFY.NS,0.8275144064634379
2025-05-20,TCS.NS,INFY.NS,0.8253702521996643
2025-05-21,TCS.NS,INFY.NS,0.8254511544933991
2025-05-22,TCS.NS,INFY.NS,0.8312243638504603
2025-05-23,TCS.NS,INFY.NS,0.830304468081361
2025-05-26,TCS.NS,INFY.NS,0.8329678801691945
2025-05-27,TCS.NS,INFY.NS,0.8329421555394813
2025-05-28,TCS.NS,INFY.NS,0.8286808436413301
2025-05-29,TCS.NS,INFY.NS,0.8349294616597611
2025-05-30,TCS.NS,INFY.NS,0.8318294212224044
2025-06-02,TCS.NS,INFY.NS,0.8170635812227582
2025-06-03,TCS.NS,INFY.NS,0.8162395195270297
2025-06-04,TCS.NS,INFY.NS,0.831387771903191
2025-06-05,TCS.NS,INFY.NS,0.8309686069137914
2025-06-06,TCS.NS,INFY.NS,0.8377425034736363
2025-06-09,TCS.NS,INFY.NS,0.8459524139290514
2025-06-10,TCS.NS,INFY.NS,0.8543293268161908
2025-06-11,TCS.NS,INFY.NS,0.8539673678472
2025-06-12,TCS.NS,INFY.NS,0.8527788107291414
2025-06-13,TCS.NS,INFY.NS,0.8527726579550489
2025-06-16,TCS.NS,INFY.NS,0.856410506798952
2025-06-17,TCS.NS,INFY.NS,0.8567784909317442
2025-06-18,TCS.NS,INFY.NS,0.8496617309415728
2025-06-19,TCS.NS,INFY.NS,0.848387935911753
2025-06-20,TCS.NS,INFY.NS,0.8584727585315515
2025-06-23,TCS.NS,INFY.NS,0.868685541868268
2025-06-24,TCS.NS,INFY.NS,0.8690715656524517
2025-06-25,TCS.NS,INFY.NS,0.8738951727818908
2025-06-26,TCS.NS,INFY.NS,0.8742803897781928
2025-06-27,TCS.NS,INFY.NS,0.871910520178957
2025-06-30,TCS.NS,INFY.NS,0.8653818476153315
2025-07-01,TCS.NS,INFY.NS,0.8672702208847562
2025-07-02,TCS.NS,INFY.NS,0.8597745706176596
2025-07-03,TCS.NS,INFY.NS,0.8463611473637556
2025-07-04,TCS.NS,INFY.NS,0.864810967807337
2025-07-07,TCS.NS,INFY.NS,0.868162926226125
2025-07-08,TCS.NS,INFY.NS,0.8623479060590978
2025-07-09,TCS.NS,INFY.NS,0.8648264001656261
2025-07-10,TCS.NS,INFY.NS,0.8608388872269025
2025-07-11,TCS.NS,INFY.NS,0.8553610079960375
2025-07-14,TCS.NS,INFY.NS,0.8595862461687519
2025-07-15,TCS.NS,INFY.NS,0.862218626891773
2025-07-16,TCS.NS,INFY.NS,0.8656188629245803
2025-07-17,TCS.NS,INFY.NS,0.8515278572075731
2025-07-18,TCS.NS,INFY.NS,0.8499705815549692
2025-07-21,TCS.NS,INFY.NS,0.8532727336384811
2025-07-22,TCS.NS,INFY.NS,0.8484507840954387
2025-07-23,TCS.NS,INFY.NS,0.8453736794434998
2025-07-24,TCS.NS,INFY.NS,0.8478680735131531
2025-07-25,TCS.NS,INFY.NS,0.8389064912722954
2025-07-28,TCS.NS,INFY.NS,0.8284449526511167
2025-07-29,TCS.NS,INFY.NS,0.8278499753792385
2025-07-30,TCS.NS,INFY.NS,0.8277099705761642
2025-07-31,TCS.NS,INFY.NS,0.8280179123628347
2025-08-01,TCS.NS,INFY.NS,0.8259103877400584
2025-08-04,TCS.NS,INFY.NS,0.7067869646020568
2025-08-05,TCS.NS,INFY.NS,0.658996290874295
2025-08-06,TCS.NS,INFY.NS,0.6540163162231944
2025-08-07,TCS.NS,INFY.NS,0.643709741501689
2025-08-08,TCS.NS,INFY.NS,0.6442668173473117
2025-08-11,TCS.NS,INFY.NS,0.6374307195434097
2025-08-12,TCS.NS,INFY.NS,0.6392032216103246
2025-08-13,TCS.NS,INFY.NS,0.6369073102671934
2025-08-14,TCS.NS,INFY.NS,0.6089431805125735
2025-08-18,TCS.NS,INFY.NS,0.5977212873726991
2025-08-19,TCS.NS,INFY.NS,0.5918435690964531
2025-08-20,TCS.NS,INFY.NS,0.6595773611430451
2025-08-21,TCS.NS,INFY.NS,0.6591935555825894
2025-08-22,TCS.NS,INFY.NS,0.6590642668087404
2025-08-25,TCS.NS,INFY.NS,0.7021656269056645
2025-08-26,TCS.NS,INFY.NS,0.6983019555810135
2025-08-28,TCS.NS,INFY.NS,0.7103464326605745
2025-08-29,TCS.NS,INFY.NS,0.6988744990548323
2025-09-01,TCS.NS,INFY.NS,0.7048691202492048
2025-09-02,TCS.NS,INFY.NS,0.7036374252625459
2025-09-03,TCS.NS,INFY.NS,0.7019380806510482
2025-09-04,TCS.NS,INFY.NS,0.6893134671769591
2025-09-05,TCS.NS,INFY.NS,0.7019188890358684
2025-09-08,TCS.NS,INFY.NS,0.6995801900088447
2025-09-09,TCS.NS,INFY.NS,0.6823370472505627
2025-09-10,TCS.NS,INFY.NS,0.6880721293327285
2025-09-11,TCS.NS,INFY.NS,0.6685097621147377
2025-09-12,TCS.NS,INFY.NS,0.6773696245804527
2025-09-15,TCS.NS,INFY.NS,0.6772930658295402
2025-09-16,TCS.NS,INFY.NS,0.6732109126852421
2025-09-17,TCS.NS,INFY.NS,0.6683004619109292
2025-09-18,TCS.NS,INFY.NS,0.6668215555471912
2025-09-19,TCS.NS,INFY.NS,0.652701254268571
2025-09-22,TCS.NS,INFY.NS,0.6756252111599769
2025-09-23,TCS.NS,INFY.NS,0.6766605809327546
2025-09-24,TCS.NS,INFY.NS,0.6805937274940657
2025-09-25,TCS.NS,INFY.NS,0.674546030229327
2025-09-26,TCS.NS,INFY.NS,0.6870785484235611
2025-09-29,TCS.NS,INFY.NS,0.6908015404949495
2025-09-30,TCS.NS,INFY.NS,0.6875930013994314
2025-10-01,TCS.NS,INFY.NS,0.6880972385899697
2025-10-03,TCS.NS,INFY.NS,0.6889204437510479
2025-10-06,TCS.NS,INFY.NS,0.7024034884411832
2025-10-07,TCS.NS,INFY.NS,0.7056633317839527
2025-10-08,TCS.NS,INFY.NS,0.7301959243494661
2025-10-09,TCS.NS,INFY.NS,0.7281794519813704
2025-10-10,TCS.NS,INFY.NS,0.7168765033295309
2025-10-13,TCS.NS,INFY.NS,0.7260830283644312
2025-10-14,TCS.NS,INFY.NS,0.7180495138655281
2025-10-15,TCS.NS,INFY.NS,0.7082256816740288
2025-10-16,TCS.NS,INFY.NS,0.71124637143334
2025-10-17,TCS.NS,INFY.NS,0.7068549885544276
2025-10-20,TCS.NS,INFY.NS,0.7125999673044531
2025-10-21,TCS.NS,INFY.NS,0.7056757912226788
2025-10-23,TCS.NS,INFY.NS,0.7315405057111037
2025-10-24,TCS.NS,INFY.NS,0.7442297733221658
2025-10-27,TCS.NS,INFY.NS,0.744272505948795
2025-10-28,TCS.NS,INFY.NS,0.7437850576706507
2025-10-29,TCS.NS,INFY.NS,0.7416434319222102
2025-10-30,TCS.NS,INFY.NS,0.7407093101145041
2025-10-31,TCS.NS,INFY.NS,0.7410230047103836
2025-11-03,TCS.NS,INFY.NS,0.7328610654238896
2025-11-04,TCS.NS,INFY.NS,0.7317208198536272
2025-11-06,TCS.NS,INFY.NS,0.729921199471081
2025-11-07,TCS.NS,INFY.NS,0.724049444533608
2025-11-10,TCS.NS,INFY.NS,0.7279804228283902
2025-11-11,TCS.NS,INFY.NS,0.729508886325769
2025-11-12,TCS.NS,INFY.NS,0.7258238227364541
2025-11-13,TCS.NS,INFY.NS,0.7385633872594041
2025-11-14,TCS.NS,INFY.NS,0.7214315240018067
2025-11-17,TCS.NS,INFY.NS,0.7208484247806908
2025-11-18,TCS.NS,INFY.NS,0.6956966405786112
2025-11-19,TCS.NS,INFY.NS,0.7101832626947261
2025-11-20,TCS.NS,INFY.NS,0.7118603313037218
2025-11-21,TCS.NS,INFY.NS,0.6911561979741356
2025-11-24,TCS.NS,INFY.NS,0.6925549163249882
2025-11-25,TCS.NS,INFY.NS,0.6840723049766539
2025-11-26,TCS.NS,INFY.NS,0.6960950393523464
2025-11-27,TCS.NS,INFY.NS,0.6857814105912483
2025-11-28,TCS.NS,INFY.NS,0.6850846581485952
2025-12-01,TCS.NS,INFY.NS,0.6844141595530753
2025-12-02,TCS.NS,INFY.NS,0.6869250094663217
2025-12-03,TCS.NS,INFY.NS,0.6834772591662163
2025-12-04,TCS.NS,INFY.NS,0.6831483821213592
2025-12-05,TCS.NS,INFY.NS,0.7105981244276226
2025-12-08,TCS.NS,INFY.NS,0.7004321117108254
2025-12-09,TCS.NS,INFY.NS,0.719723469773566
2025-12-10,TCS.NS,INFY.NS,0.7223290044572905
2025-12-11,TCS.NS,INFY.NS,0.7185113219645982
2025-12-12,TCS.NS,INFY.NS,0.71825783870523
2025-12-15,TCS.NS,INFY.NS,0.717295001273825
2025-12-16,TCS.NS,INFY.NS,0.7230307411616639
2025-12-17,TCS.NS,INFY.NS,0.7235753859654244
2025-12-18,TCS.NS,INFY.NS,0.7037891055520115
2025-12-19,TCS.NS,INFY.NS,0.7016975336807901
2025-12-22,TCS.NS,INFY.NS,0.705707595334111
2025-12-23,TCS.NS,INFY.NS,0.7198619281051114
2025-12-24,TCS.NS,INFY.NS,0.6971302283610014
2025-12-26,TCS.NS,INFY.NS,0.6964322291339922
2025-12-29,TCS.NS,INFY.NS,0.6997480941658989
2025-12-30,TCS.NS,INFY.NS,0.69902049224933
2025-12-31,TCS.NS,INFY.NS,0.6981704678930797
2026-01-01,TCS.NS,INFY.NS,0.6903120480693582
2026-01-02,TCS.NS,INFY.NS,0.6884035657920161
2026-01-05,TCS.NS,INFY.NS,0.6819040153068726
2026-01-06,TCS.NS,INFY.NS,0.6747365274591155
2026-01-07,TCS.NS,INFY.NS,0.694739977381648
2026-01-08,TCS.NS,INFY.NS,0.6963117004255317
2026-01-09,TCS.NS,INFY.NS,0.7045666626182011
2026-01-12,TCS.NS,INFY.NS,0.6958331928298831
2026-01-13,TCS.NS,INFY.NS,0.6931031050005244
2026-01-14,TCS.NS,INFY.NS,0.6721742477607963
2026-01-15,TCS.NS,INFY.NS,0.6662119109054636
2026-01-16,TCS.NS,INFY.NS,0.691594267096921
2026-01-19,TCS.NS,INFY.NS,0.6664062912717237
2026-01-20,TCS.NS,INFY.NS,0.6742139746931457
2026-01-21,TCS.NS,INFY.NS,0.671177584502764
2026-01-22,TCS.NS,INFY.NS,0.6710093125532453
2026-01-23,TCS.NS,INFY.NS,0.6726284534671174
2026-01-27,TCS.NS,INFY.NS,0.6662892373951014
2026-01-28,TCS.NS,INFY.NS,0.6507045729319181
2026-01-29,TCS.NS,INFY.NS,0.6568414321537462
2026-01-30,TCS.NS,INFY.NS,0.6550658953362243
2026-02-02,TCS.NS,INFY.NS,0.6345471829849857
2026-02-03,TCS.NS,INFY.NS,0.6504375362118084
2026-02-04,TCS.NS,INFY.NS,0.7748045334554827
2026-02-05,TCS.NS,INFY.NS,0.7729603623319706
2026-02-06,TCS.NS,INFY.NS,0.7740524674066148
2026-02-09,TCS.NS,INFY.NS,0.7710384726518695
2026-02-10,TCS.NS,INFY.NS,0.7828802631279779
2026-02-11,TCS.NS,INFY.NS,0.7872287238624209
2026-02-12,TCS.NS,INFY.NS,0.8270785805537235
2026-02-13,TCS.NS,INFY.NS,0.8235503599475064
2026-02-16,TCS.NS,INFY.NS,0.8218725861282211
2026-02-17,TCS.NS,INFY.NS,0.8185474013334011
2026-02-18,TCS.NS,INFY.NS,0.8194026726799741
2026-02-19,TCS.NS,INFY.NS,0.8189831555864368
2026-02-20,TCS.NS,INFY.NS,0.8086951784897553
2026-02-23,TCS.NS,INFY.NS,0.8090653847033946
2026-02-24,TCS.NS,INFY.NS,0.823344798277805
2026-02-25,TCS.NS,INFY.NS,0.8243625777899992
2026-02-26,TCS.NS,INFY.NS,0.8233664009645482
2026-02-27,TCS.NS,INFY.NS,0.8174246121248163
2026-03-02,TCS.NS,INFY.NS,0.8152680325993786
2026-03-04,TCS.NS,INFY.NS,0.8014731301052741
2026-03-05,TCS.NS,INFY.NS,0.8015437621446645
2026-03-06,TCS.NS,INFY.NS,0.7987631123380086
2026-03-09,TCS.NS,INFY.NS,0.7918842246368113
2026-03-10,TCS.NS,INFY.NS,0.7907789470346939
2026-03-11,TCS.NS,INFY.NS,0.7938589648786863
2026-03-12,TCS.NS,INFY.NS,0.7934064154268019
2026-03-13,TCS.NS,INFY.NS,0.7942391256755044
2026-03-16,TCS.NS,INFY.NS,0.7935315722946003
2026-03-17,TCS.NS,INFY.NS,0.7881495971790274
2026-03-18,TCS.NS,INFY.NS,0.7971706279550003
2026-03-19,TCS.NS,INFY.NS,0.8060968881355285
2026-03-20,TCS.NS,INFY.NS,0.8112268123363078
2026-03-23,TCS.NS,INFY.NS,0.8119492209371009
2026-03-24,TCS.NS,INFY.NS,0.8136501463349813
2026-03-25,TCS.NS,INFY.NS,0.8117488594421428
2026-03-27,TCS.NS,INFY.NS,0.8114510740464731
2026-03-30,TCS.NS,INFY.NS,0.8137267755784084
2026-04-01,TCS.NS,INFY.NS,0.8178958715143204
2026-04-02,TCS.NS,INFY.NS,0.8215508880740809
2026-04-06,TCS.NS,INFY.NS,0.8224988924121123
2026-04-07,TCS.NS,INFY.NS,0.8306830119463298
2026-04-08,TCS.NS,INFY.NS,0.8286908191299622
2026-04-09,TCS.NS,INFY.NS,0.8177696856297237
2026-04-10,TCS.NS,INFY.NS,0.8224172681836812
2026-04-13,TCS.NS,INFY.NS,0.8321109598464108
2026-04-15,TCS.NS,INFY.NS,0.836587371542858
2026-04-16,TCS.NS,INFY.NS,0.8491557984414634
2026-04-17,TCS.NS,INFY.NS,0.8490626539842266
2026-04-20,TCS.NS,INFY.NS,0.8592506929911299
2026-04-21,TCS.NS,INFY.NS,0.8589302229199001
2026-04-22,TCS.NS,INFY.NS,0.8634269226150484
2026-04-23,TCS.NS,INFY.NS,0.8609032207529684
2026-04-24,TCS.NS,INFY.NS,0.872690591030526
2026-04-27,TCS.NS,INFY.NS,0.8739454346596987
2026-04-28,TCS.NS,INFY.NS,0.8726373184738001
2026-04-29,TCS.NS,INFY.NS,0.8829607732233722
2026-04-30,TCS.NS,INFY.NS,0.8842632599367726
2026-05-01,TCS.NS,INFY.NS,0.8843897383182344
2026-05-04,TCS.NS,INFY.NS,0.8918759412385929
2026-05-05,TCS.NS,INFY.NS,0.8879442021692951
2026-05-06,TCS.NS,INFY.NS,0.8589569827166331
2026-05-07,TCS.NS,INFY.NS,0.8569597832874576
2026-05-08,TCS.NS,INFY.NS,0.8522696160120351
2026-05-11,TCS.NS,INFY.NS,0.8539620416438174
2026-05-12,TCS.NS,INFY.NS,0.8611688111553929
2026-05-13,TCS.NS,INFY.NS,0.8617892895561764
2026-05-14,TCS.NS,INFY.NS,0.838089939848854
2026-05-15,TCS.NS,INFY.NS,0.8386201214597433
2026-05-18,TCS.NS,INFY.NS,0.8401307812202626
2026-05-19,TCS.NS,INFY.NS,0.8404058457800773
2026-05-20,TCS.NS,INFY.NS,0.8398591689536338
2026-05-21,TCS.NS,INFY.NS,0.8379389538081939
2026-05-22,TCS.NS,INFY.NS,0.84369929433408
2026-05-25,TCS.NS,INFY.NS,0.8420219142588706
2026-05-26,TCS.NS,INFY.NS,0.8256394615721863
2026-05-27,TCS.NS,INFY.NS,0.8242372886814331
2026-05-28,TCS.NS,INFY.NS,0.8262299072418168
2026-05-29,TCS.NS,INFY.NS,0.8256543983008016
2026-06-01,TCS.NS,INFY.NS,0.8284421585811714
2026-06-02,TCS.NS,INFY.NS,0.8623113031468562
2026-06-03,TCS.NS,INFY.NS,0.8373477644888504
2026-06-04,TCS.NS,INFY.NS,0.8337012692033304
2026-06-05,TCS.NS,INFY.NS,0.8348449047879855
2026-06-08,TCS.NS,INFY.NS,0.8343009263456451
2026-06-09,TCS.NS,INFY.NS,0.8322207305035463
2026-06-10,TCS.NS,INFY.NS,0.8299327474467432
2026-06-11,TCS.NS,INFY.NS,0.8247892636107388
2026-06-12,TCS.NS,INFY.NS,0.8232493329286354
2026-06-15,TCS.NS,INFY.NS,0.8196592806978237
2026-06-16,TCS.NS,INFY.NS,0.815515770725159
2026-06-17,TCS.NS,INFY.NS,0.807731542109799
2026-06-18,TCS.NS,INFY.NS,0.8042204011324049
2026-06-19,TCS.NS,INFY.NS,0.8078479617736593
2026-06-22,TCS.NS,INFY.NS,0.8065914265441106
2026-06-23,TCS.NS,INFY.NS,0.8148117171265932
2026-06-24,TCS.NS,INFY.NS,0.8217144094289788
2026-06-25,TCS.NS,INFY.NS,0.8206501405858713
2026-06-26,TCS.NS,INFY.NS,0.8174690769374983
2026-06-29,TCS.NS,INFY.NS,0.8142117348628393
2026-06-30,TCS.NS,INFY.NS,0.819898556952934
2026-07-01,TCS.NS,INFY.NS,0.8140429063241786
2026-07-02,TCS.NS,INFY.NS,0.8291041931224935
2026-07-03,TCS.NS,INFY.NS,0.8365870542056838
2026-07-06,TCS.NS,INFY.NS,0.8313172934609153
2026-07-07,TCS.NS,INFY.NS,0.8344447401617849
2026-07-08,TCS.NS,INFY.NS,0.8284643494874093
2026-07-09,TCS.NS,INFY.NS,0.8252709475701548
2026-07-10,TCS.NS,INFY.NS,0.8264063586137951
2026-07-13,TCS.NS,INFY.NS,0.82861161085772
2026-07-14,TCS.NS,INFY.NS,0.8258988284156886
2026-07-15,TCS.NS,INFY.NS,0.8186557057683418
2026-07-16,TCS.NS,INFY.NS,0.8211749549376568
2026-07-17,TCS.NS,INFY.NS,0.8028262862315119
2026-07-20,TCS.NS,INFY.NS,0.8020173241587437
2026-07-21,TCS.NS,INFY.NS,0.8059817750857616
2026-07-22,TCS.NS,INFY.NS,0.8023972301246252
2026-07-23,TCS.NS,INFY.NS,0.7984430745780425
2026-07-24,TCS.NS,INFY.NS,0.7965903480431255
2026-07-27,TCS.NS,INFY.NS,0.7964745138920942
2026-07-28,TCS.NS,INFY.NS,0.800135757502133
2026-07-29,TCS.NS,INFY.NS,0.8000318638344829
2026-07-30,TCS.NS,INFY.NS,0.8006474989029323
2026-07-31,TCS.NS,INFY.NS,0.8078569454136817
2026-08-03,TCS.NS,INFY.NS,0.818833957360083
2026-08-04,TCS.NS,INFY.NS,0.8130303672860745
2026-08-05,TCS.NS,INFY.NS,0.8034141090470658
2026-08-06,TCS.NS,INFY.NS,0.8032532797271811
2026-08-07,TCS.NS,INFY.NS,0.7987239195525703
2026-08-10,TCS.NS,INFY.NS,0.7955861332098727
2026-08-11,TCS.NS,INFY.NS,0.801698121216661
2026-08-12,TCS.NS,INFY.NS,0.7964005310489638
2026-08-13,TCS.NS,INFY.NS,0.796081777884689
2026-08-14,TCS.NS,INFY.NS,0.7961269021805781
2026-08-17,TCS.NS,INFY.NS,0.801717914499727
2026-08-18,TCS.NS,INFY.NS,0.8048444208288045
2026-08-19,TCS.NS,INFY.NS,0.8062045675716013
2026-08-20,TCS.NS,INFY.NS,0.805971569291353
2026-08-21,TCS.NS,INFY.NS,0.8066772108128955
2026-08-24,TCS.NS,INFY.NS,0.8048635467715958
2026-08-25,TCS.NS,INFY.NS,0.7792666022819192
2026-08-26,TCS.NS,INFY.NS,0.7864427536956143
2026-08-27,TCS.NS,INFY.NS,0.7905980924447771
2026-08-28,TCS.NS,INFY.NS,0.8025402384375095
2026-08-31,TCS.NS,INFY.NS,0.7879897913332976
2026-09-01,TCS.NS,INFY.NS,0.768408033225329
2026-09-02,TCS.NS,INFY.NS,0.7705376794212286
2026-09-03,TCS.NS,INFY.NS,0.7726896767582881
2026-09-04,TCS.NS,INFY.NS,0.7730586548280962
2026-09-07,TCS.NS,INFY.NS,0.7764175451690489
2026-09-08,TCS.NS,INFY.NS,0.7764763905390474
2026-09-09,TCS.NS,INFY.NS,0.7776894681978352
2026-09-10,TCS.NS,INFY.NS,0.7784945973940367
2026-09-11,TCS.NS,INFY.NS,0.7700328891156074
2026-09-14,TCS.NS,INFY.NS,0.772629349030566
2026-09-15,TCS.NS,INFY.NS,0.765448301569408
2026-09-16,TCS.NS,INFY.NS,0.7619622747891661
2026-09-17,TCS.NS,INFY.NS,0.7616255298157746
2026-09-18,TCS.NS,INFY.NS,0.7488328089768784
2026-09-21,TCS.NS,INFY.NS,0.739804180875827
2026-09-22,TCS.NS,INFY.NS,0.7287237067462005
2026-09-23,TCS.NS,INFY.NS,0.7261438213163157
2026-09-24,TCS.NS,INFY.NS,0.6997135741407663
2026-09-25,TCS.NS,INFY.NS,0.6973296900488029
2026-09-28,TCS.NS,INFY.NS,0.6971863619332752
2026-09-29,TCS.NS,INFY.NS,0.6717211014189017
2026-09-30,TCS.NS,INFY.NS,0.658700747898881
2026-10-01,TCS.NS,INFY.NS,0.6528083064970038
2021-12-31,TCS.NS,LT.NS,0.23146324182332162
2022-01-03,TCS.NS,LT.NS,0.24235928598305986
2022-01-04,TCS.NS,LT.NS,0.23780532984126512
2022-01-05,TCS.NS,LT.NS,0.23116561796886595
2022-01-06,TCS.NS,LT.NS,0.25873384396617766
2022-01-07,TCS.NS,LT.NS,0.24066166036986927
2022-01-10,TCS.NS,LT.NS,0.2532484168412105
2022-01-11,TCS.NS,LT.NS,0.28411407967493585
2022-01-12,TCS.NS,LT.NS,0.27409090022155475
2022-01-13,TCS.NS,LT.NS,0.3136004327626094
2022-01-14,TCS.NS,LT.NS,0.3129888590701289
2022-01-17,TCS.NS,LT.NS,0.3265207023226838
2022-01-18,TCS.NS,LT.NS,0.33417325575463686
2022-01-19,TCS.NS,LT.NS,0.328603615066024
2022-01-20,TCS.NS,LT.NS,0.34342099658883124
2022-01-21,TCS.NS,LT.NS,0.3359220989907831
2022-01-24,TCS.NS,LT.NS,0.4164206994077441
2022-01-25,TCS.NS,LT.NS,0.4006242555548487
2022-01-27,TCS.NS,LT.NS,0.3829088452225633
2022-01-28,TCS.NS,LT.NS,0.3718076074457977
2022-01-31,TCS.NS,LT.NS,0.39430178753303435
2022-02-01,TCS.NS,LT.NS,0.4240278174177346
2022-02-02,TCS.NS,LT.NS,0.4170870129620004
2022-02-03,TCS.NS,LT.NS,0.430003861082434
2022-02-04,TCS.NS,LT.NS,0.42998208448535336
2022-02-07,TCS.NS,LT.NS,0.44401933626724827
2022-02-08,TCS.NS,LT.NS,0.43778504777068017
2022-02-09,TCS.NS,LT.NS,0.4442600011234934
2022-02-10,TCS.NS,LT.NS,0.44483281289340215
2022-02-11,TCS.NS,LT.NS,0.46008633165186485
2022-02-14,TCS.NS,LT.NS,0.38901506720181045
2022-02-15,TCS.NS,LT.NS,0.4259175033351024
2022-02-16,TCS.NS,LT.NS,0.42852499304590225
2022-02-17,TCS.NS,LT.NS,0.41871649896106894
2022-02-18,TCS.NS,LT.NS,0.4186454539610269
2022-02-21,TCS.NS,LT.NS,0.4417951343315936
2022-02-22,TCS.NS,LT.NS,0.45716925632485084
2022-02-23,TCS.NS,LT.NS,0.46298117273655665
2022-02-24,TCS.NS,LT.NS,0.5103307077354893
2022-02-25,TCS.NS,LT.NS,0.5150428462550608
2022-02-28,TCS.NS,LT.NS,0.5208750692023721
2022-03-02,TCS.NS,LT.NS,0.5165975918334385
2022-03-03,TCS.NS,LT.NS,0.5095898123474878
2022-03-04,TCS.NS,LT.NS,0.5039486534137588
2022-03-07,TCS.NS,LT.NS,0.5341131931739386
2022-03-08,TCS.NS,LT.NS,0.5452997797270048
2022-03-09,TCS.NS,LT.NS,0.5483424034619879
2022-03-10,TCS.NS,LT.NS,0.5357005119903537
2022-03-11,TCS.NS,LT.NS,0.548331745558681
2022-03-14,TCS.NS,LT.NS,0.5526047722506501
2022-03-15,TCS.NS,LT.NS,0.5523682200200805
2022-03-16,TCS.NS,LT.NS,0.5516634060963463
2022-03-17,TCS.NS,LT.NS,0.5451866083831018
2022-03-21,TCS.NS,LT.NS,0.551338882889253
2022-03-22,TCS.NS,LT.NS,0.5542297514146672
2022-03-23,TCS.NS,LT.NS,0.555832464275101
2022-03-24,TCS.NS,LT.NS,0.5550712713717163
2022-03-25,TCS.NS,LT.NS,0.5605263048036713
2022-03-28,TCS.NS,LT.NS,0.5602925502159416
2022-03-29,TCS.NS,LT.NS,0.5644831884214766
2022-03-30,TCS.NS,LT.NS,0.5666616763873681
2022-03-31,TCS.NS,LT.NS,0.5589205823455707
2022-04-01,TCS.NS,LT.NS,0.5580228477517868
2022-04-04,TCS.NS,LT.NS,0.5595127477902992
2022-04-05,TCS.NS,LT.NS,0.5565415995223838
2022-04-06,TCS.NS,LT.NS,0.5528034449999771
2022-04-07,TCS.NS,LT.NS,0.5577251652163056
2022-04-08,TCS.NS,LT.NS,0.5570532942031988
2022-04-11,TCS.NS,LT.NS,0.5529381545066651
2022-04-12,TCS.NS,LT.NS,0.5444911893745144
2022-04-13,TCS.NS,LT.NS,0.5304615448560654
2022-04-18,TCS.NS,LT.NS,0.5214978441751283
2022-04-19,TCS.NS,LT.NS,0.5277613678928068
2022-04-20,TCS.NS,LT.NS,0.5125996846815203
2022-04-21,TCS.NS,LT.NS,0.5224076480511778
2022-04-22,TCS.NS,LT.NS,0.5326854152808891
2022-04-25,TCS.NS,LT.NS,0.531829575347612
2022-04-26,TCS.NS,LT.NS,0.5245544087624504
2022-04-27,TCS.NS,LT.NS,0.5269886370822668
2022-04-28,TCS.NS,LT.NS,0.5339607081134365
2022-04-29,TCS.NS,LT.NS,0.5355137426109484
2022-05-02,TCS.NS,LT.NS,0.51871379403099
2022-05-04,TCS.NS,LT.NS,0.5362825100334616
2022-05-05,TCS.NS,LT.NS,0.53553891117365
2022-05-06,TCS.NS,LT.NS,0.5369675614524152
2022-05-09,TCS.NS,LT.NS,0.5357700922936887
2022-05-10,TCS.NS,LT.NS,0.5358715556936178
2022-05-11,TCS.NS,LT.NS,0.5354680236376906
2022-05-12,TCS.NS,LT.NS,0.5243681460404924
2022-05-13,TCS.NS,LT.NS,0.5190936835467521
2022-05-16,TCS.NS,LT.NS,0.5611208893041627
2022-05-17,TCS.NS,LT.NS,0.5600283273251219
2022-05-18,TCS.NS,LT.NS,0.5549339537808207
2022-05-19,TCS.NS,LT.NS,0.5475884007356879
2022-05-20,TCS.NS,LT.NS,0.5459112188677216
2022-05-23,TCS.NS,LT.NS,0.5485274615172949
2022-05-24,TCS.NS,LT.NS,0.5554639356602998
2022-05-25,TCS.NS,LT.NS,0.575651672829963
2022-05-26,TCS.NS,LT.NS,0.5296820588111102
2022-05-27,TCS.NS,LT.NS,0.5349836686211881
2022-05-30,TCS.NS,LT.NS,0.5681004212106069
2022-05-31,TCS.NS,LT.NS,0.5705867497498932
2022-06-01,TCS.NS,LT.NS,0.5750902310228799
2022-06-02,TCS.NS,LT.NS,0.5599051328991677
2022-06-03,TCS.NS,LT.NS,0.5639192535540154
2022-06-06,TCS.NS,LT.NS,0.5585617299880536
2022-06-07,TCS.NS,LT.NS,0.5693835930431305
2022-06-08,TCS.NS,LT.NS,0.5762181487600426
2022-06-09,TCS.NS,LT.NS,0.5789621055251093
2022-06-10,TCS.NS,LT.NS,0.5732036504350185
2022-06-13,TCS.NS,LT.NS,0.6059099386558343
2022-06-14,TCS.NS,LT.NS,0.601465325474541
2022-06-15,TCS.NS,LT.NS,0.5990438667016272
2022-06-16,TCS.NS,LT.NS,0.6036179799874617
2022-06-17,TCS.NS,LT.NS,0.6062803424291524
2022-06-20,TCS.NS,LT.NS,0.5979764476108589
2022-06-21,TCS.NS,LT.NS,0.6113364308834943
2022-06-22,TCS.NS,LT.NS,0.602966951645211
2022-06-23,TCS.NS,LT.NS,0.6068483990259534
2022-06-24,TCS.NS,LT.NS,0.6062435575598215
2022-06-27,TCS.NS,LT.NS,0.6025182623967564
2022-06-28,TCS.NS,LT.NS,0.602502914245626
2022-06-29,TCS.NS,LT.NS,0.6004365599857491
2022-06-30,TCS.NS,LT.NS,0.5981465616223244
2022-07-01,TCS.NS,LT.NS,0.6000988215059843
2022-07-04,TCS.NS,LT.NS,0.5940171519834822
2022-07-05,TCS.NS,LT.NS,0.5904694280979053
2022-07-06,TCS.NS,LT.NS,0.5832457312088366
2022-07-07,TCS.NS,LT.NS,0.5968573920088418
2022-07-08,TCS.NS,LT.NS,0.5561204095830482
2022-07-11,TCS.NS,LT.NS,0.5581866977362877
2022-07-12,TCS.NS,LT.NS,0.5578675257065959
2022-07-13,TCS.NS,LT.NS,0.5518070743025085
2022-07-14,TCS.NS,LT.NS,0.5737284361086543
2022-07-15,TCS.NS,LT.NS,0.5628556330177042
2022-07-18,TCS.NS,LT.NS,0.5776558579035993
2022-07-19,TCS.NS,LT.NS,0.5700312015382187
2022-07-20,TCS.NS,LT.NS,0.5689114546530818
2022-07-21,TCS.NS,LT.NS,0.5738903370826582
2022-07-22,TCS.NS,LT.NS,0.5727883403122999
2022-07-25,TCS.NS,LT.NS,0.5696927062073399
2022-07-26,TCS.NS,LT.NS,0.5769321880128319
2022-07-27,TCS.NS,LT.NS,0.5816730220160704
2022-07-28,TCS.NS,LT.NS,0.5755633227526719
2022-07-29,TCS.NS,LT.NS,0.5705637073643007
2022-08-01,TCS.NS,LT.NS,0.5724835307709977
2022-08-02,TCS.NS,LT.NS,0.5711502227136335
2022-08-03,TCS.NS,LT.NS,0.5646294894725999
2022-08-04,TCS.NS,LT.NS,0.5737179908979673
2022-08-05,TCS.NS,LT.NS,0.5736583262933539
2022-08-08,TCS.NS,LT.NS,0.5736043686871529
2022-08-10,TCS.NS,LT.NS,0.5522455865281469
2022-08-11,TCS.NS,LT.NS,0.556490676999573
2022-08-12,TCS.NS,LT.NS,0.5530038209198247
2022-08-16,TCS.NS,LT.NS,0.557226475211187
2022-08-17,TCS.NS,LT.NS,0.555054864035299
2022-08-18,TCS.NS,LT.NS,0.5372751372706165
2022-08-19,TCS.NS,LT.NS,0.4987416157965619
2022-08-22,TCS.NS,LT.NS,0.5205088052729767
2022-08-23,TCS.NS,LT.NS,0.5143019467570464
2022-08-24,TCS.NS,LT.NS,0.4672737829820783
2022-08-25,TCS.NS,LT.NS,0.4710876815978467
2022-08-26,TCS.NS,LT.NS,0.4700258314148293
2022-08-29,TCS.NS,LT.NS,0.5042736080706102
2022-08-30,TCS.NS,LT.NS,0.5181948633500199
2022-09-01,TCS.NS,LT.NS,0.5204309160692552
2022-09-02,TCS.NS,LT.NS,0.5024270579654688
2022-09-05,TCS.NS,LT.NS,0.5120419157171822
2022-09-06,TCS.NS,LT.NS,0.5112652001624552
2022-09-07,TCS.NS,LT.NS,0.5009706336453422
2022-09-08,TCS.NS,LT.NS,0.4427710222436447
2022-09-09,TCS.NS,LT.NS,0.416293946038329
2022-09-12,TCS.NS,LT.NS,0.41779839784592676
2022-09-13,TCS.NS,LT.NS,0.38839706377859895
2022-09-14,TCS.NS,LT.NS,0.40310545668125397
2022-09-15,TCS.NS,LT.NS,0.41919464149781877
2022-09-16,TCS.NS,LT.NS,0.43452513134893167
2022-09-19,TCS.NS,LT.NS,0.43942106392335467
2022-09-20,TCS.NS,LT.NS,0.4414221187492918
2022-09-21,TCS.NS,LT.NS,0.4500322277111546
2022-09-22,TCS.NS,LT.NS,0.4426626120972245
2022-09-23,TCS.NS,LT.NS,0.44511655301911485
2022-09-26,TCS.NS,LT.NS,0.4395227868117628
2022-09-27,TCS.NS,LT.NS,0.433112487961202
2022-09-28,TCS.NS,LT.NS,0.4256379250006226
2022-09-29,TCS.NS,LT.NS,0.4476944000424401
2022-09-30,TCS.NS,LT.NS,0.44624403992963746
2022-10-03,TCS.NS,LT.NS,0.463192803553952
2022-10-04,TCS.NS,LT.NS,0.49615935688153034
2022-10-06,TCS.NS,LT.NS,0.5594880817895554
2022-10-07,TCS.NS,LT.NS,0.5403442503713242
2022-10-10,TCS.NS,LT.NS,0.5114692244658688
2022-10-11,TCS.NS,LT.NS,0.5213447430028593
2022-10-12,TCS.NS,LT.NS,0.5264101984652203
2022-10-13,TCS.NS,LT.NS,0.5301938129667788
2022-10-14,TCS.NS,LT.NS,0.4987313077597453
2022-10-17,TCS.NS,LT.NS,0.4828908418218029
2022-10-18,TCS.NS,LT.NS,0.49940914228234734
2022-10-19,TCS.NS,LT.NS,0.507596619600883
2022-10-20,TCS.NS,LT.NS,0.5026871268458413
2022-10-21,TCS.NS,LT.NS,0.5073961750407995
2022-10-24,TCS.NS,LT.NS,0.4977075312080253
2022-10-25,TCS.NS,LT.NS,0.4622474693543411
2022-10-27,TCS.NS,LT.NS,0.47084410227834606
2022-10-28,TCS.NS,LT.NS,0.4729571750835084
2022-10-31,TCS.NS,LT.NS,0.48180483996066426
2022-11-01,TCS.NS,LT.NS,0.46950101373184805
2022-11-02,TCS.NS,LT.NS,0.4825367641700976
2022-11-03,TCS.NS,LT.NS,0.48923524858041484
2022-11-04,TCS.NS,LT.NS,0.48894365572544923
2022-11-07,TCS.NS,LT.NS,0.491198321797858
2022-11-09,TCS.NS,LT.NS,0.5036957571117526
2022-11-10,TCS.NS,LT.NS,0.5041002718829515
2022-11-11,TCS.NS,LT.NS,0.5166054467834218
2022-11-14,TCS.NS,LT.NS,0.5106487971305709
2022-11-15,TCS.NS,LT.NS,0.5103517724537924
2022-11-16,TCS.NS,LT.NS,0.5310552768137479
2022-11-17,TCS.NS,LT.NS,0.5335092153755792
2022-11-18,TCS.NS,LT.NS,0.5323095094718596
2022-11-21,TCS.NS,LT.NS,0.5411081581138778
2022-11-22,TCS.NS,LT.NS,0.5550084028549206
2022-11-23,TCS.NS,LT.NS,0.55046600893518
2022-11-24,TCS.NS,LT.NS,0.56418462059435
2022-11-25,TCS.NS,LT.NS,0.5520202743158514
2022-11-28,TCS.NS,LT.NS,0.528471332571391
2022-11-29,TCS.NS,LT.NS,0.5306128216988227
2022-11-30,TCS.NS,LT.NS,0.5308466684703671
2022-12-01,TCS.NS,LT.NS,0.5492258465083618
2022-12-02,TCS.NS,LT.NS,0.5543720000542588
2022-12-05,TCS.NS,LT.NS,0.5573273252578566
2022-12-06,TCS.NS,LT.NS,0.5463877848405785
2022-12-07,TCS.NS,LT.NS,0.5701569172757319
2022-12-08,TCS.NS,LT.NS,0.5351840942962223
2022-12-09,TCS.NS,LT.NS,0.5518857500819586
2022-12-12,TCS.NS,LT.NS,0.5205037558517435
2022-12-13,TCS.NS,LT.NS,0.5201496606821382
2022-12-14,TCS.NS,LT.NS,0.4878929054239092
2022-12-15,TCS.NS,LT.NS,0.5041837566944876
2022-12-16,TCS.NS,LT.NS,0.4984630069003836
2022-12-19,TCS.NS,LT.NS,0.4731324087909509
2022-12-20,TCS.NS,LT.NS,0.44978588457139984
2022-12-21,TCS.NS,LT.NS,0.42760596146353186
2022-12-22,TCS.NS,LT.NS,0.4299390046043266
2022-12-23,TCS.NS,LT.NS,0.45157439540518696
2022-12-26,TCS.NS,LT.NS,0.4598291377929983
2022-12-27,TCS.NS,LT.NS,0.444360553968079
2022-12-28,TCS.NS,LT.NS,0.44909130951746773
2022-12-29,TCS.NS,LT.NS,0.43860821836125713
2022-12-30,TCS.NS,LT.NS,0.37521862228320774
2023-01-02,TCS.NS,LT.NS,0.3785130993810049
2023-01-03,TCS.NS,LT.NS,0.3831627802263731
2023-01-04,TCS.NS,LT.NS,0.411474015575156
2023-01-05,TCS.NS,LT.NS,0.3819748479992402
2023-01-06,TCS.NS,LT.NS,0.3532572188445568
2023-01-09,TCS.NS,LT.NS,0.39913098166309574
2023-01-10,TCS.NS,LT.NS,0.42172528023865663
2023-01-11,TCS.NS,LT.NS,0.45022751050986565
2023-01-12,TCS.NS,LT.NS,0.43495078625738115
2023-01-13,TCS.NS,LT.NS,0.417886776373918
2023-01-16,TCS.NS,LT.NS,0.4069378999485195
2023-01-17,TCS.NS,LT.NS,0.41425744597627395
2023-01-18,TCS.NS,LT.NS,0.4018787946926252
2023-01-19,TCS.NS,LT.NS,0.41304979387276414
2023-01-20,TCS.NS,LT.NS,0.4181035558509849
2023-01-23,TCS.NS,LT.NS,0.39480386045743493
2023-01-24,TCS.NS,LT.NS,0.37466016906136346
2023-01-25,TCS.NS,LT.NS,0.3844181861095852
2023-01-27,TCS.NS,LT.NS,0.3849996092712236
2023-01-30,TCS.NS,LT.NS,0.35495227370546695
2023-01-31,TCS.NS,LT.NS,0.33052656640098316
2023-02-01,TCS.NS,LT.NS,0.3400425307745136
2023-02-02,TCS.NS,LT.NS,0.329705750281951
2023-02-03,TCS.NS,LT.NS,0.328781699351063
2023-02-06,TCS.NS,LT.NS,0.2941511842418322
2023-02-07,TCS.NS,LT.NS,0.30044738281368844
2023-02-08,TCS.NS,LT.NS,0.26444156351398007
2023-02-09,TCS.NS,LT.NS,0.2660804807564904
2023-02-10,TCS.NS,LT.NS,0.27079964546000457
2023-02-13,TCS.NS,LT.NS,0.22567201549321841
2023-02-14,TCS.NS,LT.NS,0.20861740158161501
2023-02-15,TCS.NS,LT.NS,0.19619299464606188
2023-02-16,TCS.NS,LT.NS,0.1941934609876842
2023-02-17,TCS.NS,LT.NS,0.11762688505097679
2023-02-20,TCS.NS,LT.NS,0.11777261524712661
2023-02-21,TCS.NS,LT.NS,0.1163322535114683
2023-02-22,TCS.NS,LT.NS,0.1431864100970678
2023-02-23,TCS.NS,LT.NS,0.13853899519867327
2023-02-24,TCS.NS,LT.NS,0.10902315591706793
2023-02-27,TCS.NS,LT.NS,0.11915009109165728
2023-02-28,TCS.NS,LT.NS,0.12051077615492825
2023-03-01,TCS.NS,LT.NS,0.1299937311016364
2023-03-02,TCS.NS,LT.NS,0.12529287420404134
2023-03-03,TCS.NS,LT.NS,0.15973248058161862
2023-03-06,TCS.NS,LT.NS,0.14378617105361058
2023-03-08,TCS.NS,LT.NS,0.15120104341555424
2023-03-09,TCS.NS,LT.NS,0.12356755536226074
2023-03-10,TCS.NS,LT.NS,0.11542933664230008
2023-03-13,TCS.NS,LT.NS,0.1180499621720715
2023-03-14,TCS.NS,LT.NS,0.10314174716860192
2023-03-15,TCS.NS,LT.NS,0.0990691899837358
2023-03-16,TCS.NS,LT.NS,0.11571660252342181
2023-03-17,TCS.NS,LT.NS,0.1209516771399035
2023-03-20,TCS.NS,LT.NS,0.12800863432638993
2023-03-21,TCS.NS,LT.NS,0.08512730939015019
2023-03-22,TCS.NS,LT.NS,0.07528248081190536
2023-03-23,TCS.NS,LT.NS,0.0730021832600493
2023-03-24,TCS.NS,LT.NS,0.07371558453694423
2023-03-27,TCS.NS,LT.NS,0.07555074849384988
2023-03-28,TCS.NS,LT.NS,0.07287426211578563
2023-03-29,TCS.NS,LT.NS,0.07776095697306734
2023-03-31,TCS.NS,LT.NS,0.09647464057304811
2023-04-03,TCS.NS,LT.NS,0.0978476629554451
2023-04-05,TCS.NS,LT.NS,0.14322478447087625
2023-04-06,TCS.NS,LT.NS,0.1402196578081693
2023-04-10,TCS.NS,LT.NS,0.10925361691372218
2023-04-11,TCS.NS,LT.NS,0.10726652646917549
2023-04-12,TCS.NS,LT.NS,0.08877305033355735
2023-04-13,TCS.NS,LT.NS,0.11130128959721607
2023-04-17,TCS.NS,LT.NS,0.14985400130833645
2023-04-18,TCS.NS,LT.NS,0.16249954212100645
2023-04-19,TCS.NS,LT.NS,0.10804304049793749
2023-04-20,TCS.NS,LT.NS,0.10105594807721756
2023-04-21,TCS.NS,LT.NS,0.08111577082970117
2023-04-24,TCS.NS,LT.NS,0.08313393480383238
2023-04-25,TCS.NS,LT.NS,0.1019138828537542
2023-04-26,TCS.NS,LT.NS,0.12635212361463394
2023-04-27,TCS.NS,LT.NS,0.12227678142256887
2023-04-28,TCS.NS,LT.NS,0.14633088904352473
2023-05-02,TCS.NS,LT.NS,0.17582485659541555
2023-05-03,TCS.NS,LT.NS,0.20801170552717654
2023-05-04,TCS.NS,LT.NS,0.18982884539875142
2023-05-05,TCS.NS,LT.NS,0.20109656302235598
2023-05-08,TCS.NS,LT.NS,0.18631260583092335
2023-05-09,TCS.NS,LT.NS,0.1839722748404566
2023-05-10,TCS.NS,LT.NS,0.18078635263775783
2023-05-11,TCS.NS,LT.NS,0.1934109665321225
2023-05-12,TCS.NS,LT.NS,0.18918675508989968
2023-05-15,TCS.NS,LT.NS,0.18198229576975286
2023-05-16,TCS.NS,LT.NS,0.21578792386594683
2023-05-17,TCS.NS,LT.NS,0.2238922510926924
2023-05-18,TCS.NS,LT.NS,0.23243891265858344
2023-05-19,TCS.NS,LT.NS,0.2325255417618826
2023-05-22,TCS.NS,LT.NS,0.30383140769417655
2023-05-23,TCS.NS,LT.NS,0.30244465484776284
2023-05-24,TCS.NS,LT.NS,0.3044863492627304
2023-05-25,TCS.NS,LT.NS,0.28229042310365654
2023-05-26,TCS.NS,LT.NS,0.29963638114521185
2023-05-29,TCS.NS,LT.NS,0.29602984828156353
2023-05-30,TCS.NS,LT.NS,0.28070021485199026
2023-05-31,TCS.NS,LT.NS,0.28103925637394084
2023-06-01,TCS.NS,LT.NS,0.28410333419757045
2023-06-02,TCS.NS,LT.NS,0.2877310478718633
2023-06-05,TCS.NS,LT.NS,0.26686973250472235
2023-06-06,TCS.NS,LT.NS,0.26302788233579455
2023-06-07,TCS.NS,LT.NS,0.27615768118169987
2023-06-08,TCS.NS,LT.NS,0.28296001408859417
2023-06-09,TCS.NS,LT.NS,0.27328562790034205
2023-06-12,TCS.NS,LT.NS,0.23228013340003342
2023-06-13,TCS.NS,LT.NS,0.2496094113663973
2023-06-14,TCS.NS,LT.NS,0.26227120651282676
2023-06-15,TCS.NS,LT.NS,0.2600771850830772
2023-06-16,TCS.NS,LT.NS,0.25785909716194727
2023-06-19,TCS.NS,LT.NS,0.2412936166662091
2023-06-20,TCS.NS,LT.NS,0.27251690793937877
2023-06-21,TCS.NS,LT.NS,0.27532017540946935
2023-06-22,TCS.NS,LT.NS,0.2645189923443459
2023-06-23,TCS.NS,LT.NS,0.274558670283357
2023-06-26,TCS.NS,LT.NS,0.28119591816252604
2023-06-27,TCS.NS,LT.NS,0.2796500463884321
2023-06-28,TCS.NS,LT.NS,0.28257029220752733
2023-06-30,TCS.NS,LT.NS,0.3269423892739201
2023-07-03,TCS.NS,LT.NS,0.33679433201513836
2023-07-04,TCS.NS,LT.NS,0.3023616003406972
2023-07-05,TCS.NS,LT.NS,0.31027400084490414
2023-07-06,TCS.NS,LT.NS,0.2911198349768625
2023-07-07,TCS.NS,LT.NS,0.27809518379713477
2023-07-10,TCS.NS,LT.NS,0.2946501181148479
2023-07-11,TCS.NS,LT.NS,0.2654514503390615
2023-07-12,TCS.NS,LT.NS,0.22943152391280386
2023-07-13,TCS.NS,LT.NS,0.20405058510005486
2023-07-14,TCS.NS,LT.NS,0.21673204968298512
2023-07-17,TCS.NS,LT.NS,0.21804245130061436
2023-07-18,TCS.NS,LT.NS,0.24312648834050246
2023-07-19,TCS.NS,LT.NS,0.2329022843816831
2023-07-20,TCS.NS,LT.NS,0.23499538947311766
2023-07-21,TCS.NS,LT.NS,0.0797016734412814
2023-07-24,TCS.NS,LT.NS,0.08936911365960291
2023-07-25,TCS.NS,LT.NS,0.06686222423398716
2023-07-26,TCS.NS,LT.NS,0.049064058220576995
2023-07-27,TCS.NS,LT.NS,0.029638080279458603
2023-07-28,TCS.NS,LT.NS,0.04098166425648954
2023-07-31,TCS.NS,LT.NS,0.05887497411385051
2023-08-01,TCS.NS,LT.NS,0.05622259461874739
2023-08-02,TCS.NS,LT.NS,0.0581580123783508
2023-08-03,TCS.NS,LT.NS,0.07269343507840835
2023-08-04,TCS.NS,LT.NS,0.08315817137691847
2023-08-07,TCS.NS,LT.NS,0.07859162139512975
2023-08-08,TCS.NS,LT.NS,0.08993999267124515
2023-08-09,TCS.NS,LT.NS,0.08814636555244851
2023-08-10,TCS.NS,LT.NS,0.08085864222157428
2023-08-11,TCS.NS,LT.NS,0.07249288298829916
2023-08-14,TCS.NS,LT.NS,0.07382391497813004
2023-08-16,TCS.NS,LT.NS,0.05060171664206075
2023-08-17,TCS.NS,LT.NS,0.06561938179718861
2023-08-18,TCS.NS,LT.NS,0.08604131615412754
2023-08-21,TCS.NS,LT.NS,0.09393334450015954
2023-08-22,TCS.NS,LT.NS,0.08799086380480363
2023-08-23,TCS.NS,LT.NS,0.09292913584024459
2023-08-24,TCS.NS,LT.NS,0.09668481807566588
2023-08-25,TCS.NS,LT.NS,0.0946877782215247
2023-08-28,TCS.NS,LT.NS,0.09082206307912097
2023-08-29,TCS.NS,LT.NS,0.09762407885241502
2023-08-30,TCS.NS,LT.NS,0.10354229699399413
2023-08-31,TCS.NS,LT.NS,0.11476028516249254
2023-09-01,TCS.NS,LT.NS,0.09269848343101393
2023-09-04,TCS.NS,LT.NS,0.10746235049690916
2023-09-05,TCS.NS,LT.NS,0.11852841075172126
2023-09-06,TCS.NS,LT.NS,0.13875449961980088
2023-09-07,TCS.NS,LT.NS,0.15530291098790297
2023-09-08,TCS.NS,LT.NS,0.14364955669890214
2023-09-11,TCS.NS,LT.NS,0.13469538213738555
2023-09-12,TCS.NS,LT.NS,0.16835552303666318
2023-09-13,TCS.NS,LT.NS,0.18102064852977512
2023-09-14,TCS.NS,LT.NS,0.1797076035150516
2023-09-15,TCS.NS,LT.NS,0.17051257287765537
2023-09-18,TCS.NS,LT.NS,0.17645645810357588
2023-09-20,TCS.NS,LT.NS,0.16604861354843872
2023-09-21,TCS.NS,LT.NS,0.15732708021309505
2023-09-22,TCS.NS,LT.NS,0.1581816655253813
2023-09-25,TCS.NS,LT.NS,0.16290442880236344
2023-09-26,TCS.NS,LT.NS,0.11414579753334604
2023-09-27,TCS.NS,LT.NS,0.09810251055841955
2023-09-28,TCS.NS,LT.NS,0.07445870438504616
2023-09-29,TCS.NS,LT.NS,0.07405584729070003
2023-10-03,TCS.NS,LT.NS,0.06549285410723094
2023-10-04,TCS.NS,LT.NS,0.054879443768711636
2023-10-05,TCS.NS,LT.NS,0.06509167975347527
2023-10-06,TCS.NS,LT.NS,0.06304612769671018
2023-10-09,TCS.NS,LT.NS,0.051915598367083614
2023-10-10,TCS.NS,LT.NS,0.0724866793685285
2023-10-11,TCS.NS,LT.NS,0.05099148586736748
2023-10-12,TCS.NS,LT.NS,0.06129839700041097
2023-10-13,TCS.NS,LT.NS,0.059649604208242724
2023-10-16,TCS.NS,LT.NS,0.06350949488487684
2023-10-17,TCS.NS,LT.NS,0.07406219169396276
2023-10-18,TCS.NS,LT.NS,0.2565936684909603
2023-10-19,TCS.NS,LT.NS,0.25181357394695264
2023-10-20,TCS.NS,LT.NS,0.2239581422198854
2023-10-23,TCS.NS,LT.NS,0.31622846203921373
2023-10-25,TCS.NS,LT.NS,0.3240136044853275
2023-10-26,TCS.NS,LT.NS,0.3497126956302342
2023-10-27,TCS.NS,LT.NS,0.337202736340837
2023-10-30,TCS.NS,LT.NS,0.35708081543894604
2023-10-31,TCS.NS,LT.NS,0.3552389408071392
2023-11-01,TCS.NS,LT.NS,0.3575332008233604
2023-11-02,TCS.NS,LT.NS,0.3512943798023409
2023-11-03,TCS.NS,LT.NS,0.3543874980339385
2023-11-06,TCS.NS,LT.NS,0.3704923243853153
2023-11-07,TCS.NS,LT.NS,0.3743408300553073
2023-11-08,TCS.NS,LT.NS,0.37450231988796606
2023-11-09,TCS.NS,LT.NS,0.3609362658515105
2023-11-10,TCS.NS,LT.NS,0.3602302647648659
2023-11-13,TCS.NS,LT.NS,0.35790935176442995
2023-11-15,TCS.NS,LT.NS,0.34311090431866376
2023-11-16,TCS.NS,LT.NS,0.2863554875763475
2023-11-17,TCS.NS,LT.NS,0.2788359378024781
2023-11-20,TCS.NS,LT.NS,0.2761056401692636
2023-11-21,TCS.NS,LT.NS,0.2740381698322007
2023-11-22,TCS.NS,LT.NS,0.26948806237747014
2023-11-23,TCS.NS,LT.NS,0.279013289408451
2023-11-24,TCS.NS,LT.NS,0.2858439698714902
2023-11-28,TCS.NS,LT.NS,0.28487977222739086
2023-11-29,TCS.NS,LT.NS,0.3000100609991009
2023-11-30,TCS.NS,LT.NS,0.28637078960087314
2023-12-01,TCS.NS,LT.NS,0.2996374117811006
2023-12-04,TCS.NS,LT.NS,0.279360593848682
2023-12-05,TCS.NS,LT.NS,0.2756897063504729
2023-12-06,TCS.NS,LT.NS,0.3113013449779096
2023-12-07,TCS.NS,LT.NS,0.2970688210604363
2023-12-08,TCS.NS,LT.NS,0.3147896282743356
2023-12-11,TCS.NS,LT.NS,0.3250943547643791
2023-12-12,TCS.NS,LT.NS,0.26640987113841363
2023-12-13,TCS.NS,LT.NS,0.200853991254112
2023-12-14,TCS.NS,LT.NS,0.2142102973202542
2023-12-15,TCS.NS,LT.NS,0.2653102698878771
2023-12-18,TCS.NS,LT.NS,0.26554946651716416
2023-12-19,TCS.NS,LT.NS,0.2658960191763248
2023-12-20,TCS.NS,LT.NS,0.28526371649864685
2023-12-21,TCS.NS,LT.NS,0.2838302525220041
2023-12-22,TCS.NS,LT.NS,0.28659328769328885
2023-12-26,TCS.NS,LT.NS,0.28504211322653017
2023-12-27,TCS.NS,LT.NS,0.290379358690416
2023-12-28,TCS.NS,LT.NS,0.3218879528425015
2023-12-29,TCS.NS,LT.NS,0.3229136849407282
2024-01-01,TCS.NS,LT.NS,0.3347503747846518
2024-01-02,TCS.NS,LT.NS,0.3621697867542779
2024-01-03,TCS.NS,LT.NS,0.334611988030586
2024-01-04,TCS.NS,LT.NS,0.3345776387344743
2024-01-05,TCS.NS,LT.NS,0.36200495222142154
2024-01-08,TCS.NS,LT.NS,0.369707944119085
2024-01-09,TCS.NS,LT.NS,0.37147007174100005
2024-01-10,TCS.NS,LT.NS,0.3649505008094496
2024-01-11,TCS.NS,LT.NS,0.35382395563169067
2024-01-12,TCS.NS,LT.NS,0.3909977708868801
2024-01-15,TCS.NS,LT.NS,0.3809877458590815
2024-01-16,TCS.NS,LT.NS,0.36559455840421123
2024-01-17,TCS.NS,LT.NS,0.3650230992289675
2024-01-18,TCS.NS,LT.NS,0.3883406032886123
2024-01-19,TCS.NS,LT.NS,0.36237326039189804
2024-01-23,TCS.NS,LT.NS,0.3989970610167151
2024-01-24,TCS.NS,LT.NS,0.3683476593479463
2024-01-25,TCS.NS,LT.NS,0.36918684810640034
2024-01-29,TCS.NS,LT.NS,0.3384171862853265
2024-01-30,TCS.NS,LT.NS,0.3329855513725817
2024-01-31,TCS.NS,LT.NS,0.2832921209873093
2024-02-01,TCS.NS,LT.NS,0.25535542979000214
2024-02-02,TCS.NS,LT.NS,0.22461063259690242
2024-02-05,TCS.NS,LT.NS,0.21857066788758509
2024-02-06,TCS.NS,LT.NS,0.26562545164641527
2024-02-07,TCS.NS,LT.NS,0.27661538747240366
2024-02-08,TCS.NS,LT.NS,0.2690405188199468
2024-02-09,TCS.NS,LT.NS,0.2714805283705933
2024-02-12,TCS.NS,LT.NS,0.2764773309570787
2024-02-13,TCS.NS,LT.NS,0.27567416558710894
2024-02-14,TCS.NS,LT.NS,0.2976537208148487
2024-02-15,TCS.NS,LT.NS,0.3038525450004228
2024-02-16,TCS.NS,LT.NS,0.30510963209893854
2024-02-19,TCS.NS,LT.NS,0.3102157870482479
2024-02-20,TCS.NS,LT.NS,0.299162844658403
2024-02-21,TCS.NS,LT.NS,0.3052909245364179
2024-02-22,TCS.NS,LT.NS,0.3310408292281883
2024-02-23,TCS.NS,LT.NS,0.3247494576259691
2024-02-26,TCS.NS,LT.NS,0.2874292183892574
2024-02-27,TCS.NS,LT.NS,0.3005867166505412
2024-02-28,TCS.NS,LT.NS,0.2978182216155522
2024-02-29,TCS.NS,LT.NS,0.31936533005202494
2024-03-01,TCS.NS,LT.NS,0.28940829286072517
2024-03-04,TCS.NS,LT.NS,0.26817126384440726
2024-03-05,TCS.NS,LT.NS,0.27949074817676545
2024-03-06,TCS.NS,LT.NS,0.28298962258943794
2024-03-07,TCS.NS,LT.NS,0.2865338988848219
2024-03-11,TCS.NS,LT.NS,0.2926622615370269
2024-03-12,TCS.NS,LT.NS,0.3194156237254058
2024-03-13,TCS.NS,LT.NS,0.32652881569986064
2024-03-14,TCS.NS,LT.NS,0.316757755473198
2024-03-15,TCS.NS,LT.NS,0.3108539686152519
2024-03-18,TCS.NS,LT.NS,0.30137767449616293
2024-03-19,TCS.NS,LT.NS,0.3176265727543866
2024-03-20,TCS.NS,LT.NS,0.3171145054549779
2024-03-21,TCS.NS,LT.NS,0.3083925297183201
2024-03-22,TCS.NS,LT.NS,0.28676402153461383
2024-03-26,TCS.NS,LT.NS,0.27345017244603076
2024-03-27,TCS.NS,LT.NS,0.26397880231663334
2024-03-28,TCS.NS,LT.NS,0.27058454081975863
2024-04-01,TCS.NS,LT.NS,0.2798840433752276
2024-04-02,TCS.NS,LT.NS,0.2764180672844194
2024-04-03,TCS.NS,LT.NS,0.26884988593872267
2024-04-04,TCS.NS,LT.NS,0.2722769603374949
2024-04-05,TCS.NS,LT.NS,0.2620751969276285
2024-04-08,TCS.NS,LT.NS,0.250650333036133
2024-04-09,TCS.NS,LT.NS,0.2537169646887287
2024-04-10,TCS.NS,LT.NS,0.24826809966132243
2024-04-12,TCS.NS,LT.NS,0.246203311413419
2024-04-15,TCS.NS,LT.NS,0.23311039383400017
2024-04-16,TCS.NS,LT.NS,0.25274723232552887
2024-04-18,TCS.NS,LT.NS,0.2611863072609708
2024-04-19,TCS.NS,LT.NS,0.2665927889203271
2024-04-22,TCS.NS,LT.NS,0.27751560551501997
2024-04-23,TCS.NS,LT.NS,0.2647392340312051
2024-04-24,TCS.NS,LT.NS,0.225227321464462
2024-04-25,TCS.NS,LT.NS,0.23099942142864527
2024-04-26,TCS.NS,LT.NS,0.23859815198861575
2024-04-29,TCS.NS,LT.NS,0.25918308811358115
2024-04-30,TCS.NS,LT.NS,0.2702298522688671
2024-05-02,TCS.NS,LT.NS,0.30204923504689646
2024-05-03,TCS.NS,LT.NS,0.33281534986035777
2024-05-06,TCS.NS,LT.NS,0.3371968324154665
2024-05-07,TCS.NS,LT.NS,0.3219770026510132
2024-05-08,TCS.NS,LT.NS,0.2619496880956919
2024-05-09,TCS.NS,LT.NS,0.24295964969734346
2024-05-10,TCS.NS,LT.NS,0.26374353998310585
2024-05-13,TCS.NS,LT.NS,0.2688854996369641
2024-05-14,TCS.NS,LT.NS,0.238214485376646
2024-05-15,TCS.NS,LT.NS,0.23150437582445718
2024-05-16,TCS.NS,LT.NS,0.24029782708746492
2024-05-17,TCS.NS,LT.NS,0.2421644002744031
2024-05-21,TCS.NS,LT.NS,0.2336328924571721
2024-05-22,TCS.NS,LT.NS,0.23105425949188074
2024-05-23,TCS.NS,LT.NS,0.2737564934111647
2024-05-24,TCS.NS,LT.NS,0.2530555372730546
2024-05-27,TCS.NS,LT.NS,0.22626826645773476
2024-05-28,TCS.NS,LT.NS,0.23087751166805504
2024-05-29,TCS.NS,LT.NS,0.26354532774937206
2024-05-30,TCS.NS,LT.NS,0.2501409241243177
2024-05-31,TCS.NS,LT.NS,0.2405160418955804
2024-06-03,TCS.NS,LT.NS,0.26343804517740377
2024-06-04,TCS.NS,LT.NS,0.16230519203177998
2024-06-05,TCS.NS,LT.NS,0.1633398143959242
2024-06-06,TCS.NS,LT.NS,0.18145688539684118
2024-06-07,TCS.NS,LT.NS,0.1875786419319169
2024-06-10,TCS.NS,LT.NS,0.18047637824946794
2024-06-11,TCS.NS,LT.NS,0.181861424791122
2024-06-12,TCS.NS,LT.NS,0.18841544727231285
2024-06-13,TCS.NS,LT.NS,0.19026833915272542
2024-06-14,TCS.NS,LT.NS,0.17911013423533823
2024-06-18,TCS.NS,LT.NS,0.18535923833149054
2024-06-19,TCS.NS,LT.NS,0.1940341569758974
2024-06-20,TCS.NS,LT.NS,0.169135875707243
2024-06-21,TCS.NS,LT.NS,0.16047133280520237
2024-06-24,TCS.NS,LT.NS,0.15978620539455124
2024-06-25,TCS.NS,LT.NS,0.1841654356535389
2024-06-26,TCS.NS,LT.NS,0.19455698193485382
2024-06-27,TCS.NS,LT.NS,0.18286948288910637
2024-06-28,TCS.NS,LT.NS,0.1767714139758887
2024-07-01,TCS.NS,LT.NS,0.155229748598331
2024-07-02,TCS.NS,LT.NS,0.16620824198049985
2024-07-03,TCS.NS,LT.NS,0.1758665399181476
2024-07-04,TCS.NS,LT.NS,0.16213699532058393
2024-07-05,TCS.NS,LT.NS,0.15428693893460627
2024-07-08,TCS.NS,LT.NS,0.15646947259640695
2024-07-09,TCS.NS,LT.NS,0.1529235013671301
2024-07-10,TCS.NS,LT.NS,0.16036453815418536
2024-07-11,TCS.NS,LT.NS,0.16464237982255503
2024-07-12,TCS.NS,LT.NS,0.1407419309271189
2024-07-15,TCS.NS,LT.NS,0.12721451454540134
2024-07-16,TCS.NS,LT.NS,0.12735696895731688
2024-07-18,TCS.NS,LT.NS,0.12429991957196372
2024-07-19,TCS.NS,LT.NS,0.11681815542828214
2024-07-22,TCS.NS,LT.NS,0.11419688563672965
2024-07-23,TCS.NS,LT.NS,0.11555528955255201
2024-07-24,TCS.NS,LT.NS,0.11509054392521977
2024-07-25,TCS.NS,LT.NS,0.11006030955873336
2024-07-26,TCS.NS,LT.NS,0.11588778771897573
2024-07-29,TCS.NS,LT.NS,0.10214205847749304
2024-07-30,TCS.NS,LT.NS,0.10184385230001253
2024-07-31,TCS.NS,LT.NS,0.09285984189606612
2024-08-01,TCS.NS,LT.NS,0.10531537573418415
2024-08-02,TCS.NS,LT.NS,0.15255215519897028
2024-08-05,TCS.NS,LT.NS,0.20160698691259615
2024-08-06,TCS.NS,LT.NS,0.19854436406988019
2024-08-07,TCS.NS,LT.NS,0.2015995791910371
2024-08-08,TCS.NS,LT.NS,0.2074160643306148
2024-08-09,TCS.NS,LT.NS,0.23093923291479712
2024-08-12,TCS.NS,LT.NS,0.23665392893696735
2024-08-13,TCS.NS,LT.NS,0.23121286563452245
2024-08-14,TCS.NS,LT.NS,0.22370865154844966
2024-08-16,TCS.NS,LT.NS,0.2240643786254551
2024-08-19,TCS.NS,LT.NS,0.2191104430591867
2024-08-20,TCS.NS,LT.NS,0.2023763959437281
2024-08-21,TCS.NS,LT.NS,0.21291808072260193
2024-08-22,TCS.NS,LT.NS,0.21099082602373684
2024-08-23,TCS.NS,LT.NS,0.21179543488301125
2024-08-26,TCS.NS,LT.NS,0.21176382154620674
2024-08-27,TCS.NS,LT.NS,0.2102694032529502
2024-08-28,TCS.NS,LT.NS,0.22400601385965735
2024-08-29,TCS.NS,LT.NS,0.2218924143525033
2024-08-30,TCS.NS,LT.NS,0.3443376351767234
2024-09-02,TCS.NS,LT.NS,0.34884604427503046
2024-09-03,TCS.NS,LT.NS,0.32610758684211133
2024-09-04,TCS.NS,LT.NS,0.3219533633743316
2024-09-05,TCS.NS,LT.NS,0.3276604673350502
2024-09-06,TCS.NS,LT.NS,0.3419231144912375
2024-09-09,TCS.NS,LT.NS,0.34949364303973074
2024-09-10,TCS.NS,LT.NS,0.34298083562868076
2024-09-11,TCS.NS,LT.NS,0.3489072361782258
2024-09-12,TCS.NS,LT.NS,0.3526075313547128
2024-09-13,TCS.NS,LT.NS,0.34951355407522916
2024-09-16,TCS.NS,LT.NS,0.3475197129196303
2024-09-17,TCS.NS,LT.NS,0.3524259402603102
2024-09-18,TCS.NS,LT.NS,0.3029429866804055
2024-09-19,TCS.NS,LT.NS,0.3125701584670369
2024-09-20,TCS.NS,LT.NS,0.289127892688661
2024-09-23,TCS.NS,LT.NS,0.3136974137589158
2024-09-24,TCS.NS,LT.NS,0.3108607804176109
2024-09-25,TCS.NS,LT.NS,0.32645221325607177
2024-09-26,TCS.NS,LT.NS,0.3145273726283235
2024-09-27,TCS.NS,LT.NS,0.3055434406039882
2024-09-30,TCS.NS,LT.NS,0.328449817033802
2024-10-01,TCS.NS,LT.NS,0.33377024019729434
2024-10-03,TCS.NS,LT.NS,0.35561226270404894
2024-10-04,TCS.NS,LT.NS,0.359415932561643
2024-10-07,TCS.NS,LT.NS,0.35706448024708387
2024-10-08,TCS.NS,LT.NS,0.34401216766185144
2024-10-09,TCS.NS,LT.NS,0.374850613667617
2024-10-10,TCS.NS,LT.NS,0.37855377752848984
2024-10-11,TCS.NS,LT.NS,0.35725884846736217
2024-10-14,TCS.NS,LT.NS,0.3518703285765426
2024-10-15,TCS.NS,LT.NS,0.3529425965997311
2024-10-16,TCS.NS,LT.NS,0.3587184266231446
2024-10-17,TCS.NS,LT.NS,0.38994821564821347
2024-10-18,TCS.NS,LT.NS,0.3914832089690234
2024-10-21,TCS.NS,LT.NS,0.38622814839818326
2024-10-22,TCS.NS,LT.NS,0.3875901791358487
2024-10-23,TCS.NS,LT.NS,0.368091729409845
2024-10-24,TCS.NS,LT.NS,0.3700950998907363
2024-10-25,TCS.NS,LT.NS,0.337534335402528
2024-10-28,TCS.NS,LT.NS,0.34546150682128957
2024-10-29,TCS.NS,LT.NS,0.2840615606070088
2024-10-30,TCS.NS,LT.NS,0.18415739132353628
2024-10-31,TCS.NS,LT.NS,-0.04456066929238231
2024-11-01,TCS.NS,LT.NS,-0.05898723949591001
2024-11-04,TCS.NS,LT.NS,-0.06806010533870233
2024-11-05,TCS.NS,LT.NS,-0.08644658295553462
2024-11-06,TCS.NS,LT.NS,0.0014410190926013578
2024-11-07,TCS.NS,LT.NS,0.0016293925119393341
2024-11-08,TCS.NS,LT.NS,0.00729863332093904
2024-11-11,TCS.NS,LT.NS,-0.022890766478889723
2024-11-12,TCS.NS,LT.NS,-0.016362461290636718
2024-11-13,TCS.NS,LT.NS,-0.007669444915338914
2024-11-14,TCS.NS,LT.NS,-0.013311264486149667
2024-11-18,TCS.NS,LT.NS,-0.02339534956898463
2024-11-19,TCS.NS,LT.NS,-0.0313187699981595
2024-11-21,TCS.NS,LT.NS,-0.050213647837562624
2024-11-22,TCS.NS,LT.NS,0.08840410413888287
2024-11-25,TCS.NS,LT.NS,0.14129778662314338
2024-11-26,TCS.NS,LT.NS,0.12995332474238244
2024-11-27,TCS.NS,LT.NS,0.12657468068583663
2024-11-28,TCS.NS,LT.NS,0.13490822733136335
2024-11-29,TCS.NS,LT.NS,0.14237330565517714
2024-12-02,TCS.NS,LT.NS,0.1363435903340624
2024-12-03,TCS.NS,LT.NS,0.1455893341704311
2024-12-04,TCS.NS,LT.NS,0.1408494177348189
2024-12-05,TCS.NS,LT.NS,0.15464301139361092
2024-12-06,TCS.NS,LT.NS,0.14945593136721055
2024-12-09,TCS.NS,LT.NS,0.14318871856705917
2024-12-10,TCS.NS,LT.NS,0.13327889711024657
2024-12-11,TCS.NS,LT.NS,0.13392476741601503
2024-12-12,TCS.NS,LT.NS,0.12744998520377138
2024-12-13,TCS.NS,LT.NS,0.1304335097949624
2024-12-16,TCS.NS,LT.NS,0.1665066822159084
2024-12-17,TCS.NS,LT.NS,0.180863442221817
2024-12-18,TCS.NS,LT.NS,0.18723159789582902
2024-12-19,TCS.NS,LT.NS,0.19869615122874473
2024-12-20,TCS.NS,LT.NS,0.23135971218729315
2024-12-23,TCS.NS,LT.NS,0.23044114261464807
2024-12-24,TCS.NS,LT.NS,0.2335607136682747
2024-12-26,TCS.NS,LT.NS,0.24026594045166885
2024-12-27,TCS.NS,LT.NS,0.23623613539357013
2024-12-30,TCS.NS,LT.NS,0.2391480963601459
2024-12-31,TCS.NS,LT.NS,0.19955358696995137
2025-01-01,TCS.NS,LT.NS,0.2046986946827387
2025-01-02,TCS.NS,LT.NS,0.21994814793671377
2025-01-03,TCS.NS,LT.NS,0.2447784581389558
2025-01-06,TCS.NS,LT.NS,0.24546376862003405
2025-01-07,TCS.NS,LT.NS,0.22665623832534523
2025-01-08,TCS.NS,LT.NS,0.211151239079914
2025-01-09,TCS.NS,LT.NS,0.23812828549725248
2025-01-10,TCS.NS,LT.NS,0.219657736193564
2025-01-13,TCS.NS,LT.NS,0.20791329058569435
2025-01-14,TCS.NS,LT.NS,0.205589977040221
2025-01-15,TCS.NS,LT.NS,0.20651988821963776
2025-01-16,TCS.NS,LT.NS,0.20685213208856745
2025-01-17,TCS.NS,LT.NS,0.1841951429094339
2025-01-20,TCS.NS,LT.NS,0.19411252035604873
2025-01-21,TCS.NS,LT.NS,0.20158884027997737
2025-01-22,TCS.NS,LT.NS,0.19335985158308402
2025-01-23,TCS.NS,LT.NS,0.19304584540007122
2025-01-24,TCS.NS,LT.NS,0.1953483674067106
2025-01-27,TCS.NS,LT.NS,0.19281201477490997
2025-01-28,TCS.NS,LT.NS,0.3846683042567481
2025-01-29,TCS.NS,LT.NS,0.3920479380534155
2025-01-30,TCS.NS,LT.NS,0.3889412502591678
2025-01-31,TCS.NS,LT.NS,0.36445870161832666
2025-02-01,TCS.NS,LT.NS,0.33714527536733696
2025-02-03,TCS.NS,LT.NS,0.3173838272185055
2025-02-04,TCS.NS,LT.NS,0.32448587255949973
2025-02-05,TCS.NS,LT.NS,0.3346636195489132
2025-02-06,TCS.NS,LT.NS,0.3357221713337036
2025-02-07,TCS.NS,LT.NS,0.3313068516620782
2025-02-10,TCS.NS,LT.NS,0.33095811543399667
2025-02-11,TCS.NS,LT.NS,0.3747902954222864
2025-02-12,TCS.NS,LT.NS,0.37207814499067626
2025-02-13,TCS.NS,LT.NS,0.37903502268879774
2025-02-14,TCS.NS,LT.NS,0.30764658023389757
2025-02-17,TCS.NS,LT.NS,0.2715349540865602
2025-02-18,TCS.NS,LT.NS,0.2813827322625056
2025-02-19,TCS.NS,LT.NS,0.24089422750796813
2025-02-20,TCS.NS,LT.NS,0.23495261922954513
2025-02-21,TCS.NS,LT.NS,0.22931281475920856
2025-02-24,TCS.NS,LT.NS,0.2529085367547727
2025-02-25,TCS.NS,LT.NS,0.24728578702171986
2025-02-27,TCS.NS,LT.NS,0.24619138956849063
2025-02-28,TCS.NS,LT.NS,0.24226030861668454
2025-03-03,TCS.NS,LT.NS,0.24874764516674389
2025-03-04,TCS.NS,LT.NS,0.2510632610358522
2025-03-05,TCS.NS,LT.NS,0.2558652135237059
2025-03-06,TCS.NS,LT.NS,0.26431942230399896
2025-03-07,TCS.NS,LT.NS,0.27356904268218135
2025-03-10,TCS.NS,LT.NS,0.27016801013679537
2025-03-11,TCS.NS,LT.NS,0.27061405549132406
2025-03-12,TCS.NS,LT.NS,0.25065672556803886
2025-03-13,TCS.NS,LT.NS,0.25814427832747544
2025-03-17,TCS.NS,LT.NS,0.25156753125939996
2025-03-18,TCS.NS,LT.NS,0.22543993287766131
2025-03-19,TCS.NS,LT.NS,0.21706940103308414
2025-03-20,TCS.NS,LT.NS,0.22876499911735745
2025-03-21,TCS.NS,LT.NS,0.23480049576665357
2025-03-24,TCS.NS,LT.NS,0.25276368632183166
2025-03-25,TCS.NS,LT.NS,0.2502264753382371
2025-03-26,TCS.NS,LT.NS,0.2625015981727972
2025-03-27,TCS.NS,LT.NS,0.26240625909646825
2025-03-28,TCS.NS,LT.NS,0.2508917094534152
2025-04-01,TCS.NS,LT.NS,0.2501172355596448
2025-04-02,TCS.NS,LT.NS,0.2524716387031842
2025-04-03,TCS.NS,LT.NS,0.25078052182922683
2025-04-04,TCS.NS,LT.NS,0.3332723629701862
2025-04-07,TCS.NS,LT.NS,0.31228509982630237
2025-04-08,TCS.NS,LT.NS,0.35894161794936147
2025-04-09,TCS.NS,LT.NS,0.38777988696723975
2025-04-11,TCS.NS,LT.NS,0.3855827552076607
2025-04-15,TCS.NS,LT.NS,0.3908076760331524
2025-04-16,TCS.NS,LT.NS,0.38338108252897835
2025-04-17,TCS.NS,LT.NS,0.3858062038913344
2025-04-21,TCS.NS,LT.NS,0.3960587763483085
2025-04-22,TCS.NS,LT.NS,0.3918226216789191
2025-04-23,TCS.NS,LT.NS,0.4322691757630245
2025-04-24,TCS.NS,LT.NS,0.43248012275065273
2025-04-25,TCS.NS,LT.NS,0.42290214520106434
2025-04-28,TCS.NS,LT.NS,0.42959236235679976
2025-04-29,TCS.NS,LT.NS,0.4248874194849008
2025-04-30,TCS.NS,LT.NS,0.4189114295356679
2025-05-02,TCS.NS,LT.NS,0.42119904205976766
2025-05-05,TCS.NS,LT.NS,0.4190017704838251
2025-05-06,TCS.NS,LT.NS,0.41483113679472006
2025-05-07,TCS.NS,LT.NS,0.4416324991251235
2025-05-08,TCS.NS,LT.NS,0.4272537530882283
2025-05-09,TCS.NS,LT.NS,0.4149822542586041
2025-05-12,TCS.NS,LT.NS,0.48739187103999343
2025-05-13,TCS.NS,LT.NS,0.48306939107620483
2025-05-14,TCS.NS,LT.NS,0.4822057347380734
2025-05-15,TCS.NS,LT.NS,0.4716531996487037
2025-05-16,TCS.NS,LT.NS,0.4760811270613616
2025-05-19,TCS.NS,LT.NS,0.47327700215199214
2025-05-20,TCS.NS,LT.NS,0.4816028413610557
2025-05-21,TCS.NS,LT.NS,0.4808317205233524
2025-05-22,TCS.NS,LT.NS,0.48547715595124596
2025-05-23,TCS.NS,LT.NS,0.523057298489312
2025-05-26,TCS.NS,LT.NS,0.5256407239992325
2025-05-27,TCS.NS,LT.NS,0.525771777066881
2025-05-28,TCS.NS,LT.NS,0.5124844539538151
2025-05-29,TCS.NS,LT.NS,0.5080606239565105
2025-05-30,TCS.NS,LT.NS,0.5032641933993752
2025-06-02,TCS.NS,LT.NS,0.4939862773558832
2025-06-03,TCS.NS,LT.NS,0.49208244333459195
2025-06-04,TCS.NS,LT.NS,0.4912487268005741
2025-06-05,TCS.NS,LT.NS,0.48968866366053054
2025-06-06,TCS.NS,LT.NS,0.49125029109292623
2025-06-09,TCS.NS,LT.NS,0.49362816858389735
2025-06-10,TCS.NS,LT.NS,0.4868162312802683
2025-06-11,TCS.NS,LT.NS,0.4874886726379228
2025-06-12,TCS.NS,LT.NS,0.49979651632270694
2025-06-13,TCS.NS,LT.NS,0.4979564221029361
2025-06-16,TCS.NS,LT.NS,0.5003541101300701
2025-06-17,TCS.NS,LT.NS,0.49798312678910445
2025-06-18,TCS.NS,LT.NS,0.5282411290180394
2025-06-19,TCS.NS,LT.NS,0.5230938430315182
2025-06-20,TCS.NS,LT.NS,0.5233943953342076
2025-06-23,TCS.NS,LT.NS,0.5220531597689632
2025-06-24,TCS.NS,LT.NS,0.5267746537351722
2025-06-25,TCS.NS,LT.NS,0.5221971476502234
2025-06-26,TCS.NS,LT.NS,0.5191979300940682
2025-06-27,TCS.NS,LT.NS,0.5192781680450869
2025-06-30,TCS.NS,LT.NS,0.5068392942961932
2025-07-01,TCS.NS,LT.NS,0.5062377123737042
2025-07-02,TCS.NS,LT.NS,0.5405701918845025
2025-07-03,TCS.NS,LT.NS,0.47965989296370004
2025-07-04,TCS.NS,LT.NS,0.5033827294609375
2025-07-07,TCS.NS,LT.NS,0.5088857971233725
2025-07-08,TCS.NS,LT.NS,0.48625598039067575
2025-07-09,TCS.NS,LT.NS,0.5125010009039497
2025-07-10,TCS.NS,LT.NS,0.5558028647885396
2025-07-11,TCS.NS,LT.NS,0.5796768610060578
2025-07-14,TCS.NS,LT.NS,0.5876897779162529
2025-07-15,TCS.NS,LT.NS,0.5796310287206687
2025-07-16,TCS.NS,LT.NS,0.5798483561713064
2025-07-17,TCS.NS,LT.NS,0.571735905329055
2025-07-18,TCS.NS,LT.NS,0.5726827069657934
2025-07-21,TCS.NS,LT.NS,0.5848802377743529
2025-07-22,TCS.NS,LT.NS,0.587025525283353
2025-07-23,TCS.NS,LT.NS,0.5956566061160377
2025-07-24,TCS.NS,LT.NS,0.60042074568028
2025-07-25,TCS.NS,LT.NS,0.5981997583315231
2025-07-28,TCS.NS,LT.NS,0.6060941337312165
2025-07-29,TCS.NS,LT.NS,0.5714427027150613
2025-07-30,TCS.NS,LT.NS,0.5039405250366853
2025-07-31,TCS.NS,LT.NS,0.5056581637506555
2025-08-01,TCS.NS,LT.NS,0.5502499901240392
2025-08-04,TCS.NS,LT.NS,0.41778795997295637
2025-08-05,TCS.NS,LT.NS,0.4165919956258413
2025-08-06,TCS.NS,LT.NS,0.4250096386966172
2025-08-07,TCS.NS,LT.NS,0.4135418703567182
2025-08-08,TCS.NS,LT.NS,0.41133821067531295
2025-08-11,TCS.NS,LT.NS,0.41394253489476485
2025-08-12,TCS.NS,LT.NS,0.4111460740658028
2025-08-13,TCS.NS,LT.NS,0.4075139525272141
2025-08-14,TCS.NS,LT.NS,0.3957313788669113
2025-08-18,TCS.NS,LT.NS,0.3770576400594016
2025-08-19,TCS.NS,LT.NS,0.35839494133991207
2025-08-20,TCS.NS,LT.NS,0.3012442598814203
2025-08-21,TCS.NS,LT.NS,0.30277341742949726
2025-08-22,TCS.NS,LT.NS,0.30692437037219394
2025-08-25,TCS.NS,LT.NS,0.303811393828632
2025-08-26,TCS.NS,LT.NS,0.2814155159609094
2025-08-28,TCS.NS,LT.NS,0.26136702432427833
2025-08-29,TCS.NS,LT.NS,0.25900707758366875
2025-09-01,TCS.NS,LT.NS,0.25753924801520417
2025-09-02,TCS.NS,LT.NS,0.2539230864991435
2025-09-03,TCS.NS,LT.NS,0.2415642092234155
2025-09-04,TCS.NS,LT.NS,0.24341813517986347
2025-09-05,TCS.NS,LT.NS,0.2573486018832738
2025-09-08,TCS.NS,LT.NS,0.2448702963160917
2025-09-09,TCS.NS,LT.NS,0.2446134988508968
2025-09-10,TCS.NS,LT.NS,0.23766583092807925
2025-09-11,TCS.NS,LT.NS,0.23692147476116582
2025-09-12,TCS.NS,LT.NS,0.2338681691830582
2025-09-15,TCS.NS,LT.NS,0.23824737302991042
2025-09-16,TCS.NS,LT.NS,0.26110891863062824
2025-09-17,TCS.NS,LT.NS,0.2417266811407358
2025-09-18,TCS.NS,LT.NS,0.2420111493596637
2025-09-19,TCS.NS,LT.NS,0.23830045875723666
2025-09-22,TCS.NS,LT.NS,0.25895245164971925
2025-09-23,TCS.NS,LT.NS,0.25706156821621196
2025-09-24,TCS.NS,LT.NS,0.2557511533833374
2025-09-25,TCS.NS,LT.NS,0.27107127299047745
2025-09-26,TCS.NS,LT.NS,0.21270965058490407
2025-09-29,TCS.NS,LT.NS,0.20647878958218793
2025-09-30,TCS.NS,LT.NS,0.20345105993565915
2025-10-01,TCS.NS,LT.NS,0.20606271970589488
2025-10-03,TCS.NS,LT.NS,0.1984499820908447
2025-10-06,TCS.NS,LT.NS,0.18532347013505926
2025-10-07,TCS.NS,LT.NS,0.18656982523528642
2025-10-08,TCS.NS,LT.NS,0.1503204375036808
2025-10-09,TCS.NS,LT.NS,0.14462170183325476
2025-10-10,TCS.NS,LT.NS,0.14374987130108716
2025-10-13,TCS.NS,LT.NS,0.14734435983350785
2025-10-14,TCS.NS,LT.NS,0.15307731237300443
2025-10-15,TCS.NS,LT.NS,0.16669277902631424
2025-10-16,TCS.NS,LT.NS,0.1791278260126616
2025-10-17,TCS.NS,LT.NS,0.18427604493447775
2025-10-20,TCS.NS,LT.NS,0.19299169760946167
2025-10-21,TCS.NS,LT.NS,0.18898935154146365
2025-10-23,TCS.NS,LT.NS,0.19597389654031575
2025-10-24,TCS.NS,LT.NS,0.18392101568797098
2025-10-27,TCS.NS,LT.NS,0.20990208964780138
2025-10-28,TCS.NS,LT.NS,0.2422817824744604
2025-10-29,TCS.NS,LT.NS,0.236527473314783
2025-10-30,TCS.NS,LT.NS,0.20910959923067438
2025-10-31,TCS.NS,LT.NS,0.1872305321054026
2025-11-03,TCS.NS,LT.NS,0.21334513643683586
2025-11-04,TCS.NS,LT.NS,0.21787675715603858
2025-11-06,TCS.NS,LT.NS,0.20007154548121292
2025-11-07,TCS.NS,LT.NS,0.19748050909941095
2025-11-10,TCS.NS,LT.NS,0.21001008497588577
2025-11-11,TCS.NS,LT.NS,0.21807644119738454
2025-11-12,TCS.NS,LT.NS,0.20439528819596667
2025-11-13,TCS.NS,LT.NS,0.18386985177442633
2025-11-14,TCS.NS,LT.NS,0.17917287494859296
2025-11-17,TCS.NS,LT.NS,0.18006803974321736
2025-11-18,TCS.NS,LT.NS,0.22448738131593154
2025-11-19,TCS.NS,LT.NS,0.22870029654051144
2025-11-20,TCS.NS,LT.NS,0.2161688376120901
2025-11-21,TCS.NS,LT.NS,0.2236923771933177
2025-11-24,TCS.NS,LT.NS,0.2513111848904543
2025-11-25,TCS.NS,LT.NS,0.27452432021958084
2025-11-26,TCS.NS,LT.NS,0.3051686043645434
2025-11-27,TCS.NS,LT.NS,0.30535997789253705
2025-11-28,TCS.NS,LT.NS,0.30618007923139606
2025-12-01,TCS.NS,LT.NS,0.3117736263718719
2025-12-02,TCS.NS,LT.NS,0.30559858078304974
2025-12-03,TCS.NS,LT.NS,0.2461526712355672
2025-12-04,TCS.NS,LT.NS,0.22390715502329347
2025-12-05,TCS.NS,LT.NS,0.2299988889919384
2025-12-08,TCS.NS,LT.NS,0.219665067268056
2025-12-09,TCS.NS,LT.NS,0.225097804800771
2025-12-10,TCS.NS,LT.NS,0.22635791814411657
2025-12-11,TCS.NS,LT.NS,0.22707080141370756
2025-12-12,TCS.NS,LT.NS,0.21827097942905715
2025-12-15,TCS.NS,LT.NS,0.2161181124493322
2025-12-16,TCS.NS,LT.NS,0.2255244889045722
2025-12-17,TCS.NS,LT.NS,0.22256168155323972
2025-12-18,TCS.NS,LT.NS,0.14644202902124012
2025-12-19,TCS.NS,LT.NS,0.14573793474240235
2025-12-22,TCS.NS,LT.NS,0.14602109262529714
2025-12-23,TCS.NS,LT.NS,0.11136524189304722
2025-12-24,TCS.NS,LT.NS,0.21767706295159098
2025-12-26,TCS.NS,LT.NS,0.21871972211688642
2025-12-29,TCS.NS,LT.NS,0.21820197717733777
2025-12-30,TCS.NS,LT.NS,0.21569069740854807
2025-12-31,TCS.NS,LT.NS,0.2198787448414768
2026-01-01,TCS.NS,LT.NS,0.24637760354452096
2026-01-02,TCS.NS,LT.NS,0.2459950894616108
2026-01-05,TCS.NS,LT.NS,0.2677021153449168
2026-01-06,TCS.NS,LT.NS,0.23953967559411465
2026-01-07,TCS.NS,LT.NS,0.2520931921346879
2026-01-08,TCS.NS,LT.NS,0.37300978679138824
2026-01-09,TCS.NS,LT.NS,0.3591056319718085
2026-01-12,TCS.NS,LT.NS,0.349220597411355
2026-01-13,TCS.NS,LT.NS,0.2714895636141905
2026-01-14,TCS.NS,LT.NS,0.2787340003819269
2026-01-15,TCS.NS,LT.NS,0.2619123516363601
2026-01-16,TCS.NS,LT.NS,0.2477300932080625
2026-01-19,TCS.NS,LT.NS,0.21562166327802726
2026-01-20,TCS.NS,LT.NS,0.2524221142364403
2026-01-21,TCS.NS,LT.NS,0.23410233051747026
2026-01-22,TCS.NS,LT.NS,0.26782067127430664
2026-01-23,TCS.NS,LT.NS,0.25777242676750595
2026-01-27,TCS.NS,LT.NS,0.2629435502242263
2026-01-28,TCS.NS,LT.NS,0.25689682676447684
2026-01-29,TCS.NS,LT.NS,0.10575202037405518
2026-01-30,TCS.NS,LT.NS,0.0874060294547694
2026-02-02,TCS.NS,LT.NS,0.09080344601130355
2026-02-03,TCS.NS,LT.NS,0.14832118561422247
2026-02-04,TCS.NS,LT.NS,0.022063166713536975
2026-02-05,TCS.NS,LT.NS,0.017579133719371635
2026-02-06,TCS.NS,LT.NS,0.01867574969649669
2026-02-09,TCS.NS,LT.NS,0.03169538388854058
2026-02-10,TCS.NS,LT.NS,0.04844284618261661
2026-02-11,TCS.NS,LT.NS,0.04865562395762732
2026-02-12,TCS.NS,LT.NS,0.026238691355398015
2026-02-13,TCS.NS,LT.NS,0.024298624708439857
2026-02-16,TCS.NS,LT.NS,0.027941630202397004
2026-02-17,TCS.NS,LT.NS,0.03864668153820229
2026-02-18,TCS.NS,LT.NS,0.03264634156722143
2026-02-19,TCS.NS,LT.NS,0.03450454455439391
2026-02-20,TCS.NS,LT.NS,0.02276702194648142
2026-02-23,TCS.NS,LT.NS,0.023656356880713235
2026-02-24,TCS.NS,LT.NS,0.12797078293402434
2026-02-25,TCS.NS,LT.NS,0.14109285479852204
2026-02-26,TCS.NS,LT.NS,0.1416688133881252
2026-02-27,TCS.NS,LT.NS,0.1596834108831174
2026-03-02,TCS.NS,LT.NS,0.1676169755909086
2026-03-04,TCS.NS,LT.NS,0.17028536682406048
2026-03-05,TCS.NS,LT.NS,0.1629379561749911
2026-03-06,TCS.NS,LT.NS,0.16712310485637868
2026-03-09,TCS.NS,LT.NS,0.17661161024575603
2026-03-10,TCS.NS,LT.NS,0.17413661929060542
2026-03-11,TCS.NS,LT.NS,0.1694346919451779
2026-03-12,TCS.NS,LT.NS,0.17174778854600703
2026-03-13,TCS.NS,LT.NS,0.18196426116987463
2026-03-16,TCS.NS,LT.NS,0.18304879676057792
2026-03-17,TCS.NS,LT.NS,0.18787074204937423
2026-03-18,TCS.NS,LT.NS,0.20604507369091188
2026-03-19,TCS.NS,LT.NS,0.25759294193526044
2026-03-20,TCS.NS,LT.NS,0.25721534208354496
2026-03-23,TCS.NS,LT.NS,0.251764871288718
2026-03-24,TCS.NS,LT.NS,0.2651879804948349
2026-03-25,TCS.NS,LT.NS,0.2512342676952248
2026-03-27,TCS.NS,LT.NS,0.23898440838614532
2026-03-30,TCS.NS,LT.NS,0.24693967276113002
2026-04-01,TCS.NS,LT.NS,0.2664021579290245
2026-04-02,TCS.NS,LT.NS,0.263738294264404
2026-04-06,TCS.NS,LT.NS,0.2760963876860028
2026-04-07,TCS.NS,LT.NS,0.272284130898939
2026-04-08,TCS.NS,LT.NS,0.2805815872869784
2026-04-09,TCS.NS,LT.NS,0.24137659201005748
2026-04-10,TCS.NS,LT.NS,0.22491294133825326
2026-04-13,TCS.NS,LT.NS,0.22606522684226288
2026-04-15,TCS.NS,LT.NS,0.27425957626265823
2026-04-16,TCS.NS,LT.NS,0.2749831115926538
2026-04-17,TCS.NS,LT.NS,0.27364230488481567
2026-04-20,TCS.NS,LT.NS,0.280008326157275
2026-04-21,TCS.NS,LT.NS,0.28253748588688604
2026-04-22,TCS.NS,LT.NS,0.2835085155564852
2026-04-23,TCS.NS,LT.NS,0.2882724607866196
2026-04-24,TCS.NS,LT.NS,0.29009231936574886
2026-04-27,TCS.NS,LT.NS,0.29800306435202467
2026-04-28,TCS.NS,LT.NS,0.2968432958194625
2026-04-29,TCS.NS,LT.NS,0.30348431601075926
2026-04-30,TCS.NS,LT.NS,0.3215396945726031
2026-05-01,TCS.NS,LT.NS,0.3213345235133485
2026-05-04,TCS.NS,LT.NS,0.3137247621534378
2026-05-05,TCS.NS,LT.NS,0.2966127918528568
2026-05-06,TCS.NS,LT.NS,0.35813377164883115
2026-05-07,TCS.NS,LT.NS,0.3558707701320776
2026-05-08,TCS.NS,LT.NS,0.3573368135553477
2026-05-11,TCS.NS,LT.NS,0.35452648265583137
2026-05-12,TCS.NS,LT.NS,0.3626642155197565
2026-05-13,TCS.NS,LT.NS,0.36126671614414674
2026-05-14,TCS.NS,LT.NS,0.3967562422515452
2026-05-15,TCS.NS,LT.NS,0.394269933287615
2026-05-18,TCS.NS,LT.NS,0.39267328823421827
2026-05-19,TCS.NS,LT.NS,0.38556422739501445
2026-05-20,TCS.NS,LT.NS,0.3894061342758713
2026-05-21,TCS.NS,LT.NS,0.3887974541424348
2026-05-22,TCS.NS,LT.NS,0.38536736081993783
2026-05-25,TCS.NS,LT.NS,0.39431497793877696
2026-05-26,TCS.NS,LT.NS,0.360543583133567
2026-05-27,TCS.NS,LT.NS,0.35823035176665335
2026-05-28,TCS.NS,LT.NS,0.3601959949010824
2026-05-29,TCS.NS,LT.NS,0.35588488204765223
2026-06-01,TCS.NS,LT.NS,0.33372294581260153
2026-06-02,TCS.NS,LT.NS,0.27801921138555513
2026-06-03,TCS.NS,LT.NS,0.28316454707759503
2026-06-04,TCS.NS,LT.NS,0.280369335309189
2026-06-05,TCS.NS,LT.NS,0.2715497368805788
2026-06-08,TCS.NS,LT.NS,0.28331748525454736
2026-06-09,TCS.NS,LT.NS,0.27935700195951235
2026-06-10,TCS.NS,LT.NS,0.27617908651666084
2026-06-11,TCS.NS,LT.NS,0.2770476046473035
2026-06-12,TCS.NS,LT.NS,0.2886100611769485
2026-06-15,TCS.NS,LT.NS,0.2924466909608454
2026-06-16,TCS.NS,LT.NS,0.2821972030586576
2026-06-17,TCS.NS,LT.NS,0.23183098529947216
2026-06-18,TCS.NS,LT.NS,0.23744966757648184
2026-06-19,TCS.NS,LT.NS,0.23378344363389414
2026-06-22,TCS.NS,LT.NS,0.22987993914673585
2026-06-23,TCS.NS,LT.NS,0.25534832384292333
2026-06-24,TCS.NS,LT.NS,0.26289967648961715
2026-06-25,TCS.NS,LT.NS,0.254522774613273
2026-06-26,TCS.NS,LT.NS,0.23365401766277014
2026-06-29,TCS.NS,LT.NS,0.2324250470899588
2026-06-30,TCS.NS,LT.NS,0.22878334070546752
2026-07-01,TCS.NS,LT.NS,0.24816225735083008
2026-07-02,TCS.NS,LT.NS,0.22207522796308996
2026-07-03,TCS.NS,LT.NS,0.2459876112436389
2026-07-06,TCS.NS,LT.NS,0.26828744785146047
2026-07-07,TCS.NS,LT.NS,0.2476013226859621
2026-07-08,TCS.NS,LT.NS,0.21236916215317217
2026-07-09,TCS.NS,LT.NS,0.20605865458828893
2026-07-10,TCS.NS,LT.NS,0.21721491657403336
2026-07-13,TCS.NS,LT.NS,0.19414078580130759
2026-07-14,TCS.NS,LT.NS,0.173152492002202
2026-07-15,TCS.NS,LT.NS,0.15355840976019344
2026-07-16,TCS.NS,LT.NS,0.15602830736831375
2026-07-17,TCS.NS,LT.NS,0.15431261518481673
2026-07-20,TCS.NS,LT.NS,0.13943573219583671
2026-07-21,TCS.NS,LT.NS,0.13709949264127783
2026-07-22,TCS.NS,LT.NS,0.12836528898954716
2026-07-23,TCS.NS,LT.NS,0.1251166575010698
2026-07-24,TCS.NS,LT.NS,0.12458918518347818
2026-07-27,TCS.NS,LT.NS,0.1579852252464369
2026-07-28,TCS.NS,LT.NS,0.17277553999114334
2026-07-29,TCS.NS,LT.NS,0.19847014228236456
2026-07-30,TCS.NS,LT.NS,0.20163326867320594
2026-07-31,TCS.NS,LT.NS,0.1977507943700589
2026-08-03,TCS.NS,LT.NS,0.24045817599731584
2026-08-04,TCS.NS,LT.NS,0.2044514946478178
2026-08-05,TCS.NS,LT.NS,0.19557751304928717
2026-08-06,TCS.NS,LT.NS,0.19920636312562634
2026-08-07,TCS.NS,LT.NS,0.19612166478547768
2026-08-10,TCS.NS,LT.NS,0.19139475378287385
2026-08-11,TCS.NS,LT.NS,0.18663503947228308
2026-08-12,TCS.NS,LT.NS,0.19301610185687873
2026-08-13,TCS.NS,LT.NS,0.19806733691773123
2026-08-14,TCS.NS,LT.NS,0.2025299649688706
2026-08-17,TCS.NS,LT.NS,0.18740120814763042
2026-08-18,TCS.NS,LT.NS,0.1924533615419118
2026-08-19,TCS.NS,LT.NS,0.19060701596009405
2026-08-20,TCS.NS,LT.NS,0.1914671986159668
2026-08-21,TCS.NS,LT.NS,0.19700782387543367
2026-08-24,TCS.NS,LT.NS,0.2164819866122015
2026-08-25,TCS.NS,LT.NS,0.2443339750111742
2026-08-26,TCS.NS,LT.NS,0.2184110095255891
2026-08-27,TCS.NS,LT.NS,0.21994601424943494
2026-08-28,TCS.NS,LT.NS,0.22858349670944506
2026-08-31,TCS.NS,LT.NS,0.20077681258235902
2026-09-01,TCS.NS,LT.NS,0.21423355690451015
2026-09-02,TCS.NS,LT.NS,0.21417224459001763
2026-09-03,TCS.NS,LT.NS,0.20818039638104682
2026-09-04,TCS.NS,LT.NS,0.20532912821291793
2026-09-07,TCS.NS,LT.NS,0.2090253795800071
2026-09-08,TCS.NS,LT.NS,0.2085580435168319
2026-09-09,TCS.NS,LT.NS,0.2108333575423403
2026-09-10,TCS.NS,LT.NS,0.20584347319148988
2026-09-11,TCS.NS,LT.NS,0.22935236197817982
2026-09-14,TCS.NS,LT.NS,0.22929451171031623
2026-09-15,TCS.NS,LT.NS,0.18039712408683167
2026-09-16,TCS.NS,LT.NS,0.19729312526870746
2026-09-17,TCS.NS,LT.NS,0.20369347412021566
2026-09-18,TCS.NS,LT.NS,0.1508030037811557
2026-09-21,TCS.NS,LT.NS,0.15764383584885097
2026-09-22,TCS.NS,LT.NS,0.15726338053299857
2026-09-23,TCS.NS,LT.NS,0.12287264650177501
2026-09-24,TCS.NS,LT.NS,0.15347680473173778
2026-09-25,TCS.NS,LT.NS,0.16027473831766698
2026-09-28,TCS.NS,LT.NS,0.17127717687271643
2026-09-29,TCS.NS,LT.NS,0.19389751437694383
2026-09-30,TCS.NS,LT.NS,0.16924984545315575
2026-10-01,TCS.NS,LT.NS,0.14924425876741518
2021-12-31,INFY.NS,LT.NS,0.4026341257094788
2022-01-03,INFY.NS,LT.NS,0.3940902982554529
2022-01-04,INFY.NS,LT.NS,0.38957814253637335
2022-01-05,INFY.NS,LT.NS,0.3632722170388264
2022-01-06,INFY.NS,LT.NS,0.36903920520126743
2022-01-07,INFY.NS,LT.NS,0.3699509937399701
2022-01-10,INFY.NS,LT.NS,0.3799844318323138
2022-01-11,INFY.NS,LT.NS,0.38217327385591393
2022-01-12,INFY.NS,LT.NS,0.4237235087817706
2022-01-13,INFY.NS,LT.NS,0.41060153738847754
2022-01-14,INFY.NS,LT.NS,0.40666246983567034
2022-01-17,INFY.NS,LT.NS,0.4171920975820956
2022-01-18,INFY.NS,LT.NS,0.4226899380004756
2022-01-19,INFY.NS,LT.NS,0.4086957782067362
2022-01-20,INFY.NS,LT.NS,0.4163448317024549
2022-01-21,INFY.NS,LT.NS,0.45617267586163246
2022-01-24,INFY.NS,LT.NS,0.51688059091309
2022-01-25,INFY.NS,LT.NS,0.48088652445258756
2022-01-27,INFY.NS,LT.NS,0.47291647319626456
2022-01-28,INFY.NS,LT.NS,0.4713633853176329
2022-01-31,INFY.NS,LT.NS,0.48973932162188644
2022-02-01,INFY.NS,LT.NS,0.5126352860304391
2022-02-02,INFY.NS,LT.NS,0.5053497838241521
2022-02-03,INFY.NS,LT.NS,0.5298205861854862
2022-02-04,INFY.NS,LT.NS,0.5300859030314037
2022-02-07,INFY.NS,LT.NS,0.5400599629554882
2022-02-08,INFY.NS,LT.NS,0.5290276860867547
2022-02-09,INFY.NS,LT.NS,0.5345004871525545
2022-02-10,INFY.NS,LT.NS,0.5352625168013458
2022-02-11,INFY.NS,LT.NS,0.5453444607364639
2022-02-14,INFY.NS,LT.NS,0.5730722620379123
2022-02-15,INFY.NS,LT.NS,0.6053424665081162
2022-02-16,INFY.NS,LT.NS,0.62002356005701
2022-02-17,INFY.NS,LT.NS,0.6134791456121564
2022-02-18,INFY.NS,LT.NS,0.6178936097090972
2022-02-21,INFY.NS,LT.NS,0.5921950697661155
2022-02-22,INFY.NS,LT.NS,0.5906016978498938
2022-02-23,INFY.NS,LT.NS,0.5856800642303179
2022-02-24,INFY.NS,LT.NS,0.6193782137100143
2022-02-25,INFY.NS,LT.NS,0.6274039069297659
2022-02-28,INFY.NS,LT.NS,0.6366629034139837
2022-03-02,INFY.NS,LT.NS,0.6360419686682469
2022-03-03,INFY.NS,LT.NS,0.6152086126429507
2022-03-04,INFY.NS,LT.NS,0.5978524178553516
2022-03-07,INFY.NS,LT.NS,0.5464570944103481
2022-03-08,INFY.NS,LT.NS,0.5550846809925883
2022-03-09,INFY.NS,LT.NS,0.5646558236160347
2022-03-10,INFY.NS,LT.NS,0.564091761130711
2022-03-11,INFY.NS,LT.NS,0.5728411007686587
2022-03-14,INFY.NS,LT.NS,0.5808105118580814
2022-03-15,INFY.NS,LT.NS,0.6036836897545921
2022-03-16,INFY.NS,LT.NS,0.5965410444713747
2022-03-17,INFY.NS,LT.NS,0.5655633441816778
2022-03-21,INFY.NS,LT.NS,0.5628925851668869
2022-03-22,INFY.NS,LT.NS,0.5673384182573384
2022-03-23,INFY.NS,LT.NS,0.5703398071683841
2022-03-24,INFY.NS,LT.NS,0.5705892006257072
2022-03-25,INFY.NS,LT.NS,0.5672362774031126
2022-03-28,INFY.NS,LT.NS,0.567236669065337
2022-03-29,INFY.NS,LT.NS,0.5689329547829609
2022-03-30,INFY.NS,LT.NS,0.573593638251432
2022-03-31,INFY.NS,LT.NS,0.5727907542887349
2022-04-01,INFY.NS,LT.NS,0.5695005208772864
2022-04-04,INFY.NS,LT.NS,0.5731991610442598
2022-04-05,INFY.NS,LT.NS,0.5623455708969924
2022-04-06,INFY.NS,LT.NS,0.5468038011593428
2022-04-07,INFY.NS,LT.NS,0.5371995928624106
2022-04-08,INFY.NS,LT.NS,0.537063924481295
2022-04-11,INFY.NS,LT.NS,0.5515467951666626
2022-04-12,INFY.NS,LT.NS,0.5519377292606452
2022-04-13,INFY.NS,LT.NS,0.5460798019671447
2022-04-18,INFY.NS,LT.NS,0.5120730583132757
2022-04-19,INFY.NS,LT.NS,0.5210982340715944
2022-04-20,INFY.NS,LT.NS,0.5210198629994867
2022-04-21,INFY.NS,LT.NS,0.5283535744308602
2022-04-22,INFY.NS,LT.NS,0.5225147880549047
2022-04-25,INFY.NS,LT.NS,0.5122778530549562
2022-04-26,INFY.NS,LT.NS,0.527516844998281
2022-04-27,INFY.NS,LT.NS,0.532525757773934
2022-04-28,INFY.NS,LT.NS,0.5456919188968687
2022-04-29,INFY.NS,LT.NS,0.5488604830720474
2022-05-02,INFY.NS,LT.NS,0.5354340460920934
2022-05-04,INFY.NS,LT.NS,0.530544120917502
2022-05-05,INFY.NS,LT.NS,0.5115354506460882
2022-05-06,INFY.NS,LT.NS,0.5118117690142636
2022-05-09,INFY.NS,LT.NS,0.501060508620544
2022-05-10,INFY.NS,LT.NS,0.5016963405197731
2022-05-11,INFY.NS,LT.NS,0.505518513940698
2022-05-12,INFY.NS,LT.NS,0.5036733618948455
2022-05-13,INFY.NS,LT.NS,0.49610314951663204
2022-05-16,INFY.NS,LT.NS,0.4752864344450511
2022-05-17,INFY.NS,LT.NS,0.45120357621606677
2022-05-18,INFY.NS,LT.NS,0.45095950436381604
2022-05-19,INFY.NS,LT.NS,0.4569604840334507
2022-05-20,INFY.NS,LT.NS,0.48042583323371
2022-05-23,INFY.NS,LT.NS,0.4945619199786435
2022-05-24,INFY.NS,LT.NS,0.5006312177913363
2022-05-25,INFY.NS,LT.NS,0.516788656841841
2022-05-26,INFY.NS,LT.NS,0.48643502675646
2022-05-27,INFY.NS,LT.NS,0.4995016836974317
2022-05-30,INFY.NS,LT.NS,0.5335302531085804
2022-05-31,INFY.NS,LT.NS,0.5334729302987291
2022-06-01,INFY.NS,LT.NS,0.5479870073036357
2022-06-02,INFY.NS,LT.NS,0.5473114111597059
2022-06-03,INFY.NS,LT.NS,0.6059399961516581
2022-06-06,INFY.NS,LT.NS,0.5956602685070767
2022-06-07,INFY.NS,LT.NS,0.5880523039307225
2022-06-08,INFY.NS,LT.NS,0.5875271092714008
2022-06-09,INFY.NS,LT.NS,0.5893907921305579
2022-06-10,INFY.NS,LT.NS,0.5873383348943383
2022-06-13,INFY.NS,LT.NS,0.6127034266273735
2022-06-14,INFY.NS,LT.NS,0.6153584106148172
2022-06-15,INFY.NS,LT.NS,0.6302034537354949
2022-06-16,INFY.NS,LT.NS,0.6406036543235049
2022-06-17,INFY.NS,LT.NS,0.6306904546652917
2022-06-20,INFY.NS,LT.NS,0.6111362869450705
2022-06-21,INFY.NS,LT.NS,0.6219147256236042
2022-06-22,INFY.NS,LT.NS,0.6226901382100004
2022-06-23,INFY.NS,LT.NS,0.6265018958773043
2022-06-24,INFY.NS,LT.NS,0.6249944446444637
2022-06-27,INFY.NS,LT.NS,0.6345303579241751
2022-06-28,INFY.NS,LT.NS,0.6362189911737773
2022-06-29,INFY.NS,LT.NS,0.6377477493006073
2022-06-30,INFY.NS,LT.NS,0.653604193764705
2022-07-01,INFY.NS,LT.NS,0.6608933115398211
2022-07-04,INFY.NS,LT.NS,0.6742719184164296
2022-07-05,INFY.NS,LT.NS,0.6740944670880739
2022-07-06,INFY.NS,LT.NS,0.6692567528058818
2022-07-07,INFY.NS,LT.NS,0.6485107536037649
2022-07-08,INFY.NS,LT.NS,0.6348920859348974
2022-07-11,INFY.NS,LT.NS,0.6383736068649344
2022-07-12,INFY.NS,LT.NS,0.6703904105816171
2022-07-13,INFY.NS,LT.NS,0.6637596164989826
2022-07-14,INFY.NS,LT.NS,0.6753072176490849
2022-07-15,INFY.NS,LT.NS,0.6660196492682005
2022-07-18,INFY.NS,LT.NS,0.6744271252059414
2022-07-19,INFY.NS,LT.NS,0.6698931295281249
2022-07-20,INFY.NS,LT.NS,0.6642342037438194
2022-07-21,INFY.NS,LT.NS,0.6620340037426952
2022-07-22,INFY.NS,LT.NS,0.6497236596625192
2022-07-25,INFY.NS,LT.NS,0.6466396144590436
2022-07-26,INFY.NS,LT.NS,0.6514121535890944
2022-07-27,INFY.NS,LT.NS,0.6640945538893793
2022-07-28,INFY.NS,LT.NS,0.6653029643154317
2022-07-29,INFY.NS,LT.NS,0.658736844937365
2022-08-01,INFY.NS,LT.NS,0.6692324179794218
2022-08-02,INFY.NS,LT.NS,0.6679422253530365
2022-08-03,INFY.NS,LT.NS,0.6555836771519279
2022-08-04,INFY.NS,LT.NS,0.6386396031162916
2022-08-05,INFY.NS,LT.NS,0.6388558237266357
2022-08-08,INFY.NS,LT.NS,0.635677133279819
2022-08-10,INFY.NS,LT.NS,0.6187433609978933
2022-08-11,INFY.NS,LT.NS,0.6197124682356231
2022-08-12,INFY.NS,LT.NS,0.6247960431967241
2022-08-16,INFY.NS,LT.NS,0.6178262773775041
2022-08-17,INFY.NS,LT.NS,0.6172878192728197
2022-08-18,INFY.NS,LT.NS,0.5832681070927472
2022-08-19,INFY.NS,LT.NS,0.5658940066597515
2022-08-22,INFY.NS,LT.NS,0.580774967341999
2022-08-23,INFY.NS,LT.NS,0.5667270375793025
2022-08-24,INFY.NS,LT.NS,0.5212908199994344
2022-08-25,INFY.NS,LT.NS,0.5245494675183937
2022-08-26,INFY.NS,LT.NS,0.5217960505103332
2022-08-29,INFY.NS,LT.NS,0.5501758012821876
2022-08-30,INFY.NS,LT.NS,0.560049404158927
2022-09-01,INFY.NS,LT.NS,0.5681683898324494
2022-09-02,INFY.NS,LT.NS,0.5539058269789671
2022-09-05,INFY.NS,LT.NS,0.5546664064956766
2022-09-06,INFY.NS,LT.NS,0.5552925816374593
2022-09-07,INFY.NS,LT.NS,0.5498788644090774
2022-09-08,INFY.NS,LT.NS,0.5076125217960331
2022-09-09,INFY.NS,LT.NS,0.4651636533051881
2022-09-12,INFY.NS,LT.NS,0.47312448626816084
2022-09-13,INFY.NS,LT.NS,0.4565157427888867
2022-09-14,INFY.NS,LT.NS,0.4905778372310625
2022-09-15,INFY.NS,LT.NS,0.5165415263733935
2022-09-16,INFY.NS,LT.NS,0.5335189494428443
2022-09-19,INFY.NS,LT.NS,0.5223317576318873
2022-09-20,INFY.NS,LT.NS,0.5191095490169334
2022-09-21,INFY.NS,LT.NS,0.5176625208935218
2022-09-22,INFY.NS,LT.NS,0.5010623151919645
2022-09-23,INFY.NS,LT.NS,0.4930132001128042
2022-09-26,INFY.NS,LT.NS,0.4837294720255264
2022-09-27,INFY.NS,LT.NS,0.47519371715320563
2022-09-28,INFY.NS,LT.NS,0.47167235605890406
2022-09-29,INFY.NS,LT.NS,0.464175347867651
2022-09-30,INFY.NS,LT.NS,0.4670097880806843
2022-10-03,INFY.NS,LT.NS,0.48373292816537716
2022-10-04,INFY.NS,LT.NS,0.5142836497916503
2022-10-06,INFY.NS,LT.NS,0.537509698723305
2022-10-07,INFY.NS,LT.NS,0.5219154918697293
2022-10-10,INFY.NS,LT.NS,0.5085144252905799
2022-10-11,INFY.NS,LT.NS,0.5282267818465609
2022-10-12,INFY.NS,LT.NS,0.5260947651530337
2022-10-13,INFY.NS,LT.NS,0.5333101140755409
2022-10-14,INFY.NS,LT.NS,0.5205436021915936
2022-10-17,INFY.NS,LT.NS,0.5005949540475946
2022-10-18,INFY.NS,LT.NS,0.5045738317872738
2022-10-19,INFY.NS,LT.NS,0.5033456542704905
2022-10-20,INFY.NS,LT.NS,0.504760090090058
2022-10-21,INFY.NS,LT.NS,0.5019746556409334
2022-10-24,INFY.NS,LT.NS,0.4856005115654523
2022-10-25,INFY.NS,LT.NS,0.4761693877001716
2022-10-27,INFY.NS,LT.NS,0.4903295102444402
2022-10-28,INFY.NS,LT.NS,0.4906179774428708
2022-10-31,INFY.NS,LT.NS,0.502823101739794
2022-11-01,INFY.NS,LT.NS,0.4915789696312089
2022-11-02,INFY.NS,LT.NS,0.5025562108210497
2022-11-03,INFY.NS,LT.NS,0.5244985907233817
2022-11-04,INFY.NS,LT.NS,0.5223176088472185
2022-11-07,INFY.NS,LT.NS,0.5291832987087098
2022-11-09,INFY.NS,LT.NS,0.5396191217620991
2022-11-10,INFY.NS,LT.NS,0.5383802316083895
2022-11-11,INFY.NS,LT.NS,0.5440688684597338
2022-11-14,INFY.NS,LT.NS,0.5366345760798092
2022-11-15,INFY.NS,LT.NS,0.5345500886857595
2022-11-16,INFY.NS,LT.NS,0.5694145741776971
2022-11-17,INFY.NS,LT.NS,0.5546156403441515
2022-11-18,INFY.NS,LT.NS,0.5489958392747047
2022-11-21,INFY.NS,LT.NS,0.5553514108774604
2022-11-22,INFY.NS,LT.NS,0.5621646164195508
2022-11-23,INFY.NS,LT.NS,0.5579396969207927
2022-11-24,INFY.NS,LT.NS,0.5711761586487196
2022-11-25,INFY.NS,LT.NS,0.5602323966524354
2022-11-28,INFY.NS,LT.NS,0.5453212381804107
2022-11-29,INFY.NS,LT.NS,0.5402726510033444
2022-11-30,INFY.NS,LT.NS,0.5562678484161189
2022-12-01,INFY.NS,LT.NS,0.5629579374524024
2022-12-02,INFY.NS,LT.NS,0.5671297923484812
2022-12-05,INFY.NS,LT.NS,0.5673617007194619
2022-12-06,INFY.NS,LT.NS,0.553916186404888
2022-12-07,INFY.NS,LT.NS,0.5828805455728873
2022-12-08,INFY.NS,LT.NS,0.5822700918604196
2022-12-09,INFY.NS,LT.NS,0.582363953084106
2022-12-12,INFY.NS,LT.NS,0.5465703166534174
2022-12-13,INFY.NS,LT.NS,0.5642590266978874
2022-12-14,INFY.NS,LT.NS,0.5314182913009684
2022-12-15,INFY.NS,LT.NS,0.547429926405995
2022-12-16,INFY.NS,LT.NS,0.5532318828906793
2022-12-19,INFY.NS,LT.NS,0.5443360145007161
2022-12-20,INFY.NS,LT.NS,0.5392907916263736
2022-12-21,INFY.NS,LT.NS,0.5415052594518246
2022-12-22,INFY.NS,LT.NS,0.5233733928770083
2022-12-23,INFY.NS,LT.NS,0.5496302114940598
2022-12-26,INFY.NS,LT.NS,0.5481201284975619
2022-12-27,INFY.NS,LT.NS,0.5572396782905643
2022-12-28,INFY.NS,LT.NS,0.5539987779895283
2022-12-29,INFY.NS,LT.NS,0.5383058674527251
2022-12-30,INFY.NS,LT.NS,0.5121952130925302
2023-01-02,INFY.NS,LT.NS,0.49370401577735346
2023-01-03,INFY.NS,LT.NS,0.49675578548722077
2023-01-04,INFY.NS,LT.NS,0.5169948160525046
2023-01-05,INFY.NS,LT.NS,0.47587735926821884
2023-01-06,INFY.NS,LT.NS,0.476202357681121
2023-01-09,INFY.NS,LT.NS,0.49627093893469115
2023-01-10,INFY.NS,LT.NS,0.4690143248189575
2023-01-11,INFY.NS,LT.NS,0.5018711382957814
2023-01-12,INFY.NS,LT.NS,0.49820739744086845
2023-01-13,INFY.NS,LT.NS,0.4756697912136766
2023-01-16,INFY.NS,LT.NS,0.4570399673076674
2023-01-17,INFY.NS,LT.NS,0.4590282738227803
2023-01-18,INFY.NS,LT.NS,0.44351256619286705
2023-01-19,INFY.NS,LT.NS,0.4430693173144836
2023-01-20,INFY.NS,LT.NS,0.446445549363813
2023-01-23,INFY.NS,LT.NS,0.42826234213041586
2023-01-24,INFY.NS,LT.NS,0.3987133666377188
2023-01-25,INFY.NS,LT.NS,0.4134104979253566
2023-01-27,INFY.NS,LT.NS,0.41585279569769446
2023-01-30,INFY.NS,LT.NS,0.36409706958359406
2023-01-31,INFY.NS,LT.NS,0.3667909036551162
2023-02-01,INFY.NS,LT.NS,0.37417918224961877
2023-02-02,INFY.NS,LT.NS,0.3668251767855246
2023-02-03,INFY.NS,LT.NS,0.36670428632953517
2023-02-06,INFY.NS,LT.NS,0.33373868847456256
2023-02-07,INFY.NS,LT.NS,0.3425055424325519
2023-02-08,INFY.NS,LT.NS,0.29594072163524454
2023-02-09,INFY.NS,LT.NS,0.30261723365558885
2023-02-10,INFY.NS,LT.NS,0.3150885303816437
2023-02-13,INFY.NS,LT.NS,0.252791609402709
2023-02-14,INFY.NS,LT.NS,0.22639867713201478
2023-02-15,INFY.NS,LT.NS,0.21606173751405694
2023-02-16,INFY.NS,LT.NS,0.21567121442066123
2023-02-17,INFY.NS,LT.NS,0.1527782141504483
2023-02-20,INFY.NS,LT.NS,0.14983674722557946
2023-02-21,INFY.NS,LT.NS,0.14895349146215736
2023-02-22,INFY.NS,LT.NS,0.17008610616970102
2023-02-23,INFY.NS,LT.NS,0.1750951970876769
2023-02-24,INFY.NS,LT.NS,0.15399962940620196
2023-02-27,INFY.NS,LT.NS,0.16652580716062662
2023-02-28,INFY.NS,LT.NS,0.16859496126003104
2023-03-01,INFY.NS,LT.NS,0.1780379964075581
2023-03-02,INFY.NS,LT.NS,0.17899272724766038
2023-03-03,INFY.NS,LT.NS,0.16789353815858996
2023-03-06,INFY.NS,LT.NS,0.1392970302705645
2023-03-08,INFY.NS,LT.NS,0.13088002174421756
2023-03-09,INFY.NS,LT.NS,0.11515967475390312
2023-03-10,INFY.NS,LT.NS,0.116634858872269
2023-03-13,INFY.NS,LT.NS,0.12431395582731554
2023-03-14,INFY.NS,LT.NS,0.11772961280885738
2023-03-15,INFY.NS,LT.NS,0.12223055390406805
2023-03-16,INFY.NS,LT.NS,0.12491608741178996
2023-03-17,INFY.NS,LT.NS,0.1400403849597979
2023-03-20,INFY.NS,LT.NS,0.17095483376839166
2023-03-21,INFY.NS,LT.NS,0.1228839191690291
2023-03-22,INFY.NS,LT.NS,0.11725372443465894
2023-03-23,INFY.NS,LT.NS,0.10618626826337038
2023-03-24,INFY.NS,LT.NS,0.09027403573413763
2023-03-27,INFY.NS,LT.NS,0.08878508894345209
2023-03-28,INFY.NS,LT.NS,0.08994553697275212
2023-03-29,INFY.NS,LT.NS,0.09260101381404845
2023-03-31,INFY.NS,LT.NS,0.11354892209210271
2023-04-03,INFY.NS,LT.NS,0.09428190570788546
2023-04-05,INFY.NS,LT.NS,0.1349133851990222
2023-04-06,INFY.NS,LT.NS,0.13300974162792364
2023-04-10,INFY.NS,LT.NS,0.1027072567912245
2023-04-11,INFY.NS,LT.NS,0.10153717876500351
2023-04-12,INFY.NS,LT.NS,0.08666479456239455
2023-04-13,INFY.NS,LT.NS,0.11146297329305642
2023-04-17,INFY.NS,LT.NS,0.2265298666837031
2023-04-18,INFY.NS,LT.NS,0.2399797916876248
2023-04-19,INFY.NS,LT.NS,0.21886603404482213
2023-04-20,INFY.NS,LT.NS,0.20977342176971628
2023-04-21,INFY.NS,LT.NS,0.20470432427585852
2023-04-24,INFY.NS,LT.NS,0.20274142083173727
2023-04-25,INFY.NS,LT.NS,0.21739886522340715
2023-04-26,INFY.NS,LT.NS,0.22967509154920557
2023-04-27,INFY.NS,LT.NS,0.24502929725374464
2023-04-28,INFY.NS,LT.NS,0.24638722497640628
2023-05-02,INFY.NS,LT.NS,0.2959511545875916
2023-05-03,INFY.NS,LT.NS,0.29668794314418323
2023-05-04,INFY.NS,LT.NS,0.2886672505033183
2023-05-05,INFY.NS,LT.NS,0.29162983346463894
2023-05-08,INFY.NS,LT.NS,0.2783240475514683
2023-05-09,INFY.NS,LT.NS,0.27356775352538887
2023-05-10,INFY.NS,LT.NS,0.27460848139413574
2023-05-11,INFY.NS,LT.NS,0.2789909675031124
2023-05-12,INFY.NS,LT.NS,0.2743963734294669
2023-05-15,INFY.NS,LT.NS,0.28427796582035125
2023-05-16,INFY.NS,LT.NS,0.31465366862936356
2023-05-17,INFY.NS,LT.NS,0.3294486410916707
2023-05-18,INFY.NS,LT.NS,0.32771072858792155
2023-05-19,INFY.NS,LT.NS,0.32366153654805085
2023-05-22,INFY.NS,LT.NS,0.3579676576913097
2023-05-23,INFY.NS,LT.NS,0.35122295066987913
2023-05-24,INFY.NS,LT.NS,0.35084977680051715
2023-05-25,INFY.NS,LT.NS,0.3490457149247535
2023-05-26,INFY.NS,LT.NS,0.35189139970191147
2023-05-29,INFY.NS,LT.NS,0.35704197547572647
2023-05-30,INFY.NS,LT.NS,0.3384393902342322
2023-05-31,INFY.NS,LT.NS,0.3375931004396636
2023-06-01,INFY.NS,LT.NS,0.33695330360077447
2023-06-02,INFY.NS,LT.NS,0.3388933484511291
2023-06-05,INFY.NS,LT.NS,0.3383156134714703
2023-06-06,INFY.NS,LT.NS,0.346023265658848
2023-06-07,INFY.NS,LT.NS,0.3640771263828168
2023-06-08,INFY.NS,LT.NS,0.3667334595985347
2023-06-09,INFY.NS,LT.NS,0.35711416144954305
2023-06-12,INFY.NS,LT.NS,0.314208651912915
2023-06-13,INFY.NS,LT.NS,0.3201433793385194
2023-06-14,INFY.NS,LT.NS,0.32249268689497607
2023-06-15,INFY.NS,LT.NS,0.3195114450559391
2023-06-16,INFY.NS,LT.NS,0.3133081675815386
2023-06-19,INFY.NS,LT.NS,0.3068605362810409
2023-06-20,INFY.NS,LT.NS,0.3215521235686608
2023-06-21,INFY.NS,LT.NS,0.3205274386895668
2023-06-22,INFY.NS,LT.NS,0.3072109266071878
2023-06-23,INFY.NS,LT.NS,0.3317834518820468
2023-06-26,INFY.NS,LT.NS,0.3335180858356948
2023-06-27,INFY.NS,LT.NS,0.33056981646606376
2023-06-28,INFY.NS,LT.NS,0.3370633008694755
2023-06-30,INFY.NS,LT.NS,0.3696101653989303
2023-07-03,INFY.NS,LT.NS,0.36984297975947145
2023-07-04,INFY.NS,LT.NS,0.371141117946894
2023-07-05,INFY.NS,LT.NS,0.3724909823865411
2023-07-06,INFY.NS,LT.NS,0.369813288072458
2023-07-07,INFY.NS,LT.NS,0.3733456742767919
2023-07-10,INFY.NS,LT.NS,0.38692835619577975
2023-07-11,INFY.NS,LT.NS,0.37716597240686506
2023-07-12,INFY.NS,LT.NS,0.3225884892067275
2023-07-13,INFY.NS,LT.NS,0.29840395561585864
2023-07-14,INFY.NS,LT.NS,0.31100326585339183
2023-07-17,INFY.NS,LT.NS,0.3198270229008083
2023-07-18,INFY.NS,LT.NS,0.30336059892408174
2023-07-19,INFY.NS,LT.NS,0.3027496045199218
2023-07-20,INFY.NS,LT.NS,0.30910543770087323
2023-07-21,INFY.NS,LT.NS,-0.03802019046894795
2023-07-24,INFY.NS,LT.NS,-0.04977999623304529
2023-07-25,INFY.NS,LT.NS,-0.05320668218746703
2023-07-26,INFY.NS,LT.NS,-0.03709265923723703
2023-07-27,INFY.NS,LT.NS,-0.04585739263459939
2023-07-28,INFY.NS,LT.NS,-0.04002510189442876
2023-07-31,INFY.NS,LT.NS,-0.025009355272500346
2023-08-01,INFY.NS,LT.NS,-0.026237894702392323
2023-08-02,INFY.NS,LT.NS,-0.021831888676757914
2023-08-03,INFY.NS,LT.NS,-0.02890023803277928
2023-08-04,INFY.NS,LT.NS,-0.06600598496137097
2023-08-07,INFY.NS,LT.NS,-0.07946947145154416
2023-08-08,INFY.NS,LT.NS,-0.0852680158197568
2023-08-09,INFY.NS,LT.NS,-0.08246857387397283
2023-08-10,INFY.NS,LT.NS,-0.08979747248661298
2023-08-11,INFY.NS,LT.NS,-0.08856539863606125
2023-08-14,INFY.NS,LT.NS,-0.07777949838166803
2023-08-16,INFY.NS,LT.NS,-0.07938561393092679
2023-08-17,INFY.NS,LT.NS,-0.06174469278780509
2023-08-18,INFY.NS,LT.NS,-0.050732220817410315
2023-08-21,INFY.NS,LT.NS,-0.04776996499589531
2023-08-22,INFY.NS,LT.NS,-0.051034776657205044
2023-08-23,INFY.NS,LT.NS,-0.04918822410880271
2023-08-24,INFY.NS,LT.NS,-0.05673265098426744
2023-08-25,INFY.NS,LT.NS,-0.04967350405249214
2023-08-28,INFY.NS,LT.NS,-0.056533896207610325
2023-08-29,INFY.NS,LT.NS,-0.053752464264383355
2023-08-30,INFY.NS,LT.NS,-0.06365819444558063
2023-08-31,INFY.NS,LT.NS,-0.06136433797359452
2023-09-01,INFY.NS,LT.NS,-0.07067422149560694
2023-09-04,INFY.NS,LT.NS,-0.06481176330305649
2023-09-05,INFY.NS,LT.NS,-0.05123507975716832
2023-09-06,INFY.NS,LT.NS,-0.029026762815884757
2023-09-07,INFY.NS,LT.NS,-0.06239646376235082
2023-09-08,INFY.NS,LT.NS,-0.06290446279760833
2023-09-11,INFY.NS,LT.NS,-0.06554235152083374
2023-09-12,INFY.NS,LT.NS,-0.0479307884863123
2023-09-13,INFY.NS,LT.NS,-0.041291256506366183
2023-09-14,INFY.NS,LT.NS,-0.04238710636531788
2023-09-15,INFY.NS,LT.NS,-0.04181433260481214
2023-09-18,INFY.NS,LT.NS,-0.034658926368509424
2023-09-20,INFY.NS,LT.NS,-0.049931155977419775
2023-09-21,INFY.NS,LT.NS,-0.049233848222128486
2023-09-22,INFY.NS,LT.NS,-0.051149163650919705
2023-09-25,INFY.NS,LT.NS,-0.04544997414383579
2023-09-26,INFY.NS,LT.NS,-0.10059922496420884
2023-09-27,INFY.NS,LT.NS,-0.09979311932072137
2023-09-28,INFY.NS,LT.NS,-0.11818867863923845
2023-09-29,INFY.NS,LT.NS,-0.11842729827245362
2023-10-03,INFY.NS,LT.NS,-0.11876611787061914
2023-10-04,INFY.NS,LT.NS,-0.14852228286017574
2023-10-05,INFY.NS,LT.NS,-0.1290333795228955
2023-10-06,INFY.NS,LT.NS,-0.145439838572557
2023-10-09,INFY.NS,LT.NS,-0.15656878002086508
2023-10-10,INFY.NS,LT.NS,-0.15072942211923232
2023-10-11,INFY.NS,LT.NS,-0.18217285408627487
2023-10-12,INFY.NS,LT.NS,-0.16911726362614476
2023-10-13,INFY.NS,LT.NS,-0.16577203832537185
2023-10-16,INFY.NS,LT.NS,-0.1659419466234942
2023-10-17,INFY.NS,LT.NS,-0.183717866545589
2023-10-18,INFY.NS,LT.NS,0.15513347337307515
2023-10-19,INFY.NS,LT.NS,0.1532413309659039
2023-10-20,INFY.NS,LT.NS,0.1603726412983574
2023-10-23,INFY.NS,LT.NS,0.16250479719343672
2023-10-25,INFY.NS,LT.NS,0.19347105878129994
2023-10-26,INFY.NS,LT.NS,0.2052440564980224
2023-10-27,INFY.NS,LT.NS,0.211591534155116
2023-10-30,INFY.NS,LT.NS,0.21640283659389467
2023-10-31,INFY.NS,LT.NS,0.21084617183208404
2023-11-01,INFY.NS,LT.NS,0.23824030698120116
2023-11-02,INFY.NS,LT.NS,0.2348243929718129
2023-11-03,INFY.NS,LT.NS,0.22231340623364818
2023-11-06,INFY.NS,LT.NS,0.2426358812080129
2023-11-07,INFY.NS,LT.NS,0.24022922760747645
2023-11-08,INFY.NS,LT.NS,0.22111562332971252
2023-11-09,INFY.NS,LT.NS,0.20147274175164345
2023-11-10,INFY.NS,LT.NS,0.19241349597901627
2023-11-13,INFY.NS,LT.NS,0.17486541470529593
2023-11-15,INFY.NS,LT.NS,0.16756156108063894
2023-11-16,INFY.NS,LT.NS,0.12572789391953637
2023-11-17,INFY.NS,LT.NS,0.10362658838062795
2023-11-20,INFY.NS,LT.NS,0.10575563284013034
2023-11-21,INFY.NS,LT.NS,0.10152484557351027
2023-11-22,INFY.NS,LT.NS,0.1215716816884888
2023-11-23,INFY.NS,LT.NS,0.1270152147375892
2023-11-24,INFY.NS,LT.NS,0.13906859111777742
2023-11-28,INFY.NS,LT.NS,0.1368783743629322
2023-11-29,INFY.NS,LT.NS,0.16066995637691953
2023-11-30,INFY.NS,LT.NS,0.15712256261585203
2023-12-01,INFY.NS,LT.NS,0.1463125210849929
2023-12-04,INFY.NS,LT.NS,0.17408379017588405
2023-12-05,INFY.NS,LT.NS,0.1716216930201527
2023-12-06,INFY.NS,LT.NS,0.19971131294882163
2023-12-07,INFY.NS,LT.NS,0.2690087815528026
2023-12-08,INFY.NS,LT.NS,0.27258723276385494
2023-12-11,INFY.NS,LT.NS,0.27640658266837154
2023-12-12,INFY.NS,LT.NS,0.2646771994445437
2023-12-13,INFY.NS,LT.NS,0.2189683431191346
2023-12-14,INFY.NS,LT.NS,0.23099778186149728
2023-12-15,INFY.NS,LT.NS,0.2720288526574968
2023-12-18,INFY.NS,LT.NS,0.2766736323698026
2023-12-19,INFY.NS,LT.NS,0.27695882505851616
2023-12-20,INFY.NS,LT.NS,0.3037010082688213
2023-12-21,INFY.NS,LT.NS,0.3060651960628494
2023-12-22,INFY.NS,LT.NS,0.3122059982544265
2023-12-26,INFY.NS,LT.NS,0.31105478532680564
2023-12-27,INFY.NS,LT.NS,0.3224083922827743
2023-12-28,INFY.NS,LT.NS,0.35981690916319525
2023-12-29,INFY.NS,LT.NS,0.35823737372619663
2024-01-01,INFY.NS,LT.NS,0.3646655538127625
2024-01-02,INFY.NS,LT.NS,0.39740532301560055
2024-01-03,INFY.NS,LT.NS,0.3727837319221313
2024-01-04,INFY.NS,LT.NS,0.3784071248991416
2024-01-05,INFY.NS,LT.NS,0.3889831174367572
2024-01-08,INFY.NS,LT.NS,0.39734415386146626
2024-01-09,INFY.NS,LT.NS,0.39813082015959944
2024-01-10,INFY.NS,LT.NS,0.3985178729682557
2024-01-11,INFY.NS,LT.NS,0.42406010496371643
2024-01-12,INFY.NS,LT.NS,0.4345912582774587
2024-01-15,INFY.NS,LT.NS,0.418200130022037
2024-01-16,INFY.NS,LT.NS,0.4071802677899858
2024-01-17,INFY.NS,LT.NS,0.40680159722840586
2024-01-18,INFY.NS,LT.NS,0.40345446162793325
2024-01-19,INFY.NS,LT.NS,0.3924302143368295
2024-01-23,INFY.NS,LT.NS,0.38804477010571553
2024-01-24,INFY.NS,LT.NS,0.3856540817050565
2024-01-25,INFY.NS,LT.NS,0.3809708560160535
2024-01-29,INFY.NS,LT.NS,0.3431751876822661
2024-01-30,INFY.NS,LT.NS,0.34321493473641546
2024-01-31,INFY.NS,LT.NS,0.29533316414583105
2024-02-01,INFY.NS,LT.NS,0.29510192375097005
2024-02-02,INFY.NS,LT.NS,0.2846720492276282
2024-02-05,INFY.NS,LT.NS,0.28397006422109583
2024-02-06,INFY.NS,LT.NS,0.30584700656972763
2024-02-07,INFY.NS,LT.NS,0.3272226156541733
2024-02-08,INFY.NS,LT.NS,0.33803197119608697
2024-02-09,INFY.NS,LT.NS,0.3415949732369455
2024-02-12,INFY.NS,LT.NS,0.33893161298013913
2024-02-13,INFY.NS,LT.NS,0.3377390457502718
2024-02-14,INFY.NS,LT.NS,0.3535145033577152
2024-02-15,INFY.NS,LT.NS,0.3660770635290727
2024-02-16,INFY.NS,LT.NS,0.3749344295201228
2024-02-19,INFY.NS,LT.NS,0.3755444982714467
2024-02-20,INFY.NS,LT.NS,0.3720222662308696
2024-02-21,INFY.NS,LT.NS,0.383478274191037
2024-02-22,INFY.NS,LT.NS,0.39416291258445774
2024-02-23,INFY.NS,LT.NS,0.39199814222827745
2024-02-26,INFY.NS,LT.NS,0.3638016324056532
2024-02-27,INFY.NS,LT.NS,0.36557494027477816
2024-02-28,INFY.NS,LT.NS,0.3763410576224774
2024-02-29,INFY.NS,LT.NS,0.38208348416222687
2024-03-01,INFY.NS,LT.NS,0.31906987421070465
2024-03-04,INFY.NS,LT.NS,0.30698123505987623
2024-03-05,INFY.NS,LT.NS,0.3115228304509685
2024-03-06,INFY.NS,LT.NS,0.31014789595744635
2024-03-07,INFY.NS,LT.NS,0.3085580195241621
2024-03-11,INFY.NS,LT.NS,0.30834428096432137
2024-03-12,INFY.NS,LT.NS,0.3310141811834767
2024-03-13,INFY.NS,LT.NS,0.32105775767682243
2024-03-14,INFY.NS,LT.NS,0.31939703054349855
2024-03-15,INFY.NS,LT.NS,0.3314868747333107
2024-03-18,INFY.NS,LT.NS,0.3192424244250443
2024-03-19,INFY.NS,LT.NS,0.3241647649232307
2024-03-20,INFY.NS,LT.NS,0.32347346393038373
2024-03-21,INFY.NS,LT.NS,0.309491945739222
2024-03-22,INFY.NS,LT.NS,0.2733856427793353
2024-03-26,INFY.NS,LT.NS,0.251267686786497
2024-03-27,INFY.NS,LT.NS,0.24687689968627066
2024-03-28,INFY.NS,LT.NS,0.25564435166353844
2024-04-01,INFY.NS,LT.NS,0.25223571939791134
2024-04-02,INFY.NS,LT.NS,0.24482521885816988
2024-04-03,INFY.NS,LT.NS,0.24933779457741995
2024-04-04,INFY.NS,LT.NS,0.24815750049276444
2024-04-05,INFY.NS,LT.NS,0.23972746268349313
2024-04-08,INFY.NS,LT.NS,0.2343116251795397
2024-04-09,INFY.NS,LT.NS,0.22398645546083404
2024-04-10,INFY.NS,LT.NS,0.21646639469311632
2024-04-12,INFY.NS,LT.NS,0.22109204205064417
2024-04-15,INFY.NS,LT.NS,0.18741739667673707
2024-04-16,INFY.NS,LT.NS,0.24329078066286655
2024-04-18,INFY.NS,LT.NS,0.2527997484344187
2024-04-19,INFY.NS,LT.NS,0.25571952897085176
2024-04-22,INFY.NS,LT.NS,0.2820509766209197
2024-04-23,INFY.NS,LT.NS,0.2704346560138404
2024-04-24,INFY.NS,LT.NS,0.25575823281657695
2024-04-25,INFY.NS,LT.NS,0.2460188715711671
2024-04-26,INFY.NS,LT.NS,0.248227043653067
2024-04-29,INFY.NS,LT.NS,0.2739738236161253
2024-04-30,INFY.NS,LT.NS,0.28161749202718633
2024-05-02,INFY.NS,LT.NS,0.33473561723967293
2024-05-03,INFY.NS,LT.NS,0.32195026520524017
2024-05-06,INFY.NS,LT.NS,0.33735514746394124
2024-05-07,INFY.NS,LT.NS,0.31939957958507803
2024-05-08,INFY.NS,LT.NS,0.2593011083843252
2024-05-09,INFY.NS,LT.NS,0.155926591738046
2024-05-10,INFY.NS,LT.NS,0.16008718690299312
2024-05-13,INFY.NS,LT.NS,0.1590433874646444
2024-05-14,INFY.NS,LT.NS,0.1712559546664924
2024-05-15,INFY.NS,LT.NS,0.1679658212729969
2024-05-16,INFY.NS,LT.NS,0.18801679297843638
2024-05-17,INFY.NS,LT.NS,0.1924425967838889
2024-05-21,INFY.NS,LT.NS,0.16097759631256953
2024-05-22,INFY.NS,LT.NS,0.16871726647168483
2024-05-23,INFY.NS,LT.NS,0.20559664039466988
2024-05-24,INFY.NS,LT.NS,0.181886153329131
2024-05-27,INFY.NS,LT.NS,0.16067412082456614
2024-05-28,INFY.NS,LT.NS,0.16107485227118712
2024-05-29,INFY.NS,LT.NS,0.18531166538321842
2024-05-30,INFY.NS,LT.NS,0.18106398204573163
2024-05-31,INFY.NS,LT.NS,0.19427144672555985
2024-06-03,INFY.NS,LT.NS,0.1839030836586467
2024-06-04,INFY.NS,LT.NS,0.21340154292503336
2024-06-05,INFY.NS,LT.NS,0.21017342131265884
2024-06-06,INFY.NS,LT.NS,0.23179587850865888
2024-06-07,INFY.NS,LT.NS,0.24067109037619608
2024-06-10,INFY.NS,LT.NS,0.2323669312857448
2024-06-11,INFY.NS,LT.NS,0.22670356060103156
2024-06-12,INFY.NS,LT.NS,0.22655511122296715
2024-06-13,INFY.NS,LT.NS,0.23328827583194334
2024-06-14,INFY.NS,LT.NS,0.21616312705461505
2024-06-18,INFY.NS,LT.NS,0.2064910197987186
2024-06-19,INFY.NS,LT.NS,0.19864899304821498
2024-06-20,INFY.NS,LT.NS,0.18294933139581648
2024-06-21,INFY.NS,LT.NS,0.17082124681316166
2024-06-24,INFY.NS,LT.NS,0.17168811591003538
2024-06-25,INFY.NS,LT.NS,0.214636390965324
2024-06-26,INFY.NS,LT.NS,0.22591648295461372
2024-06-27,INFY.NS,LT.NS,0.21345651061621387
2024-06-28,INFY.NS,LT.NS,0.2084383041508159
2024-07-01,INFY.NS,LT.NS,0.2067490519932847
2024-07-02,INFY.NS,LT.NS,0.22594654467314945
2024-07-03,INFY.NS,LT.NS,0.22463723037861053
2024-07-04,INFY.NS,LT.NS,0.21484724293892288
2024-07-05,INFY.NS,LT.NS,0.2060183841427662
2024-07-08,INFY.NS,LT.NS,0.2109919902634911
2024-07-09,INFY.NS,LT.NS,0.21215995914264194
2024-07-10,INFY.NS,LT.NS,0.21663331871776714
2024-07-11,INFY.NS,LT.NS,0.2020568790211103
2024-07-12,INFY.NS,LT.NS,0.19120857487131143
2024-07-15,INFY.NS,LT.NS,0.16926731232576034
2024-07-16,INFY.NS,LT.NS,0.1664758766327438
2024-07-18,INFY.NS,LT.NS,0.163721971222015
2024-07-19,INFY.NS,LT.NS,0.1368855091956632
2024-07-22,INFY.NS,LT.NS,0.139614027407839
2024-07-23,INFY.NS,LT.NS,0.12473153717805886
2024-07-24,INFY.NS,LT.NS,0.12604194984299952
2024-07-25,INFY.NS,LT.NS,0.10227580561515659
2024-07-26,INFY.NS,LT.NS,0.12150503280964581
2024-07-29,INFY.NS,LT.NS,0.099302665821497
2024-07-30,INFY.NS,LT.NS,0.09970754963871602
2024-07-31,INFY.NS,LT.NS,0.09077460226122308
2024-08-01,INFY.NS,LT.NS,0.09949301755656408
2024-08-02,INFY.NS,LT.NS,0.13641596431805159
2024-08-05,INFY.NS,LT.NS,0.21460045890168994
2024-08-06,INFY.NS,LT.NS,0.23910109296478615
2024-08-07,INFY.NS,LT.NS,0.2491898850736313
2024-08-08,INFY.NS,LT.NS,0.27687052029274983
2024-08-09,INFY.NS,LT.NS,0.28660163250308374
2024-08-12,INFY.NS,LT.NS,0.2853671468671703
2024-08-13,INFY.NS,LT.NS,0.2785213563871777
2024-08-14,INFY.NS,LT.NS,0.27533002205050777
2024-08-16,INFY.NS,LT.NS,0.2762384781524083
2024-08-19,INFY.NS,LT.NS,0.2752822182650561
2024-08-20,INFY.NS,LT.NS,0.26764503532750594
2024-08-21,INFY.NS,LT.NS,0.27268389222082645
2024-08-22,INFY.NS,LT.NS,0.2728889656702423
2024-08-23,INFY.NS,LT.NS,0.27356129508253346
2024-08-26,INFY.NS,LT.NS,0.27220839588586954
2024-08-27,INFY.NS,LT.NS,0.2812134199287913
2024-08-28,INFY.NS,LT.NS,0.2755133742563436
2024-08-29,INFY.NS,LT.NS,0.3151433531219896
2024-08-30,INFY.NS,LT.NS,0.33912522625357683
2024-09-02,INFY.NS,LT.NS,0.3405241153056791
2024-09-03,INFY.NS,LT.NS,0.30668329850997833
2024-09-04,INFY.NS,LT.NS,0.2931937846192808
2024-09-05,INFY.NS,LT.NS,0.3079771960359318
2024-09-06,INFY.NS,LT.NS,0.3398500315994817
2024-09-09,INFY.NS,LT.NS,0.35076455227872844
2024-09-10,INFY.NS,LT.NS,0.3558412232932018
2024-09-11,INFY.NS,LT.NS,0.3578179705276766
2024-09-12,INFY.NS,LT.NS,0.381412920329555
2024-09-13,INFY.NS,LT.NS,0.40657100506825894
2024-09-16,INFY.NS,LT.NS,0.4046505609839016
2024-09-17,INFY.NS,LT.NS,0.41925516348778247
2024-09-18,INFY.NS,LT.NS,0.3670226188414157
2024-09-19,INFY.NS,LT.NS,0.36304584297606235
2024-09-20,INFY.NS,LT.NS,0.3575504510711339
2024-09-23,INFY.NS,LT.NS,0.38433844155110725
2024-09-24,INFY.NS,LT.NS,0.3820219060795711
2024-09-25,INFY.NS,LT.NS,0.39368969690294514
2024-09-26,INFY.NS,LT.NS,0.36916328864597575
2024-09-27,INFY.NS,LT.NS,0.3647002531431637
2024-09-30,INFY.NS,LT.NS,0.39039266667197803
2024-10-01,INFY.NS,LT.NS,0.3890596119524546
2024-10-03,INFY.NS,LT.NS,0.38815714627392195
2024-10-04,INFY.NS,LT.NS,0.39215607025017013
2024-10-07,INFY.NS,LT.NS,0.3864214855860873
2024-10-08,INFY.NS,LT.NS,0.3886563982715653
2024-10-09,INFY.NS,LT.NS,0.38432289128946656
2024-10-10,INFY.NS,LT.NS,0.38932816229209377
2024-10-11,INFY.NS,LT.NS,0.3962532462980075
2024-10-14,INFY.NS,LT.NS,0.403873677059222
2024-10-15,INFY.NS,LT.NS,0.42841328556915076
2024-10-16,INFY.NS,LT.NS,0.42364445020136987
2024-10-17,INFY.NS,LT.NS,0.48869215589208
2024-10-18,INFY.NS,LT.NS,0.4387914844006382
2024-10-21,INFY.NS,LT.NS,0.46053838392445795
2024-10-22,INFY.NS,LT.NS,0.4327110729537869
2024-10-23,INFY.NS,LT.NS,0.43430671391610487
2024-10-24,INFY.NS,LT.NS,0.43412961537408623
2024-10-25,INFY.NS,LT.NS,0.42319157565136484
2024-10-28,INFY.NS,LT.NS,0.42032107071803887
2024-10-29,INFY.NS,LT.NS,0.3905539075673995
2024-10-30,INFY.NS,LT.NS,0.27875551466910253
2024-10-31,INFY.NS,LT.NS,0.10325913933274593
2024-11-01,INFY.NS,LT.NS,0.0741973640281549
2024-11-04,INFY.NS,LT.NS,0.02029326219482396
2024-11-05,INFY.NS,LT.NS,0.005821565286280139
2024-11-06,INFY.NS,LT.NS,0.07552480734879338
2024-11-07,INFY.NS,LT.NS,0.0751528515532745
2024-11-08,INFY.NS,LT.NS,0.08168151678806035
2024-11-11,INFY.NS,LT.NS,0.06037674219956501
2024-11-12,INFY.NS,LT.NS,0.05726224781986113
2024-11-13,INFY.NS,LT.NS,0.056077936345444515
2024-11-14,INFY.NS,LT.NS,0.05717873999288626
2024-11-18,INFY.NS,LT.NS,0.04370959024442265
2024-11-19,INFY.NS,LT.NS,0.03627816697518579
2024-11-21,INFY.NS,LT.NS,0.02656258647341744
2024-11-22,INFY.NS,LT.NS,0.10275697475284228
2024-11-25,INFY.NS,LT.NS,0.08462140426625485
2024-11-26,INFY.NS,LT.NS,0.06558991694948303
2024-11-27,INFY.NS,LT.NS,0.06373063204930814
2024-11-28,INFY.NS,LT.NS,0.08585611578808695
2024-11-29,INFY.NS,LT.NS,0.08811144205620733
2024-12-02,INFY.NS,LT.NS,0.07667754880679746
2024-12-03,INFY.NS,LT.NS,0.08791661795728355
2024-12-04,INFY.NS,LT.NS,0.0736884879065258
2024-12-05,INFY.NS,LT.NS,0.08695608753544502
2024-12-06,INFY.NS,LT.NS,0.0813226642776012
2024-12-09,INFY.NS,LT.NS,0.07974195344057919
2024-12-10,INFY.NS,LT.NS,0.04464587034676597
2024-12-11,INFY.NS,LT.NS,0.04088317476808716
2024-12-12,INFY.NS,LT.NS,0.032571826401284504
2024-12-13,INFY.NS,LT.NS,0.034539960347049134
2024-12-16,INFY.NS,LT.NS,0.05666171173607677
2024-12-17,INFY.NS,LT.NS,0.05990495817537632
2024-12-18,INFY.NS,LT.NS,0.05057316385270149
2024-12-19,INFY.NS,LT.NS,0.062306213655431146
2024-12-20,INFY.NS,LT.NS,0.0805422228870941
2024-12-23,INFY.NS,LT.NS,0.08084023865441432
2024-12-24,INFY.NS,LT.NS,0.08175916970522086
2024-12-26,INFY.NS,LT.NS,0.08551500417259802
2024-12-27,INFY.NS,LT.NS,0.075761488612306
2024-12-30,INFY.NS,LT.NS,0.08529530511203819
2024-12-31,INFY.NS,LT.NS,0.06377243129053191
2025-01-01,INFY.NS,LT.NS,0.06673368827258135
2025-01-02,INFY.NS,LT.NS,0.0983250114473506
2025-01-03,INFY.NS,LT.NS,0.10064998942908053
2025-01-06,INFY.NS,LT.NS,0.10288804724065852
2025-01-07,INFY.NS,LT.NS,0.09096779774138852
2025-01-08,INFY.NS,LT.NS,0.08688691570102625
2025-01-09,INFY.NS,LT.NS,0.0812671036207435
2025-01-10,INFY.NS,LT.NS,0.08340330152882094
2025-01-13,INFY.NS,LT.NS,0.08016828670454736
2025-01-14,INFY.NS,LT.NS,0.06368948396001019
2025-01-15,INFY.NS,LT.NS,0.08026081158106106
2025-01-16,INFY.NS,LT.NS,0.08145133529893589
2025-01-17,INFY.NS,LT.NS,0.0047375762342267945
2025-01-20,INFY.NS,LT.NS,0.017342425565698424
2025-01-21,INFY.NS,LT.NS,0.022353279477558427
2025-01-22,INFY.NS,LT.NS,0.006148464865054625
2025-01-23,INFY.NS,LT.NS,0.004262007022791168
2025-01-24,INFY.NS,LT.NS,0.002165158629320556
2025-01-27,INFY.NS,LT.NS,0.013492446348283721
2025-01-28,INFY.NS,LT.NS,0.1363317813545139
2025-01-29,INFY.NS,LT.NS,0.1554055311018713
2025-01-30,INFY.NS,LT.NS,0.16325708616365844
2025-01-31,INFY.NS,LT.NS,0.17860096260323727
2025-02-01,INFY.NS,LT.NS,0.1629352434886632
2025-02-03,INFY.NS,LT.NS,0.1360598130841738
2025-02-04,INFY.NS,LT.NS,0.17431516397965352
2025-02-05,INFY.NS,LT.NS,0.18357591178525492
2025-02-06,INFY.NS,LT.NS,0.18114899282083405
2025-02-07,INFY.NS,LT.NS,0.1825449270544624
2025-02-10,INFY.NS,LT.NS,0.18226733783587304
2025-02-11,INFY.NS,LT.NS,0.19838693494970913
2025-02-12,INFY.NS,LT.NS,0.19371847327347658
2025-02-13,INFY.NS,LT.NS,0.19921227029042887
2025-02-14,INFY.NS,LT.NS,0.1256704164913355
2025-02-17,INFY.NS,LT.NS,0.1539005700158334
2025-02-18,INFY.NS,LT.NS,0.1716891346254562
2025-02-19,INFY.NS,LT.NS,0.13807182741382168
2025-02-20,INFY.NS,LT.NS,0.1278562061789571
2025-02-21,INFY.NS,LT.NS,0.12185379426177644
2025-02-24,INFY.NS,LT.NS,0.150931815486096
2025-02-25,INFY.NS,LT.NS,0.13918718584407672
2025-02-27,INFY.NS,LT.NS,0.13948325038201162
2025-02-28,INFY.NS,LT.NS,0.14267532581700013
2025-03-03,INFY.NS,LT.NS,0.15866203058987025
2025-03-04,INFY.NS,LT.NS,0.15115396814851803
2025-03-05,INFY.NS,LT.NS,0.16587574466389027
2025-03-06,INFY.NS,LT.NS,0.16810923497297356
2025-03-07,INFY.NS,LT.NS,0.17713634716742524
2025-03-10,INFY.NS,LT.NS,0.15511809357990583
2025-03-11,INFY.NS,LT.NS,0.14091681929843192
2025-03-12,INFY.NS,LT.NS,0.13058708027539662
2025-03-13,INFY.NS,LT.NS,0.134144495847511
2025-03-17,INFY.NS,LT.NS,0.1262460199414534
2025-03-18,INFY.NS,LT.NS,0.11613773131393847
2025-03-19,INFY.NS,LT.NS,0.10883735542728176
2025-03-20,INFY.NS,LT.NS,0.12130056597402655
2025-03-21,INFY.NS,LT.NS,0.10550137151436685
2025-03-24,INFY.NS,LT.NS,0.11045568176291842
2025-03-25,INFY.NS,LT.NS,0.10284189848739508
2025-03-26,INFY.NS,LT.NS,0.11401191109558535
2025-03-27,INFY.NS,LT.NS,0.11519047597484786
2025-03-28,INFY.NS,LT.NS,0.08825622704074337
2025-04-01,INFY.NS,LT.NS,0.1036823223268136
2025-04-02,INFY.NS,LT.NS,0.1013690398028996
2025-04-03,INFY.NS,LT.NS,0.09736461365936931
2025-04-04,INFY.NS,LT.NS,0.1572219020792103
2025-04-07,INFY.NS,LT.NS,0.2307353483414145
2025-04-08,INFY.NS,LT.NS,0.2632249469676906
2025-04-09,INFY.NS,LT.NS,0.279321961799721
2025-04-11,INFY.NS,LT.NS,0.28597018175568883
2025-04-15,INFY.NS,LT.NS,0.3023403583300302
2025-04-16,INFY.NS,LT.NS,0.3043472849604367
2025-04-17,INFY.NS,LT.NS,0.3820465561600992
2025-04-21,INFY.NS,LT.NS,0.3875271763386294
2025-04-22,INFY.NS,LT.NS,0.3882409201716537
2025-04-23,INFY.NS,LT.NS,0.41785995428656647
2025-04-24,INFY.NS,LT.NS,0.42017388177757004
2025-04-25,INFY.NS,LT.NS,0.42231765851258385
2025-04-28,INFY.NS,LT.NS,0.4311764365004048
2025-04-29,INFY.NS,LT.NS,0.4344874576240063
2025-04-30,INFY.NS,LT.NS,0.4324201952525726
2025-05-02,INFY.NS,LT.NS,0.4292632553553665
2025-05-05,INFY.NS,LT.NS,0.41757223886238326
2025-05-06,INFY.NS,LT.NS,0.40945804885172715
2025-05-07,INFY.NS,LT.NS,0.4558582394332498
2025-05-08,INFY.NS,LT.NS,0.4284941986803564
2025-05-09,INFY.NS,LT.NS,0.42162086849867486
2025-05-12,INFY.NS,LT.NS,0.5024916567462685
2025-05-13,INFY.NS,LT.NS,0.5002441037203139
2025-05-14,INFY.NS,LT.NS,0.4966952183345623
2025-05-15,INFY.NS,LT.NS,0.5104043467945276
2025-05-16,INFY.NS,LT.NS,0.5167876120375186
2025-05-19,INFY.NS,LT.NS,0.5144116286115804
2025-05-20,INFY.NS,LT.NS,0.5178208945214022
2025-05-21,INFY.NS,LT.NS,0.5177288005861567
2025-05-22,INFY.NS,LT.NS,0.5221198373953693
2025-05-23,INFY.NS,LT.NS,0.5470167986305318
2025-05-26,INFY.NS,LT.NS,0.5520187231895011
2025-05-27,INFY.NS,LT.NS,0.5555221074074864
2025-05-28,INFY.NS,LT.NS,0.5452744034193397
2025-05-29,INFY.NS,LT.NS,0.5484170987618691
2025-05-30,INFY.NS,LT.NS,0.5490948601712291
2025-06-02,INFY.NS,LT.NS,0.5403281330424918
2025-06-03,INFY.NS,LT.NS,0.5384528348963402
2025-06-04,INFY.NS,LT.NS,0.5376096137103731
2025-06-05,INFY.NS,LT.NS,0.5365825016840239
2025-06-06,INFY.NS,LT.NS,0.5361078124575629
2025-06-09,INFY.NS,LT.NS,0.5349691307889939
2025-06-10,INFY.NS,LT.NS,0.5507344416862927
2025-06-11,INFY.NS,LT.NS,0.553150887722954
2025-06-12,INFY.NS,LT.NS,0.5773057018686552
2025-06-13,INFY.NS,LT.NS,0.5773629103878171
2025-06-16,INFY.NS,LT.NS,0.5829113583889813
2025-06-17,INFY.NS,LT.NS,0.5794383930465893
2025-06-18,INFY.NS,LT.NS,0.6197679844981627
2025-06-19,INFY.NS,LT.NS,0.6145245189253296
2025-06-20,INFY.NS,LT.NS,0.637651379587104
2025-06-23,INFY.NS,LT.NS,0.6549820496739112
2025-06-24,INFY.NS,LT.NS,0.6678199330723972
2025-06-25,INFY.NS,LT.NS,0.6626632422718326
2025-06-26,INFY.NS,LT.NS,0.6638572507186933
2025-06-27,INFY.NS,LT.NS,0.6650874608656776
2025-06-30,INFY.NS,LT.NS,0.6578920118526096
2025-07-01,INFY.NS,LT.NS,0.6671587945140012
2025-07-02,INFY.NS,LT.NS,0.6792344081593937
2025-07-03,INFY.NS,LT.NS,0.6521663729304478
2025-07-04,INFY.NS,LT.NS,0.5995395921821609
2025-07-07,INFY.NS,LT.NS,0.5864023867516154
2025-07-08,INFY.NS,LT.NS,0.5726172471884124
2025-07-09,INFY.NS,LT.NS,0.5821945411358396
2025-07-10,INFY.NS,LT.NS,0.6205923251213322
2025-07-11,INFY.NS,LT.NS,0.6228747954095547
2025-07-14,INFY.NS,LT.NS,0.6320842935792292
2025-07-15,INFY.NS,LT.NS,0.6235370415542443
2025-07-16,INFY.NS,LT.NS,0.6171872462867743
2025-07-17,INFY.NS,LT.NS,0.6138966235239036
2025-07-18,INFY.NS,LT.NS,0.613173554470588
2025-07-21,INFY.NS,LT.NS,0.6153857208809776
2025-07-22,INFY.NS,LT.NS,0.6308549040954451
2025-07-23,INFY.NS,LT.NS,0.6349460603363631
2025-07-24,INFY.NS,LT.NS,0.6347193325376572
2025-07-25,INFY.NS,LT.NS,0.6445319662293519
2025-07-28,INFY.NS,LT.NS,0.6429095495698639
2025-07-29,INFY.NS,LT.NS,0.619480425284733
2025-07-30,INFY.NS,LT.NS,0.553677450801168
2025-07-31,INFY.NS,LT.NS,0.5560892810670132
2025-08-01,INFY.NS,LT.NS,0.6172578976686435
2025-08-04,INFY.NS,LT.NS,0.48615254832891935
2025-08-05,INFY.NS,LT.NS,0.48070841420363825
2025-08-06,INFY.NS,LT.NS,0.49286839835113955
2025-08-07,INFY.NS,LT.NS,0.48030142429322253
2025-08-08,INFY.NS,LT.NS,0.48479341468970993
2025-08-11,INFY.NS,LT.NS,0.4934413644219924
2025-08-12,INFY.NS,LT.NS,0.4974866319192552
2025-08-13,INFY.NS,LT.NS,0.495296004190414
2025-08-14,INFY.NS,LT.NS,0.46247548481955536
2025-08-18,INFY.NS,LT.NS,0.45602087781875317
2025-08-19,INFY.NS,LT.NS,0.43795082291818344
2025-08-20,INFY.NS,LT.NS,0.3593637599825769
2025-08-21,INFY.NS,LT.NS,0.35877780147290295
2025-08-22,INFY.NS,LT.NS,0.35992029533028463
2025-08-25,INFY.NS,LT.NS,0.34956534389408
2025-08-26,INFY.NS,LT.NS,0.3471153059418865
2025-08-28,INFY.NS,LT.NS,0.32709092565758147
2025-08-29,INFY.NS,LT.NS,0.2941669520017431
2025-09-01,INFY.NS,LT.NS,0.2851663338974545
2025-09-02,INFY.NS,LT.NS,0.28211820454254355
2025-09-03,INFY.NS,LT.NS,0.2644243983594067
2025-09-04,INFY.NS,LT.NS,0.2676411198162453
2025-09-05,INFY.NS,LT.NS,0.2803858418270401
2025-09-08,INFY.NS,LT.NS,0.2634563966655198
2025-09-09,INFY.NS,LT.NS,0.22596540389099096
2025-09-10,INFY.NS,LT.NS,0.22284566916324167
2025-09-11,INFY.NS,LT.NS,0.2277684331832413
2025-09-12,INFY.NS,LT.NS,0.23759073088867538
2025-09-15,INFY.NS,LT.NS,0.24024422739048512
2025-09-16,INFY.NS,LT.NS,0.2364055665094146
2025-09-17,INFY.NS,LT.NS,0.19734891506299648
2025-09-18,INFY.NS,LT.NS,0.19668055237220425
2025-09-19,INFY.NS,LT.NS,0.191366477963889
2025-09-22,INFY.NS,LT.NS,0.20886706288734938
2025-09-23,INFY.NS,LT.NS,0.21141855179188299
2025-09-24,INFY.NS,LT.NS,0.2100717560670617
2025-09-25,INFY.NS,LT.NS,0.21414951363445395
2025-09-26,INFY.NS,LT.NS,0.15970590503629278
2025-09-29,INFY.NS,LT.NS,0.16571306468308034
2025-09-30,INFY.NS,LT.NS,0.16020684551994144
2025-10-01,INFY.NS,LT.NS,0.1590085066901061
2025-10-03,INFY.NS,LT.NS,0.15513642837910305
2025-10-06,INFY.NS,LT.NS,0.15254932582960462
2025-10-07,INFY.NS,LT.NS,0.15320482508281139
2025-10-08,INFY.NS,LT.NS,0.1366279239449687
2025-10-09,INFY.NS,LT.NS,0.12745939762515368
2025-10-10,INFY.NS,LT.NS,0.13101692909032167
2025-10-13,INFY.NS,LT.NS,0.13588350307118965
2025-10-14,INFY.NS,LT.NS,0.12380640741383327
2025-10-15,INFY.NS,LT.NS,0.10114190508323712
2025-10-16,INFY.NS,LT.NS,0.10081365959153711
2025-10-17,INFY.NS,LT.NS,0.10578396676895248
2025-10-20,INFY.NS,LT.NS,0.11354374158036212
2025-10-21,INFY.NS,LT.NS,0.11070086797923437
2025-10-23,INFY.NS,LT.NS,0.1020336795749239
2025-10-24,INFY.NS,LT.NS,0.10349897336694494
2025-10-27,INFY.NS,LT.NS,0.10992428431479566
2025-10-28,INFY.NS,LT.NS,0.10898022894116159
2025-10-29,INFY.NS,LT.NS,0.09804409185714807
2025-10-30,INFY.NS,LT.NS,0.04325845327173005
2025-10-31,INFY.NS,LT.NS,0.024945954883712887
2025-11-03,INFY.NS,LT.NS,0.029313460919462724
2025-11-04,INFY.NS,LT.NS,0.036134018491345496
2025-11-06,INFY.NS,LT.NS,0.03803536470977535
2025-11-07,INFY.NS,LT.NS,0.024406604007385764
2025-11-10,INFY.NS,LT.NS,0.0430696581766143
2025-11-11,INFY.NS,LT.NS,0.05413608170665748
2025-11-12,INFY.NS,LT.NS,0.05190936003932371
2025-11-13,INFY.NS,LT.NS,0.05058431467301046
2025-11-14,INFY.NS,LT.NS,0.039118415116775815
2025-11-17,INFY.NS,LT.NS,0.041984449873827434
2025-11-18,INFY.NS,LT.NS,0.09638108694134981
2025-11-19,INFY.NS,LT.NS,0.10599905697644832
2025-11-20,INFY.NS,LT.NS,0.09996935253494049
2025-11-21,INFY.NS,LT.NS,0.09928509780693738
2025-11-24,INFY.NS,LT.NS,0.09691535306589211
2025-11-25,INFY.NS,LT.NS,0.11534361804381693
2025-11-26,INFY.NS,LT.NS,0.17134409315920235
2025-11-27,INFY.NS,LT.NS,0.18201299301419616
2025-11-28,INFY.NS,LT.NS,0.1844756258879445
2025-12-01,INFY.NS,LT.NS,0.19574210919954224
2025-12-02,INFY.NS,LT.NS,0.1922968526241801
2025-12-03,INFY.NS,LT.NS,0.15351920896944443
2025-12-04,INFY.NS,LT.NS,0.13889266619905682
2025-12-05,INFY.NS,LT.NS,0.1908358286272598
2025-12-08,INFY.NS,LT.NS,0.1868108534298453
2025-12-09,INFY.NS,LT.NS,0.17966943389993761
2025-12-10,INFY.NS,LT.NS,0.1732945092906219
2025-12-11,INFY.NS,LT.NS,0.1753709854253308
2025-12-12,INFY.NS,LT.NS,0.17434864443573897
2025-12-15,INFY.NS,LT.NS,0.17344753532126586
2025-12-16,INFY.NS,LT.NS,0.18740440731861344
2025-12-17,INFY.NS,LT.NS,0.1852876336008828
2025-12-18,INFY.NS,LT.NS,0.12745944304928875
2025-12-19,INFY.NS,LT.NS,0.1345465415604343
2025-12-22,INFY.NS,LT.NS,0.12188367439371404
2025-12-23,INFY.NS,LT.NS,0.12044401562357485
2025-12-24,INFY.NS,LT.NS,0.22645852145738254
2025-12-26,INFY.NS,LT.NS,0.21891623261960927
2025-12-29,INFY.NS,LT.NS,0.22195314048973055
2025-12-30,INFY.NS,LT.NS,0.21456176253815548
2025-12-31,INFY.NS,LT.NS,0.2182059761769182
2026-01-01,INFY.NS,LT.NS,0.23250061946644876
2026-01-02,INFY.NS,LT.NS,0.2286134917418863
2026-01-05,INFY.NS,LT.NS,0.2538162984572756
2026-01-06,INFY.NS,LT.NS,0.2432639990122939
2026-01-07,INFY.NS,LT.NS,0.2455334191206461
2026-01-08,INFY.NS,LT.NS,0.2870295837045838
2026-01-09,INFY.NS,LT.NS,0.2848528761050191
2026-01-12,INFY.NS,LT.NS,0.3449126868232279
2026-01-13,INFY.NS,LT.NS,0.3122458095012034
2026-01-14,INFY.NS,LT.NS,0.3026718660855124
2026-01-15,INFY.NS,LT.NS,0.29240071926005623
2026-01-16,INFY.NS,LT.NS,0.23596019467574
2026-01-19,INFY.NS,LT.NS,0.2083183062215604
2026-01-20,INFY.NS,LT.NS,0.2300658487328937
2026-01-21,INFY.NS,LT.NS,0.23439703824243627
2026-01-22,INFY.NS,LT.NS,0.24867467279964028
2026-01-23,INFY.NS,LT.NS,0.24330342528937557
2026-01-27,INFY.NS,LT.NS,0.26502027895843794
2026-01-28,INFY.NS,LT.NS,0.2787984755666912
2026-01-29,INFY.NS,LT.NS,0.22448727887068298
2026-01-30,INFY.NS,LT.NS,0.20522413345765944
2026-02-02,INFY.NS,LT.NS,0.20593504996218362
2026-02-03,INFY.NS,LT.NS,0.23892257218890647
2026-02-04,INFY.NS,LT.NS,0.10347271709064208
2026-02-05,INFY.NS,LT.NS,0.10118632742296753
2026-02-06,INFY.NS,LT.NS,0.10189439648026692
2026-02-09,INFY.NS,LT.NS,0.10236569643077599
2026-02-10,INFY.NS,LT.NS,0.10358828835120738
2026-02-11,INFY.NS,LT.NS,0.10180787747054017
2026-02-12,INFY.NS,LT.NS,0.06961881391187605
2026-02-13,INFY.NS,LT.NS,0.06135770840382061
2026-02-16,INFY.NS,LT.NS,0.06126990192544821
2026-02-17,INFY.NS,LT.NS,0.09307143372908715
2026-02-18,INFY.NS,LT.NS,0.08476096450310616
2026-02-19,INFY.NS,LT.NS,0.08060334252477097
2026-02-20,INFY.NS,LT.NS,0.03497305307350402
2026-02-23,INFY.NS,LT.NS,0.02248760294970349
2026-02-24,INFY.NS,LT.NS,0.11990783419905915
2026-02-25,INFY.NS,LT.NS,0.12786558195319594
2026-02-26,INFY.NS,LT.NS,0.12896188463726002
2026-02-27,INFY.NS,LT.NS,0.14004806487863367
2026-03-02,INFY.NS,LT.NS,0.14490330295626683
2026-03-04,INFY.NS,LT.NS,0.07185970017088177
2026-03-05,INFY.NS,LT.NS,0.07320311799877982
2026-03-06,INFY.NS,LT.NS,0.06533686124884983
2026-03-09,INFY.NS,LT.NS,0.051046754499458016
2026-03-10,INFY.NS,LT.NS,0.04252527630869259
2026-03-11,INFY.NS,LT.NS,0.04484875169900568
2026-03-12,INFY.NS,LT.NS,0.04845460601693977
2026-03-13,INFY.NS,LT.NS,0.07629681538392202
2026-03-16,INFY.NS,LT.NS,0.07801568276270408
2026-03-17,INFY.NS,LT.NS,0.07253383195997998
2026-03-18,INFY.NS,LT.NS,0.09400525514826967
2026-03-19,INFY.NS,LT.NS,0.15312845067248984
2026-03-20,INFY.NS,LT.NS,0.15274415320738452
2026-03-23,INFY.NS,LT.NS,0.1453859115042442
2026-03-24,INFY.NS,LT.NS,0.18360573576064468
2026-03-25,INFY.NS,LT.NS,0.18607260365678263
2026-03-27,INFY.NS,LT.NS,0.18998034656140417
2026-03-30,INFY.NS,LT.NS,0.19536588002089317
2026-04-01,INFY.NS,LT.NS,0.21237940624564874
2026-04-02,INFY.NS,LT.NS,0.21060499640752772
2026-04-06,INFY.NS,LT.NS,0.21682899465172265
2026-04-07,INFY.NS,LT.NS,0.21364124909431442
2026-04-08,INFY.NS,LT.NS,0.21613419863567926
2026-04-09,INFY.NS,LT.NS,0.21116209627601468
2026-04-10,INFY.NS,LT.NS,0.1929637402626998
2026-04-13,INFY.NS,LT.NS,0.19291408063229498
2026-04-15,INFY.NS,LT.NS,0.2224718854240403
2026-04-16,INFY.NS,LT.NS,0.2266148511772229
2026-04-17,INFY.NS,LT.NS,0.2259987778317206
2026-04-20,INFY.NS,LT.NS,0.2532843353913848
2026-04-21,INFY.NS,LT.NS,0.25397212644210193
2026-04-22,INFY.NS,LT.NS,0.25912007961206496
2026-04-23,INFY.NS,LT.NS,0.2542026962043866
2026-04-24,INFY.NS,LT.NS,0.25384694876823205
2026-04-27,INFY.NS,LT.NS,0.26285257102794435
2026-04-28,INFY.NS,LT.NS,0.2609250019049942
2026-04-29,INFY.NS,LT.NS,0.26647266484944
2026-04-30,INFY.NS,LT.NS,0.2541179828314723
2026-05-01,INFY.NS,LT.NS,0.25388325442996335
2026-05-04,INFY.NS,LT.NS,0.2481420711607932
2026-05-05,INFY.NS,LT.NS,0.2261897376873382
2026-05-06,INFY.NS,LT.NS,0.2794273380768458
2026-05-07,INFY.NS,LT.NS,0.27857515609657185
2026-05-08,INFY.NS,LT.NS,0.26841035992964724
2026-05-11,INFY.NS,LT.NS,0.26914358915586467
2026-05-12,INFY.NS,LT.NS,0.2810053476472356
2026-05-13,INFY.NS,LT.NS,0.27489761817433717
2026-05-14,INFY.NS,LT.NS,0.2953283204409769
2026-05-15,INFY.NS,LT.NS,0.28365695912613054
2026-05-18,INFY.NS,LT.NS,0.282345567080488
2026-05-19,INFY.NS,LT.NS,0.2594559813624897
2026-05-20,INFY.NS,LT.NS,0.2648330435870166
2026-05-21,INFY.NS,LT.NS,0.26294905366608545
2026-05-22,INFY.NS,LT.NS,0.27282643210545654
2026-05-25,INFY.NS,LT.NS,0.2746259297097618
2026-05-26,INFY.NS,LT.NS,0.24079089954650598
2026-05-27,INFY.NS,LT.NS,0.2367963398487961
2026-05-28,INFY.NS,LT.NS,0.23689851777751925
2026-05-29,INFY.NS,LT.NS,0.23852079275091606
2026-06-01,INFY.NS,LT.NS,0.20372631080483358
2026-06-02,INFY.NS,LT.NS,0.2148595325760108
2026-06-03,INFY.NS,LT.NS,0.23097849669067774
2026-06-04,INFY.NS,LT.NS,0.23577488134449523
2026-06-05,INFY.NS,LT.NS,0.2450894864868858
2026-06-08,INFY.NS,LT.NS,0.2531973891193015
2026-06-09,INFY.NS,LT.NS,0.2482652179549646
2026-06-10,INFY.NS,LT.NS,0.24335992102705806
2026-06-11,INFY.NS,LT.NS,0.24641153942774593
2026-06-12,INFY.NS,LT.NS,0.24066711254496387
2026-06-15,INFY.NS,LT.NS,0.2645884780700734
2026-06-16,INFY.NS,LT.NS,0.2528387970769955
2026-06-17,INFY.NS,LT.NS,0.19719761328143215
2026-06-18,INFY.NS,LT.NS,0.2107246062713011
2026-06-19,INFY.NS,LT.NS,0.2000259351407124
2026-06-22,INFY.NS,LT.NS,0.1687689640601779
2026-06-23,INFY.NS,LT.NS,0.17693580353810198
2026-06-24,INFY.NS,LT.NS,0.1699085962278053
2026-06-25,INFY.NS,LT.NS,0.15822408387565629
2026-06-26,INFY.NS,LT.NS,0.13594452979773713
2026-06-29,INFY.NS,LT.NS,0.13834060790861727
2026-06-30,INFY.NS,LT.NS,0.1402498368634238
2026-07-01,INFY.NS,LT.NS,0.1523578605429779
2026-07-02,INFY.NS,LT.NS,0.11169308945207101
2026-07-03,INFY.NS,LT.NS,0.09984681065489155
2026-07-06,INFY.NS,LT.NS,0.12447930308945816
2026-07-07,INFY.NS,LT.NS,0.09972723044612797
2026-07-08,INFY.NS,LT.NS,0.05959605394244384
2026-07-09,INFY.NS,LT.NS,0.05215779474970088
2026-07-10,INFY.NS,LT.NS,0.06898320921779505
2026-07-13,INFY.NS,LT.NS,0.05921898336279499
2026-07-14,INFY.NS,LT.NS,0.06401162544019488
2026-07-15,INFY.NS,LT.NS,0.054241191438931545
2026-07-16,INFY.NS,LT.NS,0.06409829400055489
2026-07-17,INFY.NS,LT.NS,0.04180510701381986
2026-07-20,INFY.NS,LT.NS,0.030174340075005426
2026-07-21,INFY.NS,LT.NS,0.025496514214200048
2026-07-22,INFY.NS,LT.NS,0.02062400370433619
2026-07-23,INFY.NS,LT.NS,0.0377290540786754
2026-07-24,INFY.NS,LT.NS,0.03795636489937791
2026-07-27,INFY.NS,LT.NS,0.0661292058395711
2026-07-28,INFY.NS,LT.NS,0.08278335246204802
2026-07-29,INFY.NS,LT.NS,0.13889595055781642
2026-07-30,INFY.NS,LT.NS,0.13983250895304608
2026-07-31,INFY.NS,LT.NS,0.14939131736405029
2026-08-03,INFY.NS,LT.NS,0.19207472588677396
2026-08-04,INFY.NS,LT.NS,0.16547434484316736
2026-08-05,INFY.NS,LT.NS,0.182770389857521
2026-08-06,INFY.NS,LT.NS,0.1927537566219951
2026-08-07,INFY.NS,LT.NS,0.2037934300988309
2026-08-10,INFY.NS,LT.NS,0.20467045012778504
2026-08-11,INFY.NS,LT.NS,0.20666497928058394
2026-08-12,INFY.NS,LT.NS,0.20912138912645697
2026-08-13,INFY.NS,LT.NS,0.2096105876659514
2026-08-14,INFY.NS,LT.NS,0.21464912910454834
2026-08-17,INFY.NS,LT.NS,0.21859732983271357
2026-08-18,INFY.NS,LT.NS,0.22400476847108933
2026-08-19,INFY.NS,LT.NS,0.2231473159055545
2026-08-20,INFY.NS,LT.NS,0.2268451175214433
2026-08-21,INFY.NS,LT.NS,0.22550255112048237
2026-08-24,INFY.NS,LT.NS,0.26899040474076163
2026-08-25,INFY.NS,LT.NS,0.30000039555311525
2026-08-26,INFY.NS,LT.NS,0.2975510142271182
2026-08-27,INFY.NS,LT.NS,0.29685298368255364
2026-08-28,INFY.NS,LT.NS,0.3001691886042788
2026-08-31,INFY.NS,LT.NS,0.2969040002740654
2026-09-01,INFY.NS,LT.NS,0.2725874266473452
2026-09-02,INFY.NS,LT.NS,0.27460449320380126
2026-09-03,INFY.NS,LT.NS,0.2565101267972269
2026-09-04,INFY.NS,LT.NS,0.29548522943407696
2026-09-07,INFY.NS,LT.NS,0.24206461366585796
2026-09-08,INFY.NS,LT.NS,0.2407404160786602
2026-09-09,INFY.NS,LT.NS,0.24408522950002487
2026-09-10,INFY.NS,LT.NS,0.24091909633771186
2026-09-11,INFY.NS,LT.NS,0.29312888042749624
2026-09-14,INFY.NS,LT.NS,0.2951799442062671
2026-09-15,INFY.NS,LT.NS,0.2151928592581096
2026-09-16,INFY.NS,LT.NS,0.2242964460849948
2026-09-17,INFY.NS,LT.NS,0.23641708043023485
2026-09-18,INFY.NS,LT.NS,0.22426405639549554
2026-09-21,INFY.NS,LT.NS,0.21456618021429555
2026-09-22,INFY.NS,LT.NS,0.21338860957867556
2026-09-23,INFY.NS,LT.NS,0.1832922592445092
2026-09-24,INFY.NS,LT.NS,0.23896690175177007
2026-09-25,INFY.NS,LT.NS,0.2364507585450618
2026-09-28,INFY.NS,LT.NS,0.21811797556638532
2026-09-29,INFY.NS,LT.NS,0.24693410703219543
2026-09-30,INFY.NS,LT.NS,0.2450985756014309
2026-10-01,INFY.NS,LT.NS,0.17192138130552542
